PathFileType        4      (X/Y/Z)      Static.trc         
DataRate	CameraRate	NumFrames	NumMarkers	Units	OrigDataRate	OrigDataStartFrame	OrigNumFrames
100.0	100.0	267	37	mm	100.0	1	267
Frame#	Time	T2			T10			MANU			LASI			RASI			SACR			LTHI			LKAX			LKD1			LKD2			LKNE			LTIB			LANK			LMED			LHEE			LTOE			LD1M			LD5M			RTHI			RKAX			RKD1			RKD2			RKNE			RTIB			RANK			RMED			RHEE			RTOE			RD1M			RD5M			RHJC			LHJC			RKJC			LKJC			MASI			RAJC			LAJC			
		X1	Y1	Z1	X2	Y2	Z2	X3	Y3	Z3	X4	Y4	Z4	X5	Y5	Z5	X6	Y6	Z6	X7	Y7	Z7	X8	Y8	Z8	X9	Y9	Z9	X10	Y10	Z10	X11	Y11	Z11	X12	Y12	Z12	X13	Y13	Z13	X14	Y14	Z14	X15	Y15	Z15	X16	Y16	Z16	X17	Y17	Z17	X18	Y18	Z18	X19	Y19	Z19	X20	Y20	Z20	X21	Y21	Z21	X22	Y22	Z22	X23	Y23	Z23	X24	Y24	Z24	X25	Y25	Z25	X26	Y26	Z26	X27	Y27	Z27	X28	Y28	Z28	X29	Y29	Z29	X30	Y30	Z30	X31	Y31	Z31	X32	Y32	Z32	X33	Y33	Z33	X34	Y34	Z34	X35	Y35	Z35	X36	Y36	Z36	X37	Y37	Z37	
1	0.0	265.63292	1100.74236	-12.78797	280.26912	916.00635	-7.89689	378.36803	1083.66214	-0.85192	435.38853	723.51413	-77.21287	433.30697	737.9571	95.5087	296.24152	768.10974	0.40316	394.19371	431.51446	-157.35347	389.24787	380.37908	-217.71489	480.31292	391.10276	-122.63739	411.0962	279.36991	-137.31412	389.43857	369.0485	-125.47181	319.11653	159.95324	-183.85877	294.29475	68.64098	-144.89768	315.32707	71.41315	-70.78037	246.08438	20.46377	-110.42558	421.78983	30.7023	-134.5575	416.76847	15.98777	-84.59434	381.41908	17.67817	-175.8287	403.45689	447.28925	167.065	408.03206	355.83285	226.94728	482.50594	413.21337	122.35367	454.77236	284.09863	120.9691	401.35185	361.4603	128.94282	307.95089	148.51247	155.87808	293.49049	62.10671	111.81429	321.65769	69.24697	39.18561	250.94913	19.30606	68.29414	423.64388	28.72421	108.10512	414.01264	13.99362	52.73838	384.01413	15.49506	147.47263	374.19005	687.30926	76.78519	375.73921	676.56038	-51.75922	398.12693	364.177	81.63036	389.535	363.31838	-78.82252	434.34775	730.73562	9.14792	305.12916	57.61734	75.33443	302.52336	62.1082	-108.62247	
2	0.01	265.54819	1100.7179	-12.63313	280.26003	915.96408	-7.78108	378.29933	1083.61687	-0.78103	435.3854	723.53457	-77.24642	433.33867	737.96434	95.46606	296.25922	768.06366	0.42197	394.20317	431.45209	-157.30992	389.36231	380.36508	-217.73021	480.35396	391.01747	-122.62746	411.1823	279.34212	-137.32466	389.51645	368.99883	-125.49757	319.14276	159.95796	-183.85327	294.30391	68.63939	-144.90359	315.32868	71.43051	-70.78079	246.0788	20.47389	-110.44237	421.78922	30.7092	-134.56822	416.77292	15.99655	-84.61057	381.41776	17.68585	-175.83772	403.50588	447.27758	167.05463	408.07735	355.82366	226.93353	482.55665	413.19547	122.34193	454.80453	284.09056	120.95331	401.39688	361.45649	128.93119	307.9612	148.51766	155.86805	293.49225	62.1207	111.80773	321.66502	69.23552	39.16331	250.93226	19.31978	68.28071	423.64522	28.73676	108.1003	414.00558	13.99459	52.73927	384.01851	15.51107	147.46918	374.24409	687.29533	76.7548	375.76734	676.5562	-51.78373	398.17176	364.17584	81.61889	389.5944	363.2503	-78.85051	434.36204	730.74946	9.10982	305.13262	57.61867	75.31992	302.52728	62.11814	-108.62496	
3	0.02	265.46566	1100.6914	-12.48187	280.24595	915.92363	-7.66558	378.23055	1083.57131	-0.71005	435.38257	723.55036	-77.27619	433.36922	737.96773	95.42756	296.27481	768.01707	0.43529	394.21816	431.3888	-157.26936	389.47443	380.34715	-217.7433	480.3988	390.93262	-122.6161	411.26361	279.31282	-137.33285	389.59379	368.94984	-125.52031	319.16733	159.95819	-183.84812	294.31241	68.63739	-144.90801	315.33158	71.4437	-70.77983	246.07211	20.48106	-110.45144	421.78868	30.71485	-134.57693	416.77524	16.00213	-84.62213	381.41655	17.69148	-175.84437	403.55394	447.26497	167.04568	408.11845	355.81496	226.92216	482.60325	413.17704	122.33141	454.83355	284.08113	120.9415	401.43795	361.45123	128.92164	307.97127	148.52087	155.86055	293.49294	62.13264	111.80307	321.67235	69.22524	39.14579	250.91704	19.3313	68.26955	423.6468	28.74726	108.0962	413.99979	13.99569	52.73914	384.02246	15.52473	147.46714	374.29507	687.2791	76.72804	375.79348	676.54914	-51.80485	398.21277	364.17229	81.60944	389.65416	363.18524	-78.8752	434.3759	730.75904	9.07568	305.13563	57.61962	75.30878	302.53152	62.12564	-108.62607	
4	0.03	265.38684	1100.66151	-12.33634	280.22575	915.88516	-7.5503	378.16202	1083.52583	-0.64	435.38273	723.55955	-77.30102	433.39991	737.96706	95.3944	296.28851	767.96966	0.43988	394.24116	431.3248	-157.23416	389.58177	380.32361	-217.75374	480.44888	390.84915	-122.60347	411.33691	279.28194	-137.33862	389.66958	368.90238	-125.53916	319.19041	159.95204	-183.84429	294.32047	68.63429	-144.9109	315.33573	71.45076	-70.77801	246.06301	20.48418	-110.44908	421.78876	30.71921	-134.58342	416.77459	16.0035	-84.62804	381.416	17.69457	-175.8483	403.6014	447.25143	167.03828	408.15399	355.80769	226.91346	482.64399	413.15833	122.32177	454.8585	284.07042	120.93435	401.47362	361.44444	128.91427	307.98149	148.5215	155.85603	293.49249	62.14165	111.80052	321.67939	69.21753	39.13432	250.90404	19.33918	68.26174	423.64916	28.75465	108.09228	413.99596	13.99649	52.7381	384.02571	15.5345	147.46609	374.34373	687.2605	76.70607	375.81943	676.5378	-51.82141	398.24846	364.16576	81.60209	389.714	363.12535	-78.89558	434.39132	730.76331	9.04669	305.13805	57.62046	75.30178	302.53618	62.12929	-108.62607	
5	0.04	265.31328	1100.62781	-12.19728	280.20213	915.84727	-7.43572	378.09404	1083.48146	-0.57264	435.38976	723.5631	-77.32172	433.4331	737.96472	95.36559	296.30147	767.92145	0.4355	394.27242	431.26196	-157.20667	389.6813	380.29506	-217.76238	480.50407	390.76957	-122.59162	411.40037	279.25024	-137.34324	389.74243	368.85799	-125.55464	319.21325	159.94016	-183.84282	294.32896	68.62966	-144.91303	315.34025	71.45167	-70.77692	246.05102	20.48349	-110.4365	421.79022	30.72299	-134.58842	416.77151	16.00149	-84.63005	381.41658	17.69567	-175.85014	403.649	447.23797	167.03183	408.18463	355.80284	226.90597	482.67956	413.14032	122.31201	454.88057	284.05958	120.93017	401.50484	361.43712	128.90762	307.99226	148.5202	155.85324	293.49171	62.14767	111.79903	321.68617	69.21363	39.12718	250.89309	19.34308	68.25735	423.65278	28.75858	108.0874	413.99406	13.99604	52.73688	384.02817	15.53965	147.46467	374.39303	687.24092	76.68786	375.84927	676.52255	-51.83432	398.27992	364.15727	81.59535	389.77335	363.07264	-78.91208	434.41143	730.76391	9.02193	305.14028	57.62178	75.29753	302.54126	62.1288	-108.62616	
6	0.05	265.24663	1100.59067	-12.06464	280.17885	915.80861	-7.32323	378.02663	1083.43953	-0.5084	435.40602	723.5635	-77.33865	433.46959	737.96315	95.34001	296.31488	767.87266	0.42367	394.31137	431.20299	-157.18806	389.76991	380.26335	-217.76952	480.56341	390.69765	-122.58252	411.45336	279.21855	-137.34734	389.81081	368.81842	-125.56664	319.23645	159.92448	-183.84361	294.33836	68.62392	-144.91455	315.34476	71.44777	-70.77711	246.03764	20.4798	-110.41864	421.79329	30.72648	-134.59179	416.76727	15.99735	-84.62968	381.41815	17.69548	-175.85003	403.69706	447.22579	167.02584	408.21189	355.80038	226.89828	482.71223	413.12374	122.30165	454.90142	284.04953	120.92726	401.53362	361.43026	128.90037	308.00355	148.5179	155.85069	293.49146	62.15069	111.79756	321.69321	69.21342	39.12207	250.88416	19.34394	68.25574	423.65758	28.75914	108.08138	413.99365	13.99373	52.73605	384.02984	15.54035	147.46221	374.44494	687.22196	76.672	375.88613	676.50499	-51.84451	398.30941	364.1483	81.58793	389.8315	363.02885	-78.9246	434.43781	730.76332	9.00068	305.14297	57.62347	75.29435	302.54683	62.12503	-108.6267	
7	0.06	265.18801	1100.55117	-11.93815	280.15893	915.76876	-7.21453	377.95961	1083.40106	-0.44554	435.43095	723.56344	-77.35088	433.50794	737.96394	95.31751	296.3303	767.82338	0.40626	394.35581	431.1497	-157.17592	389.84537	380.23071	-217.77439	480.62392	390.63545	-122.57547	411.49654	279.18756	-137.35036	389.8728	368.78406	-125.5742	319.25955	159.90721	-183.84536	294.34801	68.61814	-144.91486	315.34962	71.44167	-70.77749	246.02609	20.4741	-110.40229	421.79704	30.72915	-134.59241	416.763	15.99206	-84.62724	381.42005	17.69468	-175.84745	403.74529	447.21545	167.01991	408.23802	355.79931	226.88981	482.74497	413.10859	122.29049	454.92201	284.04036	120.92461	401.56207	361.42446	128.89215	308.01527	148.51535	155.84768	293.49215	62.15072	111.79558	321.70086	69.21538	39.11753	250.87733	19.34359	68.2555	423.66292	28.75721	108.07536	413.99445	13.99021	52.73558	384.03079	15.53796	147.459	374.49944	687.20487	76.65799	375.93065	676.48719	-51.85174	398.33897	364.14024	81.57951	389.88668	362.99346	-78.93228	434.46944	730.76369	8.98332	305.14646	57.6247	75.29123	302.55279	62.11989	-108.62685	
8	0.07	265.13667	1100.51085	-11.81777	280.14452	915.72797	-7.11034	377.8929	1083.36677	-0.38151	435.462	723.56569	-77.35737	433.54618	737.96828	95.29788	296.35022	767.77343	0.38521	394.40128	431.1022	-157.16406	389.90745	380.19967	-217.77624	480.67973	390.5816	-122.5673	411.53208	279.15833	-137.35199	389.9262	368.75321	-125.57709	319.28183	159.89064	-183.84684	294.35645	68.61356	-144.91378	315.35516	71.43685	-70.77665	246.01944	20.46784	-110.39348	421.79981	30.73052	-134.58978	416.76003	15.9869	-84.62309	381.42188	17.69447	-175.84271	403.79338	447.20669	167.01286	408.26605	355.79822	226.88013	482.78068	413.09426	122.27751	454.943	284.03142	120.92074	401.59213	361.4198	128.88259	308.02784	148.51344	155.84361	293.49387	62.14862	111.79251	321.70842	69.2179	39.11332	250.87269	19.34382	68.25483	423.668	28.75449	108.07055	413.99641	13.98729	52.73503	384.03109	15.53488	147.45521	374.55613	687.19068	76.64564	375.98201	676.47136	-51.8554	398.36998	364.13387	81.56978	389.93569	362.96264	-78.93516	434.50409	730.76698	8.97025	305.15038	57.62509	75.28776	302.55864	62.1159	-108.62579	
9	0.08	265.08958	1100.47134	-11.70322	280.13673	915.68693	-7.01013	377.82656	1083.33734	-0.31437	435.49641	723.57263	-77.35794	433.58281	737.97657	95.2802	296.37681	767.72312	0.36271	394.44519	431.06024	-157.14812	389.95803	380.17241	-217.77505	480.72641	390.53434	-122.55613	411.56346	279.13216	-137.35243	389.97066	368.72427	-125.57624	319.30258	159.87705	-183.84755	294.36253	68.61087	-144.91185	315.36078	71.43628	-70.77364	246.01903	20.46277	-110.39523	421.80057	30.73066	-134.58482	416.75996	15.98314	-84.61815	381.4239	17.6962	-175.83745	403.84094	447.19849	167.00282	408.29897	355.79564	226.86842	482.82151	413.07954	122.26107	454.96571	284.02158	120.91342	401.62554	361.41551	128.87075	308.04218	148.51305	155.83744	293.49653	62.14635	111.78761	321.71464	69.22018	39.1096	250.87019	19.34562	68.25244	423.67204	28.75272	108.06735	413.99928	13.98653	52.73415	384.0309	15.53362	147.45056	374.61459	687.18008	76.63416	376.03883	676.45963	-51.85557	398.40363	364.12877	81.55789	389.97704	362.93285	-78.93442	434.53961	730.7746	8.96113	305.15404	57.62524	75.28365	302.56354	62.11502	-108.62327	
10	0.09	265.0432	1100.43397	-11.59329	280.13531	915.64656	-6.91285	377.76052	1083.31293	-0.24266	435.5318	723.58503	-77.3527	433.61593	737.98744	95.26404	296.40876	767.67426	0.34123	394.4896	431.02431	-157.12917	390.00045	380.14944	-217.77098	480.76479	390.49381	-122.54327	411.59419	279.10943	-137.35081	390.00883	368.69741	-125.57243	319.32033	159.86772	-183.84704	294.36586	68.61001	-144.90955	315.36497	71.44037	-70.76776	246.02413	20.4602	-110.40702	421.79945	30.72957	-134.57879	416.76344	15.98098	-84.61292	381.42645	17.70021	-175.83311	403.88685	447.18902	166.98849	408.3387	355.79013	226.854	482.86836	413.06277	122.2407	454.9919	284.00946	120.90105	401.66376	361.41009	128.85604	308.05916	148.51434	155.82864	293.49988	62.14602	111.78074	321.71922	69.22197	39.10629	250.86942	19.34913	68.2481	423.67439	28.75251	108.06556	414.0025	13.98832	52.73331	384.03038	15.53549	147.44519	374.67228	687.17287	76.62264	376.09822	676.45341	-51.85296	398.44114	364.12337	81.54323	390.01306	362.90403	-78.93086	434.57387	730.78624	8.95567	305.1571	57.62613	75.27882	302.56642	62.11747	-108.61917	
11	0.1	264.99532	1100.39925	-11.48584	280.13872	915.60769	-6.8178	377.69502	1083.29283	-0.16534	435.56615	723.60186	-77.34189	433.64296	737.99832	95.24999	296.44053	767.62968	0.32354	394.53749	430.9945	-157.1109	390.03882	380.12948	-217.76407	480.79863	390.4602	-122.53076	411.62659	279.08933	-137.34507	390.04451	368.67333	-125.56594	319.33306	159.86244	-183.84454	294.36667	68.61056	-144.90702	315.36623	71.44653	-70.75898	246.03264	20.4603	-110.42579	421.79725	30.72698	-134.5725	416.76926	15.97966	-84.60737	381.4295	17.70563	-175.83003	403.92967	447.17637	166.96982	408.38584	355.78039	226.83676	482.92101	413.04235	122.2175	455.02289	283.9938	120.88342	401.70757	361.40184	128.83873	308.07896	148.51678	155.81772	293.50377	62.14891	111.7724	321.7233	69.22307	39.10238	250.87029	19.35386	68.2427	423.6747	28.75326	108.06444	414.00553	13.99188	52.73301	384.02967	15.54032	147.43976	374.72454	687.16805	76.61078	376.15596	676.45285	-51.84844	398.48336	364.11583	81.52606	390.04739	362.87787	-78.92462	434.60455	730.80009	8.95405	305.16005	57.62838	75.27299	302.56656	62.12162	-108.61352	
12	0.11	264.94537	1100.36705	-11.37881	280.14447	915.57101	-6.72493	377.63126	1083.27576	-0.08287	435.59811	723.62134	-77.32644	433.66197	738.00724	95.23833	296.46619	767.59149	0.31228	394.58894	430.9697	-157.096	390.07727	380.11056	-217.75519	480.83108	390.43217	-122.5195	411.66185	279.07102	-137.33387	390.08063	368.65207	-125.55764	319.34011	159.86008	-183.83999	294.36605	68.6121	-144.90443	315.36417	71.45126	-70.74902	246.04167	20.46248	-110.44705	421.79508	30.72329	-134.56682	416.77455	15.97865	-84.60211	381.43305	17.71159	-175.82829	403.96845	447.15991	166.94735	408.43969	355.76556	226.81687	482.97871	413.01747	122.19281	455.05913	283.97381	120.86099	401.7569	361.38963	128.81918	308.10073	148.51982	155.80529	293.50832	62.15516	111.7627	321.7283	69.22312	39.09555	250.87343	19.35907	68.23752	423.67341	28.75415	108.06228	414.00833	13.99577	52.73306	384.02895	15.54722	147.43439	374.76744	687.16465	76.59825	376.20852	676.45711	-51.84312	398.5305	364.10488	81.50673	390.08234	362.85542	-78.91647	434.63004	730.81429	8.95595	305.16368	57.63192	75.26503	302.56424	62.12544	-108.6073	
13	0.12	264.89399	1100.33705	-11.27115	280.15036	915.53684	-6.63471	377.57131	1083.26032	0.00266	435.62709	723.64145	-77.30777	433.67244	738.01335	95.22859	296.48313	767.55997	0.3088	394.64173	430.94831	-157.08539	390.11865	380.09095	-217.74581	480.86414	390.40753	-122.50908	411.70055	279.05413	-137.31765	390.11881	368.633	-125.54887	319.34367	159.85921	-183.83442	294.36584	68.61405	-144.90213	315.35988	71.45267	-70.74069	246.04851	20.46605	-110.46595	421.79374	30.7196	-134.56274	416.77568	15.97798	-84.59858	381.43717	17.71757	-175.82797	404.00274	447.14039	166.92221	408.49806	355.7456	226.79473	483.04058	412.9884	122.16789	455.10037	283.9496	120.83485	401.81095	361.37332	128.79763	308.12274	148.52289	155.79161	293.51374	62.16375	111.75118	321.73505	69.22158	39.08376	250.87907	19.36384	68.23342	423.6719	28.7548	108.05739	414.01158	13.99829	52.73262	384.02865	15.55512	147.42838	374.79948	687.16192	76.58473	376.25437	676.46459	-51.83795	398.58247	364.09034	81.48543	390.1189	362.83658	-78.90767	434.64976	730.8274	8.96041	305.16852	57.63593	75.25364	302.56095	62.12767	-108.60208	
14	0.13	264.84305	1100.30875	-11.16325	280.15611	915.50483	-6.54759	377.51714	1083.24495	0.08934	435.65271	723.65941	-77.28629	433.67419	738.01574	95.2212	296.49126	767.53375	0.31225	394.69339	430.92878	-157.07794	390.16408	380.0693	-217.73631	480.89908	390.38432	-122.49742	411.74282	279.03807	-137.29732	390.1595	368.61479	-125.53965	319.34847	159.85757	-183.82842	294.36825	68.61573	-144.90044	315.35567	71.45086	-70.7356	246.05202	20.47004	-110.47903	421.79308	30.71647	-134.56016	416.77111	15.97764	-84.59723	381.44164	17.72287	-175.82806	404.03191	447.11881	166.89744	408.5571	355.72138	226.77228	483.10476	412.95616	122.14574	455.14554	283.92228	120.80791	401.86796	361.35355	128.77568	308.14312	148.52509	155.7776	293.52013	62.17244	111.73829	321.74399	69.21788	39.06737	250.88597	19.36713	68.23023	423.67139	28.755	108.04992	414.01616	13.99796	52.73092	384.02913	15.5626	147.42139	374.82017	687.15871	76.57107	376.29285	676.47276	-51.83263	398.6385	364.07272	81.46367	390.15719	362.82006	-78.89824	434.66345	730.83757	8.96746	305.17488	57.63896	75.23919	302.55899	62.12805	-108.59885	
15	0.14	264.79525	1100.28126	-11.0567	280.16334	915.47426	-6.46349	377.46993	1083.22801	0.17683	435.67447	723.67209	-77.26079	433.66701	738.01327	95.21829	296.49168	767.51064	0.31986	394.74225	430.90985	-157.07066	390.21367	380.04467	-217.72515	480.93667	390.3618	-122.48103	411.78871	279.0215	-137.27286	390.20238	368.59589	-125.52814	319.36041	159.85206	-183.82082	294.37526	68.61708	-144.89945	315.35445	71.44709	-70.73312	246.0532	20.47298	-110.48577	421.79227	30.7134	-134.55751	416.76311	15.97712	-84.59625	381.44579	17.72662	-175.82649	404.05485	447.09585	166.87794	408.61143	355.6946	226.75355	483.16739	412.92223	122.13152	455.19224	283.89386	120.78509	401.92459	361.33151	128.75711	308.16095	148.52537	155.76521	293.52696	62.17888	111.72597	321.75502	69.21161	39.04932	250.89235	19.36824	68.22709	423.67194	28.75433	108.04228	414.02252	13.9943	52.72768	384.0301	15.56814	147.4145	374.82919	687.15359	76.55989	376.32345	676.47872	-51.82512	398.69623	364.05296	81.44515	390.19667	362.80404	-78.88638	434.67074	730.84268	8.97875	305.1825	57.63959	75.2241	302.5609	62.12724	-108.59739	
16	0.15	264.75394	1100.25341	-10.95349	280.17399	915.44441	-6.38181	377.43039	1083.20885	0.26524	435.69263	723.67809	-77.23025	433.65252	738.00653	95.22241	296.48777	767.48842	0.32827	394.78819	430.89128	-157.06059	390.26772	380.01746	-217.71023	480.97791	390.34162	-122.45677	411.83865	279.00336	-137.24393	390.24728	368.57593	-125.51201	319.38539	159.8399	-183.80972	294.38821	68.61893	-144.89891	315.3591	71.44348	-70.73183	246.05354	20.47359	-110.48811	421.79073	30.71012	-134.55334	416.75578	15.976	-84.59352	381.44875	17.72878	-175.82196	404.07052	447.07257	166.86829	408.65485	355.66796	226.74277	483.22334	412.88904	122.12997	455.23697	283.86728	120.77149	401.97628	361.30917	128.74586	308.17611	148.52347	155.75656	293.53303	62.18212	111.71612	321.76673	69.20361	39.03372	250.89744	19.36723	68.22326	423.67328	28.75292	108.03713	414.03034	13.98825	52.72341	384.0308	15.57132	147.4092	374.82867	687.14607	76.55456	376.34726	676.48049	-51.81305	398.75192	364.0327	81.43375	390.23694	362.78776	-78.86979	434.67258	730.84231	8.99608	305.19013	57.63769	75.21133	302.56885	62.12678	-108.5969	
17	0.16	264.72281	1100.22427	-10.85525	280.18909	915.41486	-6.30195	377.39927	1083.18849	0.35374	435.70872	723.67866	-77.1951	433.63518	737.99882	95.23517	296.48496	767.46534	0.33493	394.83304	430.87416	-157.04656	390.32762	379.98971	-217.69031	481.02456	390.32754	-122.42308	411.89315	278.98367	-137.21077	390.29464	368.5565	-125.48995	319.42807	159.8197	-183.79414	294.40741	68.62227	-144.89804	315.3717	71.44209	-70.73099	246.05348	20.47151	-110.48811	421.78873	30.70742	-134.54776	416.75173	15.97491	-84.58907	381.45006	17.73073	-175.81525	404.0787	447.05084	166.8709	408.68167	355.64487	226.74202	483.26804	412.86026	122.14299	455.27579	283.84607	120.77073	402.01851	361.28942	128.74383	308.1883	148.52027	155.75279	293.53704	62.18294	111.70921	321.77691	69.19646	39.02405	250.9016	19.36458	68.21869	423.67565	28.752	108.0356	414.0384	13.98177	52.7195	384.03085	15.5732	147.40592	374.82424	687.13727	76.55804	376.36773	676.4777	-51.7948	398.8016	364.01455	81.4313	390.27796	362.77261	-78.8472	434.67195	730.83874	9.02004	305.19607	57.63493	75.20288	302.58406	62.12819	-108.59663	
18	0.17	264.70441	1100.19393	-10.76259	280.20845	915.38598	-6.22389	377.37671	1083.16865	0.44098	435.72428	723.67606	-77.15606	433.61972	737.9937	95.25734	296.48675	767.44126	0.33947	394.87943	430.85989	-157.02896	390.39559	379.96382	-217.66485	481.07818	390.32274	-122.379	411.95173	278.96295	-137.17356	390.34494	368.53994	-125.46152	319.49019	159.79128	-183.77385	294.43226	68.62742	-144.89573	315.39278	71.44345	-70.73006	246.0531	20.46694	-110.48653	421.78692	30.7062	-134.54148	416.75089	15.9747	-84.58436	381.44997	17.73408	-175.80784	404.07987	447.03272	166.88614	408.68849	355.62817	226.7514	483.29827	412.83957	122.16999	455.30499	283.83286	120.78478	402.04771	361.27488	128.75137	308.19677	148.51694	155.75406	293.53841	62.18269	111.70521	321.78385	69.19288	39.0222	250.90518	19.36106	68.21419	423.67923	28.75292	108.03753	414.04498	13.9773	52.71798	384.03051	15.57493	147.40439	374.82129	687.12902	76.57245	376.3879	676.4712	-51.76924	398.84162	364.00105	81.43817	390.31932	362.76088	-78.81818	434.672	730.83488	9.05064	305.19926	57.63332	75.19969	302.60653	62.13185	-108.59575	
19	0.18	264.69846	1100.16405	-10.67485	280.23016	915.3596	-6.14815	377.36173	1083.15033	0.52581	435.73968	723.67156	-77.11284	433.60792	737.99215	95.289	296.49213	767.41811	0.34376	394.92866	430.84862	-157.00827	390.47335	379.94113	-217.63372	481.13812	390.32723	-122.32285	412.01246	278.94167	-137.13147	390.39743	368.5275	-125.42668	319.56955	159.75527	-183.74899	294.46217	68.63372	-144.89146	315.42151	71.44663	-70.72835	246.05316	20.46036	-110.48326	421.78583	30.7066	-134.53467	416.75137	15.9752	-84.58036	381.44919	17.73926	-175.8003	404.07472	447.0194	166.91344	408.67557	355.61882	226.77044	483.31217	412.82859	122.20893	455.32197	283.82792	120.81371	402.06182	361.26636	128.76856	308.20069	148.51412	155.75998	293.53756	62.18209	111.70466	321.78693	69.19381	39.02819	250.90771	19.35784	68.21089	423.68333	28.75562	108.04226	414.04866	13.97671	52.72014	384.03011	15.5765	147.40468	374.82092	687.12264	76.59826	376.40778	676.46255	-51.73574	398.86879	363.99292	81.4545	390.35902	362.75378	-78.78268	434.6738	730.83185	9.08808	305.19967	57.63371	75.20205	302.63558	62.13691	-108.59364	
20	0.19	264.7024	1100.13755	-10.59097	280.25076	915.33871	-6.0753	377.35296	1083.13363	0.60668	435.75472	723.66584	-77.06521	433.59868	737.99287	95.32844	296.49813	767.39855	0.35027	394.97882	430.83912	-156.98399	390.56089	379.92208	-217.5977	481.20035	390.33804	-122.25262	412.07266	278.92091	-137.084	390.44953	368.5189	-125.38645	319.66063	159.71332	-183.72074	294.49726	68.63979	-144.88656	315.45645	71.4506	-70.72582	246.05425	20.45269	-110.47814	421.78577	30.70842	-134.5275	416.75155	15.97573	-84.57763	381.44884	17.74557	-175.79287	404.06446	447.01097	166.95113	408.64704	355.61585	226.7981	483.30996	412.82635	122.2561	455.32605	283.82941	120.85466	402.06089	361.26288	128.79464	308.2	148.51202	155.76947	293.53556	62.1813	111.70772	321.78676	69.19819	39.03978	250.90871	19.35612	68.20948	423.68637	28.75864	108.04829	414.0489	13.9802	52.72508	384.0297	15.57733	147.40656	374.82099	687.1186	76.63313	376.42593	676.45367	-51.69539	398.88116	363.98921	81.47967	390.39321	362.75065	-78.74179	434.6767	730.82936	9.13161	305.19822	57.63566	75.20889	302.67062	62.14215	-108.59093	
21	0.2	264.7131	1100.11758	-10.5109	280.26752	915.326	-6.0056	377.34946	1083.11835	0.68172	435.76958	723.65996	-77.01402	433.5897	737.99379	95.37229	296.50311	767.38438	0.36085	395.02519	430.83002	-156.95484	390.65598	379.9068	-217.55875	481.25863	390.35089	-122.16725	412.12949	278.90248	-137.03227	390.49741	368.51285	-125.34314	319.75673	159.6679	-183.69144	294.53837	68.64445	-144.88421	315.49599	71.45438	-70.7236	246.05586	20.44527	-110.47126	421.78691	30.71168	-134.52107	416.75118	15.97624	-84.57694	381.45009	17.75205	-175.78641	404.05073	447.00672	166.99613	408.60962	355.61685	226.83219	483.29476	412.83029	122.30631	455.31869	283.83467	120.90186	402.0474	361.26289	128.82727	308.19612	148.5104	155.78085	293.53359	62.18022	111.71306	321.78476	69.20407	39.05319	250.9087	19.35645	68.20966	423.68673	28.76038	108.05351	414.04622	13.98627	52.72993	384.02916	15.5772	147.40884	374.81896	687.11664	76.67232	376.44166	676.44659	-51.65128	398.87922	363.98874	81.51149	390.4172	362.74947	-78.69792	434.67964	730.82688	9.17913	305.19623	57.63813	75.21766	302.71138	62.14651	-108.58977	
22	0.21	264.72749	1100.10636	-10.4358	280.28073	915.32254	-5.93922	377.3509	1083.1046	0.75005	435.78443	723.65479	-76.95985	433.57814	737.99273	95.41795	296.50685	767.37633	0.37661	395.06403	430.82141	-156.9211	390.75415	379.89522	-217.51886	481.30797	390.36256	-122.06825	412.17941	278.88775	-136.97804	390.53741	368.50855	-125.29891	319.85245	159.62122	-183.66305	294.58656	68.64733	-144.88806	315.53782	71.45648	-70.72286	246.05793	20.43929	-110.46382	421.789	30.71593	-134.51657	416.75081	15.97699	-84.57843	381.45319	17.75755	-175.78148	404.03468	447.00527	167.04482	408.57075	355.61846	226.87026	483.27213	412.83714	122.35511	455.30312	283.84086	120.94909	402.02588	361.26466	128.86361	308.1914	148.508	155.79278	293.53269	62.17819	111.71878	321.78222	69.20964	39.06544	250.90826	19.3586	68.21046	423.68415	28.75999	108.05672	414.04184	13.99285	52.73206	384.0285	15.57603	147.41023	374.81231	687.11595	76.71163	376.45468	676.44279	-51.60629	398.8661	363.99058	81.54728	390.42778	362.74908	-78.65327	434.68129	730.82376	9.22905	305.19482	57.63991	75.22592	302.75732	62.14908	-108.59257	
23	0.22	264.74337	1100.10433	-10.367	280.29346	915.32723	-5.87607	377.35705	1083.09321	0.81264	435.79874	723.65082	-76.90172	433.56144	737.98813	95.46522	296.50897	767.37431	0.39858	395.09499	430.81501	-156.8858	390.8492	379.88705	-217.47907	481.3467	390.37231	-121.96017	412.21817	278.877	-136.92254	390.56714	368.50659	-125.25456	319.94492	159.57435	-183.63594	294.64235	68.6486	-144.9006	315.57872	71.45576	-70.72366	246.06211	20.43522	-110.45865	421.79147	30.72027	-134.51441	416.75109	15.97799	-84.58095	381.45724	17.76081	-175.77751	404.01675	447.00473	167.09457	408.5373	355.61704	226.91047	483.24833	412.8434	122.40048	455.28364	283.84514	120.99214	402.00189	361.26618	128.90184	308.1875	148.50293	155.80491	293.53328	62.17412	111.72396	321.77954	69.21348	39.07534	250.90712	19.36184	68.21096	423.67997	28.75757	108.05835	414.0371	13.9982	52.73062	384.02791	15.57357	147.41043	374.79889	687.11571	76.74978	376.46435	676.44296	-51.56094	398.84672	363.99347	81.58528	390.42447	362.75049	-78.60859	434.68009	730.81947	9.28175	305.19427	57.63971	75.23264	302.80706	62.14933	-108.60062	
24	0.23	264.76116	1100.10987	-10.30514	280.30944	915.33698	-5.81485	377.3677	1083.08566	0.87111	435.81163	723.64916	-76.83825	433.53943	737.9806	95.51531	296.50885	767.37736	0.4281	395.11765	430.81244	-156.85072	390.93437	379.88264	-217.4397	481.37325	390.38016	-121.84846	412.24213	278.87036	-136.86723	390.58455	368.50757	-125.2105	320.03329	159.52782	-183.60975	294.70543	68.64836	-144.92256	315.61532	71.45274	-70.7257	246.06906	20.43247	-110.45796	421.79389	30.72452	-134.51485	416.75283	15.97934	-84.58327	381.46113	17.76137	-175.7738	403.99735	447.00305	167.14414	408.51471	355.61001	226.95121	483.22837	412.84614	122.44198	455.26471	283.84552	121.0286	401.98064	361.26556	128.94084	308.18492	148.49421	155.81721	293.53456	62.16766	111.72876	321.77664	69.21471	39.08175	250.90524	19.36517	68.211	423.67607	28.75376	108.05928	414.03281	14.00135	52.72605	384.0277	15.57029	147.40968	374.77917	687.11592	76.78817	376.47062	676.44744	-51.51372	398.82618	363.99589	81.62441	390.40762	362.75447	-78.56427	434.67553	730.81488	9.33853	305.194	57.63696	75.23734	302.8587	62.14755	-108.61414	
25	0.24	264.78379	1100.11964	-10.25005	280.33093	915.34776	-5.75295	377.38283	1083.08357	0.92615	435.8227	723.65183	-76.76949	433.51534	737.97324	95.56886	296.50702	767.38367	0.46641	395.1279	430.8135	-156.81285	391.00378	379.88336	-217.40096	481.38304	390.38497	-121.73738	412.25021	278.86877	-136.81473	390.58734	368.51045	-125.16795	320.11761	159.48276	-183.5845	294.77388	68.64656	-144.95246	315.64556	71.44951	-70.72912	246.07522	20.42942	-110.45958	421.79606	30.72957	-134.51859	416.75686	15.98177	-84.58558	381.46432	17.76033	-175.77076	403.97727	446.99871	167.19308	408.50601	355.59674	226.99069	483.2149	412.84414	122.47915	455.25014	283.84171	121.05708	401.96573	361.26186	128.97934	308.18367	148.48263	155.82917	293.53494	62.15988	111.73342	321.77347	69.21346	39.08311	250.90324	19.36757	68.21098	423.67375	28.74931	108.05964	414.02896	14.00187	52.71947	384.02811	15.5676	147.40801	374.75743	687.1176	76.82903	376.47507	676.45647	-51.46283	398.80834	363.99676	81.66337	390.37672	362.75867	-78.5217	434.66902	730.81254	9.39969	305.19304	57.6323	75.23938	302.91021	62.14485	-108.63241	
26	0.25	264.81348	1100.1298	-10.20113	280.3577	915.35624	-5.68763	377.40254	1083.08755	0.97798	435.83224	723.66029	-76.69654	433.49394	737.96925	95.62601	296.50579	767.39093	0.51423	395.12079	430.81641	-156.76641	391.05348	379.89086	-217.36264	481.37085	390.38527	-121.6296	412.24441	278.87308	-136.76768	390.57402	368.51288	-125.12809	320.19778	159.44032	-183.55994	294.84263	68.64334	-144.98571	315.66945	71.44799	-70.73357	246.07395	20.42421	-110.45618	421.79772	30.73595	-134.52579	416.76317	15.98606	-84.5889	381.46684	17.75935	-175.76867	403.95793	446.99111	167.24144	408.511	355.57807	227.02776	483.20823	412.83804	122.51196	455.24209	283.83459	121.07807	401.95842	361.25501	129.01644	308.18391	148.46977	155.84066	293.53332	62.1521	111.73818	321.76987	69.21092	39.08008	250.90086	19.36841	68.21123	423.67328	28.7447	108.05943	414.02494	13.99974	52.71243	384.02927	15.56656	147.40588	374.73957	687.12155	76.87452	376.48026	676.46958	-51.40696	398.79514	363.99557	81.70119	390.33155	362.75869	-78.48229	434.66309	730.81477	9.46473	305.19072	57.62703	75.23924	302.959	62.14242	-108.65283	
27	0.26	264.8495	1100.13788	-10.15738	280.38746	915.36114	-5.61759	377.42667	1083.09619	1.02759	435.84046	723.67385	-76.62028	433.47936	737.96925	95.68752	296.50787	767.39691	0.57181	395.09495	430.81908	-156.70709	391.08176	379.90584	-217.32371	481.33504	390.38082	-121.52619	412.22852	278.88248	-136.72679	390.54508	368.51262	-125.09025	320.27325	159.40058	-183.53471	294.90458	68.63936	-145.01585	315.68887	71.44862	-70.73752	246.05911	20.41594	-110.43801	421.79846	30.74296	-134.53499	416.77087	15.99196	-84.59343	381.46889	17.7588	-175.76626	403.94163	446.98054	167.28986	408.52638	355.5555	227.06283	483.20693	412.82923	122.54202	455.2406	283.82508	121.09451	401.95773	361.24529	129.0525	308.18589	148.45639	155.8529	293.52999	62.14448	111.74363	321.76553	69.20839	39.07646	250.89668	19.36784	68.21187	423.67411	28.73979	108.05952	414.02034	13.9953	52.7065	384.03106	15.56657	147.40465	374.72996	687.12702	76.9269	376.48764	676.48504	-51.34491	398.78672	363.99203	81.73812	390.27366	362.75079	-78.44555	434.65991	730.82155	9.53362	305.18701	57.62192	75.23919	303.00235	62.14091	-108.67132	
28	0.27	264.88982	1100.1438	-10.11786	280.41746	915.36367	-5.54362	377.45511	1083.10669	1.07608	435.84696	723.69014	-76.54152	433.47493	737.97182	95.75409	296.51437	767.40038	0.63891	395.05461	430.82056	-156.6355	391.08951	379.92775	-217.28307	481.28007	390.37375	-121.42838	412.20665	278.89491	-136.69119	390.50377	368.50926	-125.0526	320.34362	159.36287	-183.50759	294.95547	68.6356	-145.03894	315.70687	71.45041	-70.73984	246.0255	20.40505	-110.39549	421.79818	30.74967	-134.54396	416.77896	15.99849	-84.59872	381.47045	17.75777	-175.76197	403.93096	446.96786	167.33876	408.54683	355.53103	227.09713	483.20882	412.81906	122.57156	455.24386	283.81431	121.10999	401.96124	361.23363	129.08832	308.18976	148.44239	155.86736	293.52637	62.13645	111.75014	321.76055	69.20668	39.07595	250.89019	19.36685	68.21317	423.67572	28.73412	108.06065	414.01555	13.98925	52.70251	384.03335	15.56604	147.40538	374.73098	687.13243	76.98813	376.49682	676.50057	-51.27571	398.78207	363.98654	81.77485	390.20755	362.73467	-78.40963	434.66095	730.83098	9.60629	305.18272	57.61706	75.24128	303.03951	62.14033	-108.68534	
29	0.28	264.93373	1100.14904	-10.08201	280.44605	915.36622	-5.46796	377.48823	1083.11665	1.12291	435.8516	723.70691	-76.46191	433.48321	737.97552	95.82466	296.52423	767.40143	0.71462	395.00853	430.82189	-156.55831	391.08032	379.95524	-217.24084	481.21595	390.36881	-121.33987	412.18244	278.9087	-136.66031	390.45629	368.50515	-125.01426	320.40926	159.32708	-183.47888	294.99682	68.63279	-145.05579	315.72598	71.45173	-70.74163	245.96773	20.3926	-110.32093	421.79763	30.75592	-134.55165	416.78695	16.00516	-84.60495	381.47149	17.75541	-175.75601	403.92787	446.95444	167.38741	408.56696	355.50708	227.13091	483.21161	412.80877	122.60161	455.24907	283.80415	121.12645	401.96622	361.22175	129.1237	308.19519	148.42804	155.88403	293.5241	62.12804	111.75694	321.75571	69.20625	39.07905	250.88246	19.36679	68.21574	423.67811	28.72779	108.06186	414.01169	13.98281	52.70018	384.03612	15.564	147.40724	374.74376	687.13683	77.05813	376.5069	676.51462	-51.19983	398.77973	363.98048	81.81107	390.14071	362.7146	-78.3734	434.6674	730.84121	9.68137	305.17913	57.61268	75.24538	303.07236	62.14011	-108.69589	
30	0.29	264.98107	1100.1551	-10.04959	280.47298	915.37043	-5.39278	377.52678	1083.12476	1.16653	435.85489	723.72271	-76.38343	433.50389	737.97886	95.89672	296.53483	767.40106	0.79727	394.96555	430.82483	-156.48434	391.05922	379.98621	-217.19848	481.15364	390.37061	-121.26545	412.15836	278.92268	-136.6339	390.40933	368.50364	-124.97589	320.4705	159.2938	-183.45003	295.03333	68.63101	-145.06987	315.74653	71.45103	-70.74515	245.88236	20.37951	-110.21176	421.79792	30.76184	-134.55843	416.79462	16.01225	-84.61286	381.47233	17.75134	-175.74976	403.93309	446.9418	167.43472	408.58282	355.48558	227.16327	483.21335	412.79903	122.63224	455.25359	283.7963	121.14433	401.97048	361.2112	129.1578	308.20118	148.414	155.90175	293.52425	62.11983	111.76307	321.75183	69.20729	39.08441	250.87436	19.36879	68.22005	423.68146	28.72163	108.06138	414.00989	13.9774	52.69856	384.03936	15.5606	147.40818	374.76682	687.13973	77.1341	376.51702	676.52675	-51.11972	398.77839	363.97522	81.84585	390.08067	362.69669	-78.33716	434.67939	730.85079	9.75665	305.17725	57.60915	75.25035	303.10328	62.13931	-108.70591	
31	0.3	265.03005	1100.16264	-10.02064	280.49841	915.37661	-5.31944	377.57075	1083.12979	1.20636	435.85722	723.73595	-76.30698	433.53294	737.97925	95.9679	296.54268	767.40085	0.88424	394.93096	430.83013	-156.42001	391.03095	380.01756	-217.1576	481.10053	390.3802	-121.20751	412.13522	278.93518	-136.61078	390.36733	368.50624	-124.9383	320.52639	159.26338	-183.42215	295.06864	68.62963	-145.08437	315.76655	71.44724	-70.75156	245.77358	20.3665	-110.07542	421.79952	30.76713	-134.56489	416.80156	16.0198	-84.62247	381.47309	17.74498	-175.74397	403.9463	446.93069	167.48044	408.59263	355.46711	227.1939	483.21296	412.78929	122.66389	455.25579	283.79104	121.16391	401.97297	361.20231	129.19054	308.20658	148.4005	155.91965	293.52702	62.11202	111.76892	321.74901	69.20948	39.09164	250.86605	19.37299	68.22591	423.6855	28.71634	108.05878	414.0106	13.97404	52.69664	384.04259	15.5562	147.40697	374.79516	687.14041	77.21199	376.52547	676.53694	-51.03848	398.77731	363.97099	81.8791	390.03172	362.68477	-78.30143	434.69508	730.8576	9.83046	305.17725	57.60637	75.25616	303.13302	62.13698	-108.71761	
32	0.31	265.07827	1100.17161	-9.99556	280.52254	915.38451	-5.24876	377.61897	1083.13039	1.24295	435.85852	723.74495	-76.23268	433.56544	737.97441	96.03645	296.54476	767.40241	0.97207	394.90732	430.8376	-156.36914	390.99918	380.04583	-217.11937	481.06086	390.39559	-121.16586	412.11293	278.94425	-136.58976	390.33269	368.51244	-124.90201	320.57488	159.23586	-183.39576	295.10332	68.62786	-145.10088	315.78378	71.44049	-70.7603	245.65662	20.35442	-109.93165	421.80195	30.77123	-134.57157	416.80736	16.02749	-84.63281	381.47295	17.73572	-175.73891	403.96697	446.92097	167.52476	408.59698	355.45126	227.22374	483.2111	412.77831	122.69715	455.25544	283.78718	121.18563	401.97394	361.19449	129.22269	308.21087	148.38766	155.93734	293.53164	62.1043	111.77558	321.74695	69.21207	39.10066	250.85789	19.37834	68.23252	423.68942	28.71192	108.0552	414.01378	13.97285	52.69357	384.04479	15.55108	147.40401	374.82305	687.13849	77.28834	376.53015	676.54529	-50.95846	398.77659	363.9671	81.9116	389.99564	362.67986	-78.26654	434.71198	730.85968	9.90188	305.17859	57.60384	75.26334	303.16064	62.13274	-108.73152	
33	0.32	265.12559	1100.18163	-9.9747	280.5464	915.39354	-5.18147	377.67026	1083.1262	1.27644	435.85904	723.74912	-76.16124	433.59857	737.96428	96.10079	296.54096	767.4062	1.05724	394.8969	430.84751	-156.33485	390.96717	380.06867	-217.08511	481.03875	390.41515	-121.14031	412.09204	278.94922	-136.57148	390.30801	368.52189	-124.86803	320.61454	159.2117	-183.37179	295.13544	68.62535	-145.11905	315.79774	71.43252	-70.77033	245.55225	20.34407	-109.80497	421.80472	30.77425	-134.57969	416.8121	16.03558	-84.6435	381.47058	17.7241	-175.73565	403.99503	446.9122	167.56693	408.59885	355.43746	227.25372	483.21068	412.76538	122.7313	455.25403	283.78299	121.20928	401.97524	361.18722	129.25455	308.21439	148.37629	155.95395	293.53671	62.09692	111.78302	321.74558	69.21454	39.10977	250.85092	19.38335	68.23912	423.69243	28.70821	108.05153	414.01922	13.97324	52.68888	384.04494	15.54588	147.40016	374.84792	687.13449	77.36078	376.53074	676.55187	-50.88146	398.77757	363.96302	81.94366	389.97466	362.68262	-78.23337	434.7288	730.8567	9.96977	305.18046	57.60143	75.27097	303.18487	62.12728	-108.7469	
34	0.33	265.17432	1100.1922	-9.95787	280.57225	915.4024	-5.11847	377.72474	1083.11817	1.3064	435.85948	723.74868	-76.09433	433.63124	737.95011	96.15976	296.53463	767.41068	1.1369	394.90263	430.8608	-156.32007	390.93826	380.08561	-217.05623	481.03948	390.43903	-121.13154	412.0746	278.95099	-136.55825	390.29701	368.53539	-124.83765	320.64543	159.19155	-183.35173	295.16231	68.62224	-145.13716	315.80955	71.4258	-70.78079	245.47508	20.33585	-109.7111	421.80737	30.7767	-134.59054	416.81594	16.04477	-84.65519	381.4653	17.71152	-175.73562	404.03038	446.90374	167.60558	408.60301	355.4249	227.28389	483.21643	412.75027	122.76452	455.25455	283.77686	121.2338	401.9803	361.18009	129.28547	308.21808	148.36725	155.96811	293.54073	62.09085	111.79	321.74486	69.21682	39.11664	250.84629	19.38692	68.24507	423.6945	28.70535	108.04784	414.0259	13.97431	52.68305	384.04261	15.54146	147.39601	374.87015	687.12858	77.42784	376.529	676.55611	-50.80928	398.78305	363.95854	81.97472	389.97274	362.6945	-78.20312	434.74536	730.8494	10.03272	305.18201	57.59961	75.27724	303.20479	62.12191	-108.76239	
35	0.34	265.22755	1100.20233	-9.94427	280.60242	915.40958	-5.06054	377.78413	1083.10715	1.33313	435.8605	723.7433	-76.03333	433.66218	737.93206	96.21327	296.52983	767.4131	1.20997	394.92705	430.87794	-156.32588	390.91541	380.09743	-217.03319	481.06728	390.46787	-121.13949	412.06371	278.9508	-136.552	390.30322	368.55362	-124.81135	320.66848	159.17516	-183.33635	295.18228	68.61848	-145.15332	315.82055	71.42171	-70.79086	245.42778	20.32976	-109.65186	421.80899	30.77842	-134.60384	416.81877	16.05487	-84.66791	381.45771	17.69882	-175.73885	404.07212	446.89415	167.64029	408.61476	355.41155	227.31387	483.23267	412.73214	122.79564	455.26067	283.76725	121.25801	401.9931	361.17195	129.31517	308.22307	148.36006	155.97918	293.54276	62.08646	111.79558	321.7441	69.21887	39.12105	250.84459	19.3886	68.24947	423.69605	28.70351	108.04463	414.03166	13.97523	52.67745	384.03796	15.53825	147.39237	374.89023	687.11954	77.48878	376.52682	676.55645	-50.74352	398.79637	363.95289	82.00452	389.99365	362.71611	-78.17631	434.76134	730.83768	10.08997	305.1823	57.59856	75.28157	303.22013	62.1173	-108.77658	
36	0.35	265.2883	1100.21073	-9.93286	280.63857	915.41407	-5.00812	377.85116	1083.09302	1.3574	435.86281	723.73209	-75.97867	433.68995	737.90918	96.26185	296.52916	767.41125	1.27756	394.96963	430.89788	-156.34946	390.90016	380.10547	-217.01554	481.12112	390.50074	-121.16228	412.0623	278.94948	-136.55351	390.3274	368.57547	-124.78917	320.68498	159.1613	-183.32507	295.19614	68.61365	-145.16674	315.83189	71.41986	-70.80001	245.40492	20.32572	-109.62056	421.80848	30.77862	-134.6182	416.82063	16.06508	-84.68043	381.44936	17.68618	-175.74414	404.11907	446.88188	167.67195	408.63871	355.39452	227.34333	483.26143	412.70972	122.82455	455.27558	283.75299	121.2806	402.01659	361.16091	129.34403	308.23071	148.35314	155.98773	293.54279	62.08296	111.79957	321.74243	69.22063	39.12461	250.84529	19.38855	68.25142	423.69716	28.70228	108.04288	414.03474	13.97547	52.67288	384.03181	15.53627	147.38992	374.9079	687.10566	77.54327	376.52554	676.5512	-50.68512	398.81968	363.94471	82.03356	390.03778	362.7451	-78.1531	434.77638	730.82064	10.14159	305.18083	57.59789	75.28466	303.23187	62.11309	-108.7888	
37	0.36	265.35877	1100.21685	-9.92295	280.68199	915.41543	-4.96111	377.92843	1083.07553	1.37879	435.86793	723.71489	-75.93027	433.71448	737.88156	96.30577	296.53434	767.40401	1.34136	395.02416	430.91788	-156.3836	390.89191	380.11159	-217.00291	481.19249	390.53395	-121.19667	412.07185	278.94788	-136.56341	390.36615	368.59762	-124.77199	320.69688	159.14898	-183.31752	295.2068	68.6076	-145.17817	315.8447	71.41916	-70.8088	245.39865	20.32361	-109.60829	421.80554	30.77692	-134.63316	416.82219	16.07551	-84.69169	381.44224	17.67444	-175.75083	404.17064	446.86649	167.70161	408.67798	355.37183	227.37151	483.30232	412.68262	122.85053	455.30135	283.73379	121.29931	402.05191	361.1456	129.37194	308.24245	148.34542	155.99468	293.54171	62.07948	111.80175	321.73999	69.22206	39.12784	250.84678	19.38754	68.25082	423.69784	28.70087	108.04251	414.0353	13.97473	52.6685	384.02539	15.53546	147.38825	374.92389	687.08643	77.59112	376.52708	676.53969	-50.6344	398.85312	363.93293	82.06181	390.10029	362.77549	-78.13475	434.79121	730.79822	10.18775	305.17812	57.59715	75.28668	303.24224	62.1088	-108.79967	
38	0.37	265.43901	1100.22135	-9.91438	280.73356	915.41406	-4.91833	378.01721	1083.05517	1.39565	435.87815	723.69242	-75.88731	433.7371	737.85087	96.34564	296.54626	767.39134	1.40212	395.08096	430.93428	-156.41918	390.88828	380.11766	-216.99522	481.26863	390.56235	-121.23863	412.09192	278.94654	-136.58206	390.41307	368.61574	-124.76118	320.70707	159.13798	-183.31416	295.21754	68.60066	-145.18906	315.85968	71.41884	-70.8183	245.40195	20.32331	-109.60695	421.80081	30.77377	-134.64907	416.82451	16.08718	-84.70168	381.43789	17.66497	-175.75893	404.22588	446.84868	167.72979	408.73347	355.34344	227.39736	483.35347	412.65148	122.87207	455.33805	283.71013	121.31167	402.09825	361.12597	129.3981	308.25905	148.33694	156.00078	293.54101	62.07576	111.80202	321.73824	69.22327	39.12974	250.8477	19.38667	68.24884	423.69887	28.69858	108.04231	414.03496	13.97256	52.66286	384.01975	15.53539	147.38625	374.93999	687.06288	77.63296	376.53396	676.52223	-50.59059	398.89507	363.91751	82.08851	390.17277	362.7998	-78.12303	434.80762	730.77165	10.22916	305.17573	57.59628	75.28707	303.25349	62.10442	-108.81046	
39	0.38	265.52719	1100.22577	-9.90707	280.79288	915.41156	-4.87783	378.11708	1083.03315	1.40729	435.89535	723.66538	-75.84722	433.75954	737.81903	96.38395	296.5638	767.3745	1.45987	395.13254	430.94428	-156.44901	390.88661	380.12456	-216.99168	481.33873	390.5828	-121.28339	412.12052	278.9452	-136.60766	390.46155	368.62679	-124.75645	320.71857	159.12831	-183.31462	295.23023	68.59355	-145.19996	315.87645	71.41822	-70.82847	245.40989	20.32434	-109.61017	421.79541	30.76994	-134.66523	416.82784	16.10029	-84.71028	381.43669	17.65796	-175.76771	404.2823	446.82925	167.75728	408.80293	355.31077	227.42065	483.41202	412.61733	122.88888	455.38308	283.6829	121.31748	402.15297	361.10302	129.42238	308.28004	148.32822	156.00732	293.54252	62.07186	111.80142	321.73892	69.2242	39.13028	250.84813	19.38684	68.24734	423.70153	28.69498	108.042	414.03501	13.96863	52.65591	384.0155	15.53489	147.38358	374.9575	687.03674	77.67159	376.54756	676.49965	-50.55082	398.9427	363.89924	82.11355	390.24663	362.81297	-78.11791	434.82745	730.74221	10.26837	305.17556	57.59525	75.28637	303.26662	62.10009	-108.82141	
40	0.39	265.62116	1100.23228	-9.9007	280.85835	915.41047	-4.83833	378.22629	1083.01111	1.41508	435.92056	723.6347	-75.80611	433.78423	737.78747	96.42451	296.58542	767.35572	1.51412	395.1757	430.94752	-156.46983	390.88534	380.13205	-216.99078	481.39696	390.59559	-121.32567	412.15482	278.94316	-136.63593	390.50655	368.63035	-124.75565	320.73326	159.11967	-183.31703	295.24468	68.58712	-145.20962	315.89366	71.41665	-70.83754	245.41966	20.32602	-109.61374	421.79055	30.76615	-134.6797	416.83121	16.11323	-84.71673	381.43806	17.65214	-175.7755	404.33652	446.80916	167.78532	408.8808	355.27617	227.44236	483.47409	412.58158	122.90244	455.43175	283.65371	121.31935	402.21183	361.07852	129.44583	308.30374	148.31995	156.01625	293.54763	62.06801	111.8021	321.74306	69.22492	39.13157	250.84893	19.38861	68.24794	423.70617	28.69023	108.04297	414.036	13.96365	52.64947	384.01305	15.53273	147.38093	374.97761	687.00987	77.7114	376.56806	676.47344	-50.51066	398.99238	363.87961	82.13791	390.31501	362.81455	-78.11726	434.8524	730.71108	10.3092	305.17897	57.59417	75.28672	303.28103	62.09594	-108.83105	
41	0.4	265.71975	1100.24289	-9.89497	280.92908	915.41307	-4.79978	378.34222	1082.99129	1.42119	435.95471	723.60297	-75.76168	433.81459	737.7584	96.46933	296.6123	767.33757	1.5635	395.20938	430.9463	-156.48201	390.88461	380.13966	-216.99169	481.44134	390.60351	-121.36106	412.19162	278.94061	-136.66245	390.54471	368.6284	-124.75686	320.75124	159.11163	-183.31989	295.25927	68.58235	-145.21623	315.90975	71.41431	-70.84388	245.42964	20.32779	-109.61567	421.78738	30.76337	-134.69108	416.83371	16.12371	-84.7209	381.44133	17.64646	-175.78127	404.38556	446.79039	167.81436	408.95919	355.24278	227.46356	483.53469	412.5469	122.91429	455.47836	283.62559	121.32046	402.26928	361.05523	129.46922	308.32748	148.31345	156.02856	293.55643	62.06526	111.80559	321.75078	69.22634	39.13585	250.85071	19.39237	68.25148	423.71151	28.68494	108.04659	414.0382	13.95944	52.64576	384.01277	15.52883	147.37911	375.0031	686.98487	77.75516	376.59637	676.44645	-50.46713	399.03971	363.8612	82.16228	390.37284	362.80782	-78.11898	434.88465	730.68069	10.35382	305.18618	57.59398	75.29005	303.29522	62.09247	-108.83766	
42	0.41	265.82315	1100.2583	-9.88984	281.00644	915.42003	-4.76305	378.46202	1082.97621	1.42754	435.99893	723.57442	-75.71492	433.85421	737.7353	96.51723	296.64831	767.32284	1.60618	395.233	430.94443	-156.48837	390.88545	380.14722	-216.99466	481.47193	390.61025	-121.38713	412.22762	278.93877	-136.6844	390.57411	368.62427	-124.75953	320.77133	159.10394	-183.32338	295.2721	68.57997	-145.21922	315.92367	71.41259	-70.84775	245.43877	20.32948	-109.61575	421.78666	30.76277	-134.69963	416.83544	16.13069	-84.72386	381.44629	17.64104	-175.78557	404.42712	446.77614	167.84324	409.02885	355.21441	227.48437	483.58808	412.51739	122.9251	455.51675	283.60252	121.3227	402.3188	361.03689	129.49204	308.34781	148.31052	156.04314	293.56739	62.06517	111.81192	321.76123	69.22983	39.14329	250.85396	19.398	68.25772	423.71565	28.67984	108.05285	414.04178	13.95786	52.64582	384.01449	15.52438	147.37866	375.03785	686.96507	77.80239	376.63455	676.42261	-50.42061	399.07952	363.8477	82.18606	390.41669	362.79788	-78.12233	434.92657	730.65486	10.40115	305.1961	57.59609	75.29648	303.30777	62.09064	-108.84108	
43	0.42	265.93292	1100.27797	-9.88581	281.09275	915.43066	-4.72948	378.58301	1082.96762	1.43617	436.05393	723.55288	-75.6682	433.90547	737.72084	96.56588	296.69732	767.31487	1.64123	395.24622	430.94519	-156.49195	390.88878	380.15438	-216.99983	481.48996	390.61844	-121.40268	412.25975	278.9389	-136.70013	390.59395	368.6209	-124.76342	320.79219	159.09643	-183.32821	295.28192	68.58013	-145.21941	315.93487	71.41288	-70.85066	245.44629	20.33123	-109.61488	421.78821	30.76476	-134.70624	416.83667	16.13475	-84.72646	381.45274	17.63634	-175.78944	404.45944	446.76943	167.87016	409.08038	355.19476	227.50435	483.6283	412.49695	122.93592	455.54074	283.58767	121.32733	402.35387	361.02695	129.51337	308.36119	148.31214	156.05774	293.57824	62.06836	111.8204	321.77255	69.2358	39.15273	250.85994	19.4044	68.26563	423.71759	28.6755	108.06102	414.04641	13.95966	52.64919	384.01737	15.52052	147.38016	375.08437	686.95345	77.85101	376.68385	676.40573	-50.37321	399.10664	363.84244	82.20821	390.44488	362.78934	-78.12684	434.9797	730.63686	10.44884	305.20675	57.60094	75.30508	303.31781	62.0911	-108.84255	
44	0.43	266.0506	1100.30117	-9.88433	281.18886	915.44438	-4.7004	378.70318	1082.96605	1.4485	436.11924	723.54014	-75.62297	433.96872	737.71528	96.61292	296.76117	767.31725	1.66885	395.2491	430.94993	-156.49456	390.89537	380.1605	-217.00663	481.49746	390.62857	-121.40707	412.28537	278.94136	-136.70897	390.60447	368.6198	-124.768	320.81281	159.08901	-183.33449	295.28887	68.5821	-145.21871	315.94295	71.41537	-70.85408	245.45199	20.33349	-109.61457	421.79115	30.76854	-134.7117	416.8373	16.13718	-84.72851	381.46004	17.63225	-175.79348	404.48195	446.77177	167.89364	409.1058	355.18647	227.52293	483.65021	412.48737	122.94843	455.54525	283.58232	121.33593	402.36923	361.02709	129.53262	308.36511	148.31779	156.07046	293.58759	62.07403	111.83036	321.78268	69.2432	39.16326	250.87032	19.40993	68.27364	423.71763	28.67208	108.07034	414.05118	13.96418	52.65431	384.02049	15.51728	147.3839	375.14235	686.95179	77.89855	376.74336	676.39875	-50.32681	399.11716	363.84664	82.22803	390.4574	362.78479	-78.13184	435.04398	730.62771	10.49498	305.21647	57.60754	75.31507	303.32519	62.09351	-108.84381	
45	0.44	266.17555	1100.32788	-9.88699	281.29394	915.4614	-4.67695	378.82183	1082.97143	1.46352	436.19325	723.53603	-75.58048	434.04235	737.71708	96.65488	296.83898	767.33306	1.68976	395.24241	430.95847	-156.49719	390.90661	380.16569	-217.01456	481.49707	390.63976	-121.40097	412.30283	278.94601	-136.71226	390.60717	368.62157	-124.77342	320.83256	159.08183	-183.34234	295.2941	68.58473	-145.21987	315.94803	71.41934	-70.85943	245.45641	20.33714	-109.61622	421.79493	30.77302	-134.71721	416.83741	16.13933	-84.72976	381.4673	17.62841	-175.79834	404.49601	446.7833	167.91237	409.1004	355.19067	227.53914	483.65066	412.48805	122.96314	455.52776	283.58629	121.34957	402.36218	361.03697	129.54898	308.35908	148.32613	156.08001	293.59529	62.08104	111.8408	321.79062	69.2506	39.17377	250.88528	19.41371	68.28	423.71682	28.66937	108.07967	414.05495	13.9701	52.65909	384.02348	15.51404	147.38894	375.20905	686.96094	77.94138	376.81034	676.4035	-50.2836	399.10933	363.85925	82.24461	390.45578	362.785	-78.13747	435.1178	730.62656	10.5372	305.22471	57.6146	75.32538	303.33053	62.0969	-108.84701	
46	0.45	266.30478	1100.35849	-9.89434	281.40678	915.48223	-4.66	378.93971	1082.98321	1.47774	436.27345	723.53899	-75.54288	434.12314	737.72424	96.68733	296.92733	767.36372	1.70487	395.22786	430.9701	-156.50065	390.92447	380.1713	-217.02348	481.49189	390.6509	-121.38649	412.31205	278.95285	-136.71308	390.60474	368.6265	-124.78067	320.85118	159.07518	-183.35233	295.2985	68.58721	-145.22542	315.95054	71.42376	-70.86802	245.46048	20.34315	-109.62027	421.79943	30.77726	-134.72395	416.83766	16.14224	-84.73076	381.47385	17.62467	-175.80484	404.50436	446.80352	167.92507	409.06372	355.20708	227.55189	483.62929	412.4974	122.97879	455.48919	283.59871	121.36806	402.333	361.055	129.5613	308.34422	148.33587	156.08568	293.60117	62.08854	111.85026	321.79694	69.25749	39.18289	250.90239	19.4165	68.28354	423.71626	28.66713	108.08758	414.05656	13.97608	52.66164	384.02632	15.51035	147.39361	375.28038	686.98074	77.97498	376.88124	676.42013	-50.24656	399.08377	363.87806	82.25673	390.4431	362.7897	-78.14478	435.1983	730.63162	10.57222	305.23167	57.62148	75.33459	303.33442	62.10031	-108.85407	
47	0.46	266.43574	1100.39296	-9.90583	281.52581	915.50709	-4.64962	379.05864	1083.00001	1.48779	436.35673	723.54601	-75.51185	434.20638	737.73405	96.70731	297.02206	767.40803	1.71516	395.2083	430.98385	-156.50472	390.95014	380.17866	-217.03284	481.48493	390.66087	-121.36564	412.31505	278.96175	-136.71389	390.60035	368.63417	-124.78994	320.86839	159.06905	-183.36445	295.30232	68.58924	-145.23565	315.95041	71.42723	-70.87995	245.46488	20.35188	-109.62611	421.80411	30.77964	-134.73162	416.8385	16.14599	-84.73201	381.47914	17.62089	-175.81265	404.50981	446.8309	167.9314	408.9995	355.23393	227.56102	483.58888	412.51379	122.99439	455.43358	283.61779	121.39094	402.28492	361.07891	129.5692	308.32214	148.34577	156.08786	293.60448	62.09558	111.85782	321.80294	69.26422	39.19087	250.91745	19.42002	68.28461	423.71643	28.66498	108.09322	414.05532	13.98119	52.66137	384.02871	15.50603	147.39704	375.3514	687.0093	77.9961	376.95229	676.44654	-50.21812	399.04347	363.90055	82.26401	390.4235	362.79755	-78.15409	435.28156	730.64003	10.59773	305.23754	57.62794	75.34237	303.33684	62.10292	-108.8652	
48	0.47	266.5684	1100.43043	-9.92045	281.6489	915.53582	-4.64477	379.18118	1083.01991	1.49232	436.43945	723.55324	-75.48771	434.28691	737.74319	96.71507	297.11993	767.4623	1.72115	395.18745	430.99799	-156.50791	390.98297	380.18785	-217.04139	481.47865	390.66896	-121.33965	412.31569	278.97187	-136.71482	390.59674	368.64317	-124.79973	320.88358	159.06317	-183.3774	295.30576	68.59079	-145.2482	315.94749	71.42877	-70.89346	245.46977	20.36283	-109.6327	421.80791	30.77843	-134.73842	416.83964	16.14942	-84.73301	381.48256	17.61659	-175.8199	404.51448	446.86264	167.93264	408.9151	355.26834	227.56757	483.53486	412.53554	123.01032	455.36722	283.6407	121.4182	402.22368	361.10604	129.57377	308.29488	148.3548	156.08825	293.60508	62.10109	111.86367	321.80932	69.27133	39.2001	250.92606	19.42574	68.28449	423.71707	28.66222	108.09708	414.05169	13.98496	52.65943	384.02985	15.50091	147.39964	375.41731	687.04303	78.0045	377.01986	676.47874	-50.19889	398.99342	363.92417	82.2676	390.40147	362.80638	-78.16398	435.36318	730.64822	10.61368	305.24248	57.63379	75.35002	303.3377	62.10427	-108.87831	
49	0.48	266.70451	1100.46942	-9.9371	281.77396	915.5679	-4.64354	379.30992	1083.04142	1.49128	436.51798	723.55751	-75.47066	434.36182	737.75001	96.71315	297.21811	767.52132	1.72274	395.16941	431.01034	-156.50904	391.02058	380.19759	-217.04825	481.47514	390.67562	-121.31044	412.31841	278.98188	-136.71472	390.59604	368.65192	-124.80821	320.89615	159.05769	-183.38949	295.30915	68.59232	-145.25994	315.94254	71.42888	-70.90596	245.4748	20.37468	-109.6391	421.80996	30.77371	-134.743	416.84028	16.15131	-84.73342	381.48385	17.61179	-175.82523	404.51984	446.8956	167.93076	408.82093	355.30706	227.57273	483.47428	412.56088	123.02694	455.29784	283.66475	121.44885	402.15682	361.13395	129.57653	308.26538	148.36291	156.08858	293.60408	62.1049	111.86851	321.81592	69.27911	39.21242	250.92583	19.43383	68.28394	423.71741	28.65859	108.10019	414.04697	13.98719	52.6578	384.02895	15.4951	147.4022	375.47597	687.07822	78.00307	377.08123	676.51191	-50.18776	398.93973	363.94687	82.26916	390.38141	362.81455	-78.17261	435.4399	730.65376	10.62125	305.2468	57.63912	75.35879	303.33744	62.1049	-108.89053	
50	0.49	266.84615	1100.50836	-9.95492	281.89925	915.60232	-4.64402	379.44661	1083.06365	1.48476	436.5896	723.55712	-75.46141	434.43196	737.75556	96.70458	297.31373	767.57867	1.71956	395.15818	431.01899	-156.50869	391.05997	380.20564	-217.05386	481.47667	390.68185	-121.28182	412.32649	278.99057	-136.71325	390.6	368.65932	-124.81487	320.90644	159.05307	-183.39976	295.31271	68.5947	-145.26898	315.93699	71.42972	-70.91557	245.479	20.38572	-109.64499	421.81015	30.76796	-134.74573	416.83985	16.15153	-84.73394	381.48339	17.60744	-175.829	404.52712	446.92724	167.92693	408.72938	355.34667	227.57702	483.415	412.58823	123.04303	455.23364	283.68824	121.47997	402.09266	361.1609	129.57841	308.23725	148.37104	156.08946	293.60282	62.10802	111.87259	321.82223	69.28727	39.22682	250.91716	19.44334	68.28294	423.71676	28.65478	108.10305	414.0424	13.98798	52.65821	384.02584	15.48934	147.40499	375.52948	687.1121	77.99641	377.13585	676.54124	-50.18261	398.8888	363.9677	82.26977	390.36745	362.82158	-78.1794	435.51078	730.65634	10.62158	305.25076	57.64436	75.36827	303.3368	62.10635	-108.89993	
51	0.5	266.99493	1100.546	-9.97324	282.02354	915.63734	-4.64542	379.59168	1083.08533	1.47351	436.653	723.55091	-75.45985	434.49957	737.76063	96.69253	297.40442	767.62769	1.71118	395.1573	431.02218	-156.50834	391.09894	380.20896	-217.05926	481.48571	390.68698	-121.25802	412.34132	278.99633	-136.71115	390.61027	368.664	-124.8203	320.91615	159.04914	-183.40775	295.31662	68.59832	-145.27484	315.93209	71.43334	-70.92133	245.48103	20.39457	-109.65051	421.8089	30.76409	-134.74753	416.83853	16.15081	-84.73518	381.48155	17.60418	-175.83199	404.53765	446.95521	167.92173	408.65313	355.38313	227.58048	483.36518	412.61512	123.0564	455.18194	283.70949	121.50792	402.03947	361.185	129.57994	308.21359	148.37983	156.09084	293.60187	62.1113	111.87593	321.82763	69.29501	39.2406	250.9026	19.45306	68.28154	423.71479	28.65167	108.10597	414.03892	13.98782	52.66146	384.021	15.4845	147.40822	375.58136	687.1417	77.98921	377.18462	676.56235	-50.18074	398.84673	363.98586	82.27019	390.3632	362.82693	-78.18483	435.57628	730.65577	10.61634	305.25419	57.64952	75.37704	303.3364	62.10993	-108.90574	
52	0.51	267.15254	1100.58163	-9.99158	282.14604	915.67083	-4.64862	379.74489	1083.10419	1.45956	436.70774	723.53718	-75.46411	434.56494	737.76289	96.68053	297.48805	767.66364	1.69754	395.16946	431.01805	-156.50885	391.13709	380.20423	-217.0651	481.50466	390.68768	-121.24181	412.36319	278.99623	-136.70904	390.62858	368.66345	-124.82501	320.92789	159.04475	-183.41293	295.32124	68.60258	-145.27783	315.92862	71.43933	-70.92292	245.47992	20.40089	-109.65579	421.80702	30.76322	-134.74852	416.83702	16.14991	-84.73677	381.47832	17.60147	-175.83413	404.55344	446.97685	167.91602	408.60314	355.41207	227.58276	483.33235	412.63685	123.06497	455.14826	283.72564	121.52969	402.00465	361.20352	129.58149	308.19628	148.38856	156.09284	293.60131	62.11443	111.87882	321.83175	69.30109	39.25181	250.88662	19.462	68.28	423.71146	28.64924	108.10992	414.03743	13.98737	52.66717	384.01519	15.48074	147.41246	375.63238	687.16318	77.9849	377.22774	676.57189	-50.17985	398.81921	363.99936	82.27097	390.37149	362.82855	-78.18932	435.63634	730.65004	10.60821	305.25676	57.65389	75.38426	303.33677	62.11515	-108.90797	
53	0.52	267.32106	1100.6151	-10.00964	282.26634	915.70101	-4.65559	379.9063	1083.11772	1.4448	436.75406	723.51439	-75.47236	434.62642	737.75849	96.67079	297.56315	767.68463	1.6793	395.19653	431.00519	-156.51075	391.1764	380.18932	-217.07199	481.53597	390.6795	-121.23479	412.39254	278.98702	-136.70758	390.65721	368.65513	-124.82964	320.94443	159.03845	-183.41551	295.32708	68.60641	-145.27894	315.92739	71.44474	-70.92145	245.47579	20.40535	-109.66065	421.80586	30.76445	-134.74867	416.83618	16.14964	-84.73847	381.47386	17.59833	-175.83561	404.57732	446.98991	167.91016	408.58703	355.43007	227.58247	483.32236	412.64795	123.06646	455.13591	283.73348	121.54207	401.9937	361.21372	129.58226	308.18645	148.39576	156.0952	293.60142	62.11668	111.88139	321.8347	69.30424	39.2597	250.87439	19.46951	68.27861	423.70759	28.64679	108.11566	414.03905	13.98694	52.67394	384.00961	15.4777	147.41758	375.68067	687.17314	77.98429	377.26473	676.56816	-50.17936	398.81068	364.00585	82.27134	390.39471	362.82364	-78.19355	435.69024	730.63644	10.59921	305.25856	57.65649	75.38963	303.33851	62.12003	-108.90767	
54	0.53	267.501	1100.64661	-10.0274	282.38433	915.72677	-4.66822	380.07612	1083.12411	1.42964	436.79287	723.48202	-75.48457	434.68266	737.74493	96.66251	297.62984	767.69083	1.65754	395.23945	430.98361	-156.51526	391.22073	380.16444	-217.08123	481.5822	390.65922	-121.23862	412.43037	278.96728	-136.70838	390.69904	368.63815	-124.83591	320.96784	159.02909	-183.41757	295.33494	68.60885	-145.27974	315.92953	71.44665	-70.9198	245.46981	20.40894	-109.66485	421.80689	30.76618	-134.74892	416.83685	16.15112	-84.74115	381.46919	17.59425	-175.83806	404.61227	446.99379	167.90299	408.60805	355.43526	227.57741	483.33797	412.64505	123.05796	455.14593	283.73114	121.54091	402.00884	361.21427	129.5799	308.18486	148.40045	156.09639	293.60269	62.11776	111.88302	321.83721	69.30379	39.26352	250.86916	19.4754	68.27735	423.70495	28.64366	108.12233	414.04481	13.98596	52.67978	384.0062	15.47499	147.42186	375.72472	687.17014	77.98533	377.29581	676.55118	-50.1808	398.8229	364.00423	82.26905	390.43529	362.81078	-78.19931	435.73776	730.61347	10.58897	305.26017	57.65685	75.39248	303.34255	62.12261	-108.90708	
55	0.54	267.69003	1100.67609	-10.0452	282.50016	915.74766	-4.68749	380.25348	1083.12251	1.41392	436.82571	723.44044	-75.50163	434.7335	737.72156	96.65291	297.68955	767.68381	1.63325	395.29762	430.95445	-156.5238	391.27449	380.13172	-217.09415	481.64504	390.62593	-121.25405	412.47774	278.93791	-136.71325	390.75648	368.61352	-124.84583	320.99856	159.01568	-183.42157	295.34571	68.60902	-145.28149	315.93573	71.44391	-70.9207	245.46363	20.4125	-109.66814	421.81056	30.76697	-134.75047	416.8395	16.15482	-84.74544	381.46571	17.5891	-175.84308	404.6596	446.98933	167.89266	408.66458	355.42712	227.56645	483.37779	412.62761	123.03758	455.17695	283.7185	121.52314	402.04837	361.2051	129.57247	308.19142	148.40252	156.09454	293.60562	62.11777	111.88319	321.8402	69.29982	39.26223	250.87094	19.4799	68.27601	423.70534	28.6393	108.12806	414.05461	13.98335	52.68296	384.00665	15.47204	147.42356	375.76433	687.15478	77.98465	377.322	676.52233	-50.1863	398.85414	363.99464	82.26216	390.4946	362.79037	-78.2087	435.7796	730.581	10.57564	305.26237	57.65508	75.3921	303.34967	62.12184	-108.90819	
56	0.55	267.88436	1100.70298	-10.064	282.61347	915.76416	-4.71307	380.43589	1083.11276	1.39821	436.85491	723.39092	-75.5236	434.77887	737.68855	96.63922	297.74431	767.66608	1.60697	395.36818	430.9194	-156.53663	391.34091	380.09418	-217.11082	481.7237	390.58082	-121.27875	412.53517	278.90122	-136.72261	390.82971	368.583	-124.86005	321.03527	158.99763	-183.42817	295.35933	68.6063	-145.2845	315.94546	71.43696	-70.92463	245.45866	20.41685	-109.67011	421.81598	30.76581	-134.75345	416.84393	16.15966	-84.75044	381.46441	17.58268	-175.85037	404.71721	446.97777	167.87813	408.75032	355.40642	227.55063	483.43702	412.59714	123.00651	455.22523	283.69638	121.48938	402.10733	361.18696	129.56011	308.20477	148.40225	156.08926	293.61041	62.11691	111.88236	321.84408	69.29288	39.2558	250.87743	19.48346	68.27461	423.70933	28.63331	108.13171	414.06662	13.97887	52.6827	384.01105	15.46806	147.42275	375.79947	687.12878	77.97872	377.34509	676.4841	-50.1976	398.90012	363.97777	82.25075	390.57127	362.76349	-78.22244	435.81689	730.53974	10.55781	305.26558	57.65153	75.38868	303.35959	62.1176	-108.91138	
57	0.56	268.08014	1100.72714	-10.08518	282.72295	915.77772	-4.74376	380.61976	1083.09557	1.38323	436.88395	723.33642	-75.54995	434.8187	737.64755	96.61945	297.79715	767.64056	1.57834	395.44582	430.88078	-156.55299	391.42079	380.05535	-217.13007	481.81441	390.52693	-121.30759	412.6022	278.86055	-136.73547	390.91604	368.54875	-124.87765	321.07508	158.97596	-183.43657	295.37413	68.60083	-145.28836	315.9571	71.42766	-70.93023	245.45564	20.42262	-109.67016	421.82179	30.76268	-134.7575	416.84942	16.16386	-84.75481	381.46567	17.57544	-175.85859	404.78024	446.96091	167.85922	408.85534	355.37574	227.5322	483.50939	412.55714	122.96856	455.285	283.66652	121.44419	402.17894	361.16184	129.54447	308.22255	148.40022	156.08175	293.61659	62.11578	111.88084	321.84878	69.28421	39.24568	250.88528	19.48676	68.27329	423.7161	28.62587	108.13316	414.07806	13.97374	52.67941	384.01751	15.46301	147.4207	375.83071	687.09486	77.96438	377.36829	676.44019	-50.21621	398.9556	363.95535	82.23637	390.66087	362.73162	-78.23973	435.85132	730.49198	10.53475	305.26967	57.6471	75.38308	303.37074	62.11087	-108.91577	
58	0.57	268.27278	1100.74933	-10.1097	282.82755	915.79012	-4.77839	380.80118	1083.07302	1.36863	436.91696	723.28178	-75.58055	434.85469	737.60296	96.59261	297.85225	767.61063	1.54641	395.52368	430.8418	-156.57176	391.51216	380.01881	-217.15082	481.9109	390.46876	-121.33483	412.67646	278.82012	-136.75055	391.0101	368.51354	-124.89754	321.11393	158.95341	-183.44612	295.38743	68.59359	-145.29254	315.96868	71.41898	-70.93618	245.45449	20.42964	-109.66815	421.82703	30.75882	-134.76287	416.85525	16.1665	-84.75864	381.46921	17.56891	-175.86722	404.84334	446.94163	167.83624	408.96733	355.33979	227.51313	483.58835	412.5132	122.92796	455.34945	283.63219	121.39424	402.25564	361.13349	129.52699	308.24199	148.39741	156.07332	293.62317	62.11554	111.87797	321.85441	69.27588	39.23384	250.89122	19.49054	68.27167	423.72431	28.61815	108.13269	414.0863	13.96976	52.67456	384.02352	15.45801	147.41838	375.86081	687.05731	77.93991	377.39617	676.39518	-50.24309	399.01531	363.93063	82.22027	390.75628	362.69713	-78.25952	435.88583	730.44237	10.50603	305.27432	57.64337	75.37596	303.38095	62.10363	-108.92045	
59	0.58	268.45723	1100.77055	-10.13782	282.92794	915.80266	-4.81632	380.97648	1083.04831	1.35323	436.9575	723.23179	-75.6151	434.8909	737.56037	96.55944	297.91309	767.58083	1.51066	395.59459	430.80607	-156.59082	391.61018	379.98679	-217.17255	482.00478	390.41082	-121.35546	412.75265	278.78349	-136.76615	391.10384	368.47996	-124.91887	321.14734	158.9329	-183.45618	295.39669	68.58579	-145.29644	315.97842	71.41336	-70.94171	245.4544	20.43661	-109.66482	421.83093	30.75546	-134.76958	416.86068	16.16768	-84.7626	381.4738	17.56421	-175.87589	404.90179	446.92319	167.81059	409.07285	355.30475	227.49496	483.667	412.47156	122.88875	455.4115	283.59755	121.34683	402.32961	361.10637	129.50873	308.26049	148.39493	156.06477	293.62923	62.11685	111.87337	321.86105	69.2692	39.22181	250.89318	19.49508	68.26887	423.73283	28.61156	108.13112	414.08994	13.96803	52.6705	384.02722	15.4544	147.41664	375.89387	687.02124	77.90639	377.43246	676.35362	-50.27747	399.07413	363.90726	82.20326	390.84786	362.66281	-78.28095	435.9242	730.39608	10.47217	305.27925	57.64124	75.36789	303.38823	62.09767	-108.9247	
60	0.59	268.63001	1100.7915	-10.16945	283.02648	915.81601	-4.85733	381.1431	1083.02456	1.33586	437.00742	723.18886	-75.65222	434.93177	737.52352	96.52265	297.98049	767.55707	1.47155	395.65194	430.77679	-156.60645	391.70756	379.95966	-217.19459	482.08618	390.35585	-121.36559	412.82312	278.75214	-136.77976	391.18756	368.44925	-124.94049	321.17156	158.91641	-183.46533	295.40038	68.57824	-145.29951	315.98511	71.41096	-70.94566	245.45449	20.44174	-109.66172	421.83265	30.75264	-134.77584	416.86438	16.16757	-84.76621	381.47747	17.56071	-175.88315	404.95169	446.90789	167.78522	409.15943	355.2768	227.47913	483.73757	412.4368	122.85514	455.46417	283.56628	121.30888	402.39316	361.08406	129.49119	308.27605	148.39366	156.05704	293.63445	62.11925	111.86812	321.86846	69.26314	39.21062	250.89086	19.50015	68.26431	423.74078	28.6069	108.13028	414.08967	13.96851	52.66967	384.02788	15.45258	147.41687	375.93239	686.99105	77.86745	377.47771	676.31891	-50.31657	399.12668	363.88757	82.18664	390.92469	362.63034	-78.30284	435.9696	730.35619	10.43522	305.28432	57.6399	75.35989	303.39148	62.09343	-108.92772	
61	0.6	268.79055	1100.81279	-10.20451	283.12595	915.8307	-4.90136	381.30037	1083.00437	1.31523	437.06698	723.15361	-75.69032	434.98116	737.4942	96.4852	298.05271	767.54565	1.43014	395.69079	430.75671	-156.6152	391.79564	379.93716	-217.21621	482.1457	390.30516	-121.36411	412.8802	278.72649	-136.78941	391.2523	368.42169	-124.9615	321.18425	158.90544	-183.47246	295.3986	68.5716	-145.30192	315.9886	71.41058	-70.94729	245.45431	20.44406	-109.66033	421.83186	30.74961	-134.77935	416.86473	16.16646	-84.76838	381.4787	17.55704	-175.88779	404.99056	446.89715	167.76289	409.21781	355.26107	227.4662	483.79221	412.41161	122.83024	455.50117	283.5417	121.28488	402.43968	361.06923	129.47582	308.28716	148.39448	156.05103	293.63922	62.12209	111.86384	321.87618	69.25581	39.20069	250.88561	19.50578	68.25838	423.74772	28.60436	108.13178	414.08786	13.97027	52.67321	384.02609	15.45215	147.41982	375.97709	686.97009	77.8272	377.52998	676.29354	-50.3572	399.16759	363.87307	82.17168	390.97762	362.60031	-78.32422	436.02407	730.32391	10.39744	305.28963	57.63798	75.353	303.39093	62.09064	-108.92922	
62	0.61	268.94019	1100.83509	-10.24271	283.22891	915.84783	-4.94839	381.44958	1082.99051	1.28912	437.13593	723.12678	-75.72881	435.04279	737.47426	96.44837	298.12814	767.55184	1.38767	395.7098	430.74842	-156.61636	391.86595	379.92018	-217.23759	482.17719	390.26052	-121.35449	412.91843	278.70813	-136.79574	391.29238	368.39853	-124.98238	321.18437	158.90166	-183.47844	295.39274	68.56681	-145.30493	315.99005	71.41181	-70.94828	245.45403	20.44415	-109.66123	421.82955	30.74628	-134.78002	416.86133	16.16576	-84.76946	381.47751	17.55277	-175.8909	405.01744	446.89264	167.74416	409.24274	355.26124	227.45474	483.82444	412.39855	122.81409	455.51781	283.52804	121.27491	402.46437	361.06468	129.46232	308.2925	148.39908	156.04657	293.64392	62.12562	111.861	321.88403	69.2475	39.19182	250.87978	19.51285	68.25223	423.75383	28.60395	108.13505	414.08725	13.97191	52.67992	384.02343	15.45278	147.42402	376.02913	686.96146	77.78831	377.58746	676.27979	-50.39713	399.19222	363.86619	82.15804	391.00242	362.57411	-78.34557	436.08936	730.30052	10.35978	305.29541	57.63571	75.34736	303.38799	62.08952	-108.9307	
63	0.62	269.08069	1100.85932	-10.28348	283.33749	915.86912	-4.99846	381.59284	1082.98612	1.25526	437.21381	723.10887	-75.76745	435.11997	737.46541	96.41184	298.20704	767.5788	1.34566	395.7128	430.75393	-156.61272	391.91105	379.91121	-217.25951	482.17986	390.22505	-121.34406	412.93508	278.70016	-136.80185	391.30657	368.38274	-125.00436	321.17111	158.90667	-183.485	295.38415	68.56505	-145.31013	315.99103	71.41478	-70.95234	245.45461	20.44376	-109.6641	421.82763	30.74363	-134.78001	416.85552	16.16743	-84.77094	381.47565	17.54861	-175.89515	405.03172	446.89625	167.72789	409.23205	355.27873	227.44225	483.82959	412.40037	122.80456	455.51076	283.52959	121.2754	402.46378	361.07319	129.44906	308.29046	148.40949	156.0426	293.64807	62.13057	111.85877	321.89224	69.24123	39.18442	250.87522	19.52244	68.24703	423.75932	28.60526	108.13805	414.08951	13.97245	52.68708	384.02145	15.45453	147.42683	376.09043	686.96776	77.75212	377.64928	676.27938	-50.43465	399.19649	363.87038	82.14419	391.00099	362.55493	-78.36808	436.16689	730.28714	10.3222	305.30164	57.63492	75.34278	303.38413	62.09066	-108.93484	
64	0.63	269.21345	1100.88693	-10.32642	283.45349	915.89594	-5.05186	381.73143	1082.99339	1.21385	437.29928	723.09858	-75.80505	435.21371	737.46742	96.37531	298.29015	767.62714	1.30593	395.70755	430.77333	-156.60893	391.9248	379.91325	-217.28204	482.15763	390.20245	-121.34152	412.92908	278.70515	-136.81163	391.29691	368.37788	-125.02785	321.14259	158.92154	-183.49245	295.37313	68.56725	-145.31827	315.99209	71.41855	-70.9621	245.45754	20.44477	-109.66779	421.82756	30.74233	-134.78113	416.84908	16.1723	-84.77341	381.47553	17.54508	-175.90225	405.03182	446.90907	167.71347	409.18533	355.31196	227.42758	483.80425	412.41853	122.80033	455.47711	283.54828	121.28202	402.43504	361.09597	129.43537	308.27927	148.42665	156.03852	293.65039	62.1369	111.85638	321.90063	69.24037	39.18085	250.87254	19.53457	68.24337	423.76367	28.60726	108.13991	414.09474	13.97228	52.69229	384.02044	15.4572	147.42718	376.16145	686.98974	77.71961	377.71415	676.29221	-50.46779	399.17634	363.88821	82.12962	390.97951	362.54659	-78.39208	436.2565	730.283	10.28513	305.30768	57.63725	75.34012	303.37959	62.09395	-108.94338	
65	0.64	269.33965	1100.91934	-10.37156	283.57863	915.92856	-5.10912	381.86564	1083.01273	1.16758	437.3901	723.09338	-75.84034	435.32205	737.47872	96.33931	298.37764	767.69494	1.27003	395.70106	430.80424	-156.60884	391.90242	379.92852	-217.30462	482.11517	390.19514	-121.3549	412.89984	278.72398	-136.82882	391.26619	368.38619	-125.05279	321.09582	158.947	-183.49978	295.35917	68.57369	-145.32916	315.9932	71.42209	-70.9777	245.4638	20.44838	-109.67081	421.82933	30.74196	-134.78376	416.84275	16.1797	-84.7764	381.47848	17.5419	-175.91233	405.01493	446.931	167.70142	409.10362	355.35684	227.41176	483.74611	412.45273	122.80165	455.41478	283.58295	121.29165	402.3759	361.132	129.42236	308.25779	148.44984	156.03468	293.64943	62.14402	111.854	321.90802	69.24656	39.18407	250.87153	19.54769	68.24127	423.76554	28.60875	108.14154	414.10175	13.97309	52.69456	384.0192	15.46016	147.42638	376.24051	687.02607	77.69179	377.78017	676.31626	-50.49504	399.12794	363.92009	82.11562	390.94456	362.55129	-78.4175	436.35608	730.28605	10.24948	305.3123	57.64322	75.34093	303.37394	62.09895	-108.9563	
66	0.65	269.46112	1100.95698	-10.41906	283.71408	915.96605	-5.17071	381.99584	1083.04337	1.11893	437.4841	723.09162	-75.87362	435.44146	737.49855	96.30451	298.47027	767.7783	1.23878	395.6961	430.84321	-156.61459	391.8403	379.9581	-217.32744	482.05446	390.20341	-121.39122	412.84655	278.75627	-136.85734	391.2159	368.40798	-125.08035	321.0276	158.98387	-183.50668	295.34166	68.58369	-145.34233	315.99509	71.42665	-70.99806	245.4726	20.45469	-109.67202	421.83176	30.74184	-134.78811	416.8363	16.18862	-84.77979	381.48409	17.53862	-175.92531	404.97805	446.96169	167.69221	408.98954	355.40876	227.3969	483.65482	412.50238	122.80869	455.32372	283.63114	121.3023	402.28563	361.1792	129.41162	308.22561	148.47749	156.03145	293.64394	62.15201	111.85236	321.91289	69.2602	39.19482	250.87162	19.55962	68.24053	423.76375	28.60921	108.14383	414.10871	13.97637	52.69441	384.01641	15.46298	147.42645	376.32573	687.07458	77.66908	377.84646	676.3487	-50.51663	399.04895	363.96519	82.10399	390.90024	362.56891	-78.44554	436.46278	730.29509	10.21545	305.31411	57.65311	75.34592	303.36711	62.10595	-108.97276	
67	0.66	269.58035	1100.9993	-10.46902	283.85967	916.00679	-5.23658	382.12316	1083.08375	1.06844	437.57987	723.09313	-75.90643	435.56799	737.52694	96.27105	298.56901	767.87261	1.21256	395.6915	430.88767	-156.62808	391.73574	380.00176	-217.3518	481.97529	390.22626	-121.45625	412.76804	278.80068	-136.90068	391.14611	368.44228	-125.11265	320.93564	159.03213	-183.5142	295.31988	68.59579	-145.35713	315.99877	71.43463	-71.02198	245.48177	20.46247	-109.67117	421.83343	30.74159	-134.79537	416.82932	16.19869	-84.78402	381.49076	17.53483	-175.94166	404.91922	447.00118	167.68583	408.84693	355.46443	227.38528	483.53259	412.56719	122.82063	455.20659	283.69056	121.31285	402.16564	361.23568	129.40408	308.18293	148.50788	156.02878	293.63345	62.16144	111.85243	321.91408	69.28071	39.21114	250.87258	19.56848	68.24108	423.75815	28.60906	108.14681	414.11385	13.98215	52.69344	384.01176	15.46583	147.42826	376.41567	687.13298	77.65068	377.9135	676.38709	-50.53444	398.93971	364.02222	82.09574	390.84801	362.59804	-78.47837	436.57393	730.31003	10.18231	305.31229	57.66694	75.35456	303.35923	62.11548	-108.99176	
68	0.67	269.70019	1101.04553	-10.52166	284.01337	916.04938	-5.30615	382.24925	1083.13121	1.01585	437.6763	723.0977	-75.93944	435.69686	737.56246	96.23867	298.6728	767.97385	1.19176	395.68405	430.93624	-156.65168	391.58708	380.05774	-217.37881	481.87757	390.26214	-121.55295	412.66333	278.85442	-136.96001	391.05636	368.4873	-125.15068	320.82022	159.08948	-183.52354	295.29311	68.60823	-145.37257	316.00437	71.44677	-71.048	245.48968	20.46958	-109.66889	421.83327	30.74041	-134.80682	416.82183	16.20991	-84.78925	381.49653	17.52957	-175.96149	404.83836	447.04921	167.68262	408.68027	355.52235	227.37921	483.38333	412.64602	122.83673	455.06849	283.75884	121.32385	402.01944	361.29917	129.40053	308.13091	148.53901	156.02699	293.61898	62.17197	111.85527	321.91073	69.30552	39.23014	250.87496	19.57278	68.243	423.74954	28.60894	108.1505	414.11588	13.98888	52.69336	384.00591	15.46898	147.43153	376.50752	687.19847	77.63477	377.9812	676.42956	-50.55058	398.80327	364.0885	82.09169	390.78801	362.6369	-78.51699	436.68658	730.33008	10.14961	305.30682	57.6833	75.36588	303.34998	62.12704	-109.01201	
69	0.68	269.82411	1101.09537	-10.57764	284.17178	916.09356	-5.37853	382.37596	1083.18232	0.96076	437.77158	723.10422	-75.97208	435.82234	737.60164	96.20658	298.77808	768.07935	1.17653	395.66912	430.98778	-156.68711	391.3949	380.12326	-217.40871	481.76231	390.30871	-121.68026	412.53249	278.9132	-137.0337	390.94656	368.54046	-125.19345	320.68607	159.15165	-183.53546	295.26141	68.61948	-145.38769	316.01156	71.46153	-71.07481	245.49613	20.47419	-109.6662	421.83062	30.73718	-134.82258	416.81476	16.22237	-84.79524	381.49997	17.52156	-175.98422	404.7385	447.10486	167.68285	408.49517	355.58246	227.3805	483.21198	412.73615	122.85672	454.91624	283.83329	121.33758	401.85253	361.3667	129.40196	308.07189	148.56876	156.02689	293.60299	62.18192	111.86154	321.90223	69.33041	39.24932	250.87937	19.57184	68.24667	423.73955	28.60909	108.15493	414.1142	13.9944	52.69503	384.0001	15.47209	147.43542	376.59643	687.26797	77.61883	378.04763	676.47477	-50.56668	398.64511	364.15964	82.09274	390.71984	362.68306	-78.56042	436.79696	730.35293	10.11725	305.29851	57.69927	75.37892	303.33923	62.13915	-109.03236	
70	0.69	269.95633	1101.14918	-10.63793	284.33141	916.1401	-5.45269	382.50553	1083.23435	0.90159	437.86294	723.11147	-76.00463	435.93915	737.64112	96.17294	298.88144	768.18718	1.16568	395.64027	431.04068	-156.73342	391.16355	380.19583	-217.44143	481.63086	390.36209	-121.83336	412.37779	278.97287	-137.11874	390.81777	368.59849	-125.23939	320.54251	159.21442	-183.55078	295.22598	68.62851	-145.40222	316.02075	71.47676	-71.10258	245.50164	20.4757	-109.66403	421.82565	30.73178	-134.84193	416.80981	16.23618	-84.80213	381.50076	17.51055	-176.00944	404.62685	447.16689	167.68526	408.29918	355.64591	227.38919	483.02589	412.834	122.87935	454.75781	283.91134	121.35617	401.67282	361.43565	129.40834	308.0092	148.59568	156.02871	293.58841	62.18959	111.87055	321.88905	69.35192	39.2664	250.88599	19.56617	68.25249	423.73065	28.6098	108.15908	414.10917	13.99708	52.69833	383.99598	15.47461	147.43862	376.67755	687.33893	77.59979	378.10979	676.52174	-50.5848	398.47331	364.23119	82.09874	390.64289	362.733	-78.60715	436.90104	730.3763	10.08415	305.2889	57.71232	75.39216	303.32784	62.15027	-109.05282	
71	0.7	270.1004	1101.20747	-10.70311	284.48916	916.19053	-5.52738	382.6406	1083.28578	0.836	437.94707	723.1184	-76.03897	436.04309	737.67894	96.13573	298.9815	768.29466	1.15611	395.59224	431.09292	-156.78734	390.90174	380.27336	-217.47658	481.48628	390.41805	-122.00434	412.20464	279.03097	-137.21168	390.67348	368.65836	-125.28691	320.40067	159.2748	-183.5699	295.18902	68.6348	-145.41651	316.03252	71.49059	-71.13311	245.50651	20.47445	-109.6628	421.81959	30.72528	-134.86383	416.80813	16.251	-84.8103	381.49974	17.49761	-176.03676	404.51357	447.23341	167.68735	408.1017	355.71422	227.40335	482.83536	412.93515	122.90177	454.60165	283.99037	121.38028	401.49032	361.50412	129.41794	307.9465	148.61922	156.0316	293.57722	62.19428	111.88033	321.87325	69.36901	39.27946	250.89453	19.55742	68.26043	423.72548	28.61169	108.16107	414.10191	13.9967	52.70281	383.99477	15.47607	147.43975	376.74753	687.40917	77.57513	378.16503	676.56898	-50.60735	398.29817	364.29964	82.10784	390.55802	362.78329	-78.6557	436.99508	730.39867	10.04838	305.27977	57.72166	75.40364	303.31719	62.15924	-109.07453	
72	0.71	270.25756	1101.27015	-10.7729	284.64185	916.24694	-5.60104	382.7838	1083.33579	0.76299	438.02079	723.12312	-76.076	436.1304	737.71354	96.09454	299.07708	768.39781	1.1443	395.52536	431.14233	-156.84494	390.62229	380.3533	-217.5125	481.33588	390.47395	-122.18292	412.02184	279.08624	-137.30778	390.52068	368.71799	-125.33311	320.26889	159.33071	-183.59121	295.15304	68.63814	-145.43054	316.04588	71.50109	-71.16781	245.5107	20.47123	-109.66252	421.81414	30.71866	-134.88656	416.8093	16.26556	-84.81954	381.4983	17.48403	-176.06466	404.40858	447.30095	167.6877	407.91275	355.78745	227.42072	482.65196	413.03367	122.92137	454.45587	284.06702	121.40949	401.31578	361.56985	129.42883	307.88719	148.63908	156.03479	293.56965	62.19586	111.88934	321.85805	69.38242	39.28834	250.90367	19.54811	68.26997	423.72555	28.61493	108.1602	414.09382	13.99437	52.70818	383.99645	15.47576	147.43871	376.80371	687.47623	77.54434	378.21109	676.61379	-50.6352	398.13075	364.36162	82.11804	390.46929	362.83214	-78.70314	437.0756	730.41833	10.00927	305.27259	57.72768	75.41255	303.30797	62.16502	-109.09827	
73	0.72	270.427	1101.33617	-10.84647	284.78672	916.3108	-5.672	382.93727	1083.38377	0.68357	438.08187	723.12284	-76.11403	436.19889	737.74325	96.05128	299.16454	768.49242	1.12824	395.44555	431.18658	-156.90163	390.34098	380.43218	-217.54591	481.19005	390.52864	-122.35761	411.84051	279.13758	-137.40079	390.36905	368.77576	-125.37386	320.15024	159.38103	-183.61125	295.11992	68.63873	-145.44328	316.05758	71.50634	-71.20656	245.51411	20.46727	-109.66294	421.81027	30.71237	-134.90767	416.8116	16.27805	-84.82895	381.4977	17.47088	-176.09057	404.31932	447.36462	167.68696	407.74207	355.86299	227.43966	482.48667	413.12279	122.93734	454.3278	284.13748	121.44256	401.15943	361.62992	129.44003	307.83403	148.65501	156.03828	293.56471	62.19487	111.8975	321.84671	69.39335	39.29496	250.91156	19.54084	68.28014	423.73031	28.61856	108.15784	414.08619	13.99213	52.7143	383.9998	15.47294	147.43705	376.84426	687.53748	77.50967	378.24612	676.65269	-50.66621	397.9815	364.41405	82.1283	390.38326	362.87893	-78.74525	437.14038	730.43304	9.96863	305.26827	57.73138	75.41987	303.2993	62.16676	-109.12357	
74	0.73	270.60724	1101.40393	-10.92308	284.92246	916.38165	-5.73875	383.10228	1083.4296	0.59907	438.12968	723.11539	-76.15083	436.25004	737.76754	96.00899	299.23816	768.5753	1.10802	395.361	431.22356	-156.95193	390.07448	380.50617	-217.57352	481.05796	390.58106	-122.51774	411.6719	279.1843	-137.48461	390.22824	368.82998	-125.40602	320.04352	159.42622	-183.62721	295.08987	68.63737	-145.45313	316.0632	71.50559	-71.24881	245.51697	20.46364	-109.66381	421.8081	30.70698	-134.92529	416.81353	16.28746	-84.838	381.49869	17.45962	-176.11268	404.25086	447.41994	167.68611	407.59933	355.93594	227.45819	482.34978	413.19713	122.94902	454.2237	284.19857	121.4761	401.03048	361.68197	129.45033	307.78939	148.66765	156.04213	293.56098	62.19357	111.90515	321.84157	69.40324	39.30105	250.9172	19.53745	68.28965	423.73746	28.62141	108.15574	414.08015	13.99223	52.721	384.00316	15.4681	147.43641	376.87008	687.59106	77.47527	378.26946	676.68262	-50.69677	397.8594	364.45584	82.13754	390.30603	362.92302	-78.77876	437.18986	730.44146	9.92908	305.267	57.73465	75.42667	303.28884	62.16449	-109.14942	
75	0.74	270.79701	1101.47177	-11.00244	285.04944	916.45713	-5.80015	383.27907	1083.47362	0.50987	438.16485	723.10022	-76.18582	436.28791	737.78694	95.97069	299.29271	768.64455	1.08544	395.27967	431.25166	-156.99036	389.83751	380.57159	-217.59349	480.94474	390.62911	-122.65493	411.52459	279.22598	-137.55472	390.10529	368.87856	-125.42875	319.94607	159.46794	-183.63844	295.06152	68.63507	-145.45871	316.05861	71.49973	-71.29465	245.51994	20.46057	-109.66501	421.80721	30.70323	-134.93886	416.81486	16.29436	-84.84673	381.50125	17.45207	-176.13096	404.20656	447.46398	167.68471	407.49424	356.0003	227.47319	482.25068	413.25398	122.95432	454.14822	284.24803	121.50427	400.93665	361.72495	129.45756	307.75545	148.67863	156.04581	293.55756	62.19524	111.91176	321.84326	69.41344	39.30652	250.92046	19.53899	68.29742	423.74456	28.62325	108.1544	414.07631	13.99587	52.72812	384.0054	15.46318	147.43732	376.8843	687.63562	77.44533	378.28167	676.70143	-50.72427	397.77119	364.48834	82.14378	390.24076	362.96307	-78.8027	437.22638	730.44358	9.89244	305.2685	57.73987	75.4327	303.27369	62.15922	-109.17518	
76	0.75	270.99512	1101.53845	-11.08456	285.16921	916.53397	-5.85564	383.46683	1083.51552	0.41649	438.18825	723.07757	-76.21891	436.31484	737.80112	95.93952	299.32608	768.69928	1.06315	395.20886	431.26981	-157.01356	389.64041	380.62447	-217.60538	480.85222	390.66906	-122.76375	411.40261	279.26093	-137.60782	390.00382	368.91892	-125.44253	319.85572	159.50721	-183.64529	295.03362	68.63274	-145.45935	316.04135	71.48992	-71.34372	245.52383	20.45767	-109.66645	421.80723	30.7011	-134.94782	416.81632	16.29992	-84.85449	381.50488	17.44895	-176.14591	404.18753	447.49475	167.68147	407.43539	356.04972	227.48151	482.19563	413.29189	122.95093	454.10415	284.28365	121.52105	400.88315	361.75763	129.45989	307.73431	148.68885	156.04871	293.55506	62.20169	111.91646	321.85068	69.42385	39.31062	250.92175	19.54565	68.3026	423.75027	28.62431	108.15385	414.07466	14.00231	52.73539	384.00611	15.46014	147.43976	376.88872	687.66947	77.42289	378.28345	676.7079	-50.74772	397.72043	364.51281	82.14545	390.18768	362.99709	-78.81745	437.25154	730.43935	9.8603	305.2724	57.74787	75.43718	303.25193	62.15206	-109.2003	
77	0.76	271.20044	1101.6034	-11.16886	285.2837	916.60895	-5.90516	383.66398	1083.55332	0.32071	438.20017	723.04768	-76.24889	436.32939	737.80803	95.91836	299.34112	768.73942	1.04349	395.15446	431.27773	-157.02208	389.488	380.66061	-217.6096	480.78048	390.6965	-122.84207	411.30537	279.28591	-137.64157	389.92445	368.94838	-125.44807	319.77168	159.54337	-183.64802	295.00661	68.63081	-145.45519	316.01256	71.47642	-71.39332	245.52893	20.45484	-109.66792	421.80839	30.69934	-134.95092	416.81879	16.30453	-84.85941	381.50895	17.44864	-176.15711	404.19116	447.51032	167.67558	407.42805	356.0783	227.48096	482.1854	413.30945	122.93799	454.0923	284.30263	121.52225	400.87155	361.77737	129.45692	307.72791	148.69718	156.05043	293.55557	62.21154	111.919	321.86167	69.43235	39.31324	250.92253	19.55622	68.30445	423.75452	28.62445	108.15467	414.07468	14.00952	52.74187	384.00543	15.4594	147.44395	376.88216	687.69078	77.40928	378.27494	676.7019	-50.7669	397.70684	364.52822	82.14236	390.14525	363.02316	-78.82358	437.26478	730.42786	9.83473	305.27867	57.75687	75.43991	303.22442	62.14344	-109.22347	
78	0.77	271.4122	1101.66611	-11.25391	285.39421	916.67947	-5.94879	383.86846	1083.5839	0.22473	438.20133	723.01143	-76.27468	436.32865	737.80551	95.90785	299.34435	768.76585	1.02799	395.11837	431.27613	-157.01986	389.37935	380.67726	-217.60792	480.72762	390.70841	-122.89132	411.22903	279.29798	-137.65561	389.86486	368.96534	-125.44684	319.69462	159.57495	-183.64751	294.98243	68.62903	-145.44736	315.97861	71.4594	-71.43841	245.53472	20.45224	-109.66897	421.81136	30.69633	-134.94796	416.82287	16.30763	-84.86037	381.5129	17.44803	-176.16408	404.21058	447.50983	167.66649	407.47167	356.08246	227.47025	482.21487	413.30634	122.91568	454.11113	284.30304	121.50536	400.89885	361.78149	129.4486	307.73667	148.7014	156.05025	293.5612	62.22128	111.91925	321.8744	69.43612	39.31424	250.92477	19.56838	68.30235	423.75833	28.62336	108.157	414.07595	14.01535	52.74577	384.00438	15.45981	147.4497	376.86272	687.69875	77.40305	378.25689	676.68489	-50.78297	397.72622	364.53236	82.13458	390.11047	363.04027	-78.82246	437.26499	730.40847	9.81659	305.28757	57.7637	75.44076	303.19551	62.13332	-109.24264	
79	0.78	271.62924	1101.72587	-11.33829	285.50064	916.74401	-5.98664	384.07785	1083.60471	0.1302	438.1942	722.9712	-76.2972	436.31203	737.79285	95.9055	299.3415	768.78097	1.01727	395.09711	431.26692	-157.01226	389.30779	380.67509	-217.60353	480.68884	390.70516	-122.9164	411.16765	279.29655	-137.65252	389.81975	368.97045	-125.44152	319.62534	159.60119	-183.64575	294.96225	68.62652	-145.4377	315.94864	71.43985	-71.47395	245.53977	20.44945	-109.66927	421.81617	30.69083	-134.94104	416.82859	16.30847	-84.85852	381.51629	17.44437	-176.16765	404.23598	447.49493	167.65359	407.55799	356.06253	227.44925	482.27397	413.28488	122.8846	454.15552	284.28573	121.46973	400.95692	361.76957	129.43461	307.75786	148.70009	156.047	293.57219	62.22771	111.91677	321.88818	69.43348	39.31283	250.92915	19.57964	68.29637	423.76315	28.62078	108.15965	414.07829	14.01786	52.7457	384.00491	15.45967	147.45549	376.83051	687.69419	77.4	378.23172	676.65997	-50.79913	397.7705	364.52444	82.12175	390.07875	363.04907	-78.81674	437.25311	730.38202	9.80415	305.29909	57.76586	75.43911	303.17062	62.12175	-109.25608	
80	0.79	271.84901	1101.78233	-11.4212	285.60123	916.80298	-6.01906	384.28888	1083.61475	0.03939	438.18258	722.93001	-76.31834	436.28235	737.77061	95.90779	299.33561	768.7883	1.01073	395.08273	431.25286	-157.00387	389.26214	380.65828	-217.59957	480.65682	390.6907	-122.92382	411.11408	279.28391	-137.63685	389.78151	368.96659	-125.43494	319.56315	159.62221	-183.64479	294.94495	68.6223	-145.42793	315.9281	71.41896	-71.49765	245.54217	20.44529	-109.66897	421.82156	30.68209	-134.93289	416.83491	16.30636	-84.85564	381.51855	17.43633	-176.16908	404.25692	447.46955	167.637	407.67108	356.02275	227.42006	482.34924	413.24987	122.84712	454.21603	284.25457	121.41842	401.03304	361.7442	129.41555	307.78561	148.69341	156.04029	293.58621	62.22922	111.91166	321.90238	69.4244	39.30861	250.93443	19.58814	68.2873	423.76954	28.61617	108.16127	414.0817	14.01551	52.7416	384.00836	15.4575	147.45914	376.78803	687.67903	77.39581	378.20266	676.63089	-50.81865	397.82856	364.5062	82.10432	390.04426	363.05183	-78.80934	437.23246	730.35031	9.79472	305.31202	57.76247	75.43479	303.15211	62.10879	-109.26344	
81	0.8	272.06767	1101.83637	-11.50182	285.69375	916.8586	-6.04655	384.49753	1083.61472	-0.04415	438.17025	722.89006	-76.33854	436.24432	737.7404	95.9123	299.32876	768.79153	1.00637	395.06526	431.23692	-156.99701	389.22943	380.6332	-217.59757	480.62359	390.67117	-122.91916	411.06125	279.2645	-137.61371	389.74198	368.95791	-125.42865	319.50584	159.63866	-183.64572	294.92796	68.61598	-145.41921	315.91543	71.39774	-71.5105	245.54047	20.4388	-109.66858	421.82566	30.67039	-134.92479	416.83967	16.30094	-84.85196	381.51905	17.42415	-176.16859	404.26487	447.43877	167.61829	407.78974	355.97041	227.38726	482.42589	413.2075	122.80832	454.28	284.21541	121.35928	401.112	361.71023	129.39398	307.81286	148.68304	156.03122	293.59929	62.22576	111.90502	321.91535	69.41028	39.3028	250.93841	19.59295	68.27623	423.77623	28.60897	108.16199	414.08593	14.00809	52.73469	384.01408	15.45259	147.45969	376.73904	687.65621	77.38848	378.17278	676.601	-50.84221	397.88811	364.48131	82.08459	390.00127	363.05158	-78.80197	437.20729	730.31523	9.78688	305.32379	57.75411	75.42893	303.13805	62.09465	-109.26575	
82	0.81	272.28133	1101.89022	-11.57851	285.77751	916.91364	-6.06943	384.70033	1083.60752	-0.11728	438.16013	722.85289	-76.35669	436.20315	737.70609	95.91763	299.32278	768.79432	1.00153	395.03589	431.22193	-156.99214	389.19795	380.60747	-217.59769	480.58279	390.65333	-122.90666	411.00399	279.2444	-137.58848	389.69478	368.94915	-125.4233	319.4514	159.65174	-183.64878	294.90957	68.608	-145.41224	315.90531	71.37781	-71.51553	245.53428	20.43019	-109.66869	421.82728	30.65785	-134.91682	416.84061	16.29303	-84.84689	381.51747	17.4099	-176.16616	404.25545	447.4081	167.59987	407.89201	355.9148	227.35653	482.49043	413.16503	122.77485	454.33469	284.17536	121.30296	401.17922	361.67411	129.37356	307.83313	148.67186	156.02179	293.60787	62.21862	111.89809	321.92508	69.39413	39.29724	250.93939	19.59439	68.26433	423.78108	28.59969	108.16297	414.09027	13.99744	52.72696	384.0201	15.44542	147.45788	376.68785	687.63053	77.37842	378.14469	676.57337	-50.86774	397.93819	364.4548	82.06591	389.9461	363.05161	-78.79546	437.18164	730.27949	9.78047	305.33184	57.74287	75.42302	303.1249	62.08032	-109.26493	
83	0.82	272.48821	1101.94659	-11.64937	285.85395	916.97044	-6.08781	384.89574	1083.59814	-0.17932	438.15411	722.8204	-76.37164	436.1637	737.6741	95.92264	299.31783	768.80048	0.99418	394.98976	431.21054	-156.98878	389.15962	380.58887	-217.59971	480.53058	390.64307	-122.89005	410.94014	279.23045	-137.56671	389.63675	368.94495	-125.4197	319.39927	159.66321	-183.65392	294.89017	68.59945	-145.40732	315.89366	71.36187	-71.51637	245.52417	20.42073	-109.66981	421.82626	30.6478	-134.90931	416.8366	16.28443	-84.84092	381.51401	17.39673	-176.16277	404.22924	447.38324	167.5839	407.95983	355.86597	227.33285	482.53289	413.13035	122.75264	454.37026	284.14184	121.25959	401.22351	361.64307	129.35751	307.84208	148.66293	156.01383	293.61047	62.21018	111.89149	321.93059	69.38009	39.29307	250.93694	19.59355	68.25286	423.78288	28.59034	108.16488	414.09389	13.98642	52.72069	384.02483	15.43754	147.45507	376.63866	687.6084	77.36714	378.12036	676.551	-50.89217	397.97094	364.43248	82.05117	389.87811	363.05492	-78.79086	437.1589	730.24725	9.7755	305.33512	57.73193	75.41789	303.11079	62.06765	-109.26296	
84	0.83	272.68932	1102.00734	-11.71344	285.92519	917.03067	-6.10212	385.08418	1083.59167	-0.23164	438.1526	722.79431	-76.38261	436.12945	737.65043	95.92683	299.31255	768.81336	0.98373	394.92668	431.20476	-156.98546	389.1102	380.58337	-217.60295	480.46541	390.6434	-122.87214	410.87031	279.22775	-137.55259	389.56769	368.94804	-125.41832	319.34987	159.67461	-183.66076	294.87104	68.59191	-145.40442	315.87968	71.35223	-71.5154	245.5113	20.41191	-109.67215	421.82268	30.6423	-134.9027	416.82846	16.27657	-84.83524	381.50946	17.38701	-176.15959	404.1902	447.36895	167.57214	407.98218	355.83305	227.3199	482.5477	413.11012	122.74583	454.3814	284.12091	121.23703	401.23851	361.62322	129.34834	307.83845	148.65818	156.00866	293.60797	62.20275	111.88611	321.93202	69.37174	39.29106	250.93219	19.59158	68.24318	423.78189	28.58328	108.16778	414.09618	13.97758	52.71768	384.0279	15.4304	147.45243	376.59431	687.59543	77.35663	378.10036	676.53635	-50.91265	397.98233	364.41902	82.04262	389.7991	363.06258	-78.78885	437.14102	730.22237	9.77211	305.33426	57.72418	75.41432	303.09592	62.05863	-109.26103	
85	0.84	272.88708	1102.07286	-11.77088	285.99331	917.09547	-6.11326	385.26719	1083.59089	-0.27609	438.15448	722.77482	-76.38874	436.1017	737.63748	95.93079	299.30619	768.83498	0.97051	394.85013	431.20458	-156.97937	389.0485	380.59296	-217.60598	480.38742	390.65316	-122.85364	410.79682	279.23721	-137.54751	389.48907	368.95763	-125.41833	319.30341	159.68656	-183.66842	294.85272	68.58674	-145.40356	315.86492	71.34943	-71.51337	245.49737	20.40469	-109.67553	421.81653	30.64063	-134.89683	416.81872	16.27004	-84.83027	381.50496	17.38128	-176.15664	404.1435	447.36753	167.56629	407.95618	355.82224	227.32008	482.53352	413.10749	122.7567	454.36784	284.11581	121.24034	401.22329	361.61773	129.34808	307.8243	148.65799	156.00716	293.60283	62.19738	111.8834	321.93016	69.37018	39.29217	250.92705	19.58946	68.2364	423.77926	28.57976	108.17188	414.09665	13.9728	52.71878	384.02958	15.42444	147.45104	376.55537	687.5942	77.34891	378.08348	676.53033	-50.92694	397.9723	364.41608	82.04216	389.71192	363.07235	-78.78879	437.12809	730.20615	9.77103	305.33094	57.72071	75.41351	303.08128	62.05427	-109.25954	
86	0.85	273.08451	1102.14219	-11.82233	286.06081	917.16544	-6.12244	385.44713	1083.59639	-0.31502	438.15824	722.76059	-76.39019	436.07968	737.63419	95.93478	299.29911	768.86546	0.95482	394.76575	431.20776	-156.96743	388.97625	380.61558	-217.60779	480.29811	390.66772	-122.8341	410.723	279.25614	-137.55092	389.40355	368.97	-125.41885	319.25959	159.69919	-183.67626	294.83516	68.58429	-145.40503	315.85183	71.35235	-71.5112	245.48469	20.39929	-109.67974	421.80827	30.64085	-134.89191	416.81026	16.26546	-84.82629	381.50182	17.37889	-176.15405	404.09448	447.37858	167.56686	407.88693	355.83577	227.33344	482.49335	413.12178	122.7847	454.33395	284.12684	121.27	401.18198	361.62651	129.35719	307.80375	148.66165	156.00904	293.59756	62.19427	111.88387	321.92642	69.37403	39.29634	250.92281	19.58791	68.23291	423.77675	28.57981	108.17682	414.09519	13.97287	52.72354	384.03026	15.41956	147.45116	376.52062	687.60413	77.34447	378.06791	676.53217	-50.93488	397.94456	364.42252	82.0502	389.61968	363.0797	-78.78991	437.11896	730.19739	9.77229	305.32706	57.72091	75.41568	303.06804	62.05432	-109.25916	
87	0.86	273.28509	1102.21354	-11.86831	286.13036	917.24026	-6.13089	385.62765	1083.60775	-0.35217	438.16315	722.75013	-76.38934	436.06088	737.63802	95.93721	299.29055	768.90301	0.93672	394.68007	431.2108	-156.9478	388.89788	380.64657	-217.60915	480.20074	390.68109	-122.81425	410.6524	279.28064	-137.56193	389.31519	368.98095	-125.42065	319.21814	159.71284	-183.68488	294.81871	68.58393	-145.40917	315.84261	71.3591	-71.51153	245.4754	20.3954	-109.68483	421.79923	30.64188	-134.88976	416.80468	16.26437	-84.82477	381.50132	17.37933	-176.15361	404.04762	447.39985	167.57216	407.7857	355.87136	227.35673	482.43418	413.14971	122.82538	454.28733	284.15168	121.32076	401.12261	361.64711	129.37314	307.78093	148.66782	156.01242	293.5934	62.19345	111.88606	321.92235	69.38097	39.30127	250.91937	19.58725	68.23213	423.77621	28.58281	108.18057	414.09257	13.97688	52.73024	384.03026	15.41595	147.45136	376.48786	687.62257	77.34068	378.0528	676.53999	-50.93959	397.90552	364.43578	82.06433	389.52626	363.08063	-78.79295	437.11202	730.19408	9.77394	305.32389	57.7237	75.41896	303.05738	62.05757	-109.26137	
88	0.87	273.49214	1102.28469	-11.90911	286.20389	917.31847	-6.13942	385.8133	1083.6236	-0.39134	438.16885	722.74188	-76.38906	436.04127	737.64551	95.93601	299.27826	768.9441	0.91658	394.59959	431.21029	-156.92032	388.81909	380.67993	-217.61183	480.10058	390.68765	-122.79635	410.58796	279.30648	-137.5788	389.22912	368.98719	-125.42524	319.17896	159.72759	-183.69542	294.80421	68.58459	-145.41598	315.83795	71.36724	-71.51733	245.47021	20.39231	-109.69061	421.79097	30.64355	-134.89253	416.80157	16.26786	-84.82725	381.50396	17.38195	-176.15747	404.00554	447.42734	167.57953	407.66731	355.92195	227.38497	482.36546	413.18602	122.87236	454.23685	284.18537	121.38363	401.05507	361.67479	129.39186	307.75858	148.67457	156.01517	293.59008	62.19438	111.88787	321.91873	69.38894	39.30405	250.91579	19.58734	68.23282	423.7781	28.5875	108.18097	414.09006	13.98266	52.73669	384.02954	15.41389	147.44994	376.45402	687.6454	77.33357	378.03779	676.5511	-50.94557	397.86267	364.45226	82.08071	389.4365	363.07326	-78.79926	437.10506	730.19369	9.77348	305.32148	57.72782	75.42087	303.04996	62.06229	-109.26768	
89	0.88	273.70818	1102.3531	-11.94518	286.28187	917.39814	-6.14788	386.00827	1083.64123	-0.43398	438.174	722.73317	-76.38994	436.01619	737.65187	95.93145	299.26087	768.98437	0.89532	394.53123	431.20396	-156.88729	388.74507	380.70884	-217.61671	480.00552	390.68413	-122.78338	410.53142	279.32865	-137.5981	389.15096	368.98699	-125.43269	319.142	159.74222	-183.70768	294.7924	68.58519	-145.42518	315.83648	71.3738	-71.52961	245.46798	20.38924	-109.69619	421.78422	30.64563	-134.90016	416.79888	16.27454	-84.83347	381.50873	17.38499	-176.16552	403.96988	447.45531	167.58729	407.54771	355.97641	227.41419	482.29705	413.2235	122.92057	454.19081	284.22075	121.44957	400.98931	361.70274	129.41066	307.73822	148.67928	156.01652	293.58645	62.19577	111.88848	321.91536	69.39615	39.30373	250.91142	19.58751	68.23377	423.78048	28.59201	108.17816	414.08852	13.98815	52.74126	384.02737	15.41308	147.44701	376.41533	687.66748	77.3216	378.02162	676.56195	-50.95498	397.82308	364.46727	82.097	389.35624	363.0584	-78.80856	437.09509	730.19252	9.77076	305.31895	57.73183	75.42058	303.04531	62.06636	-109.27845	
90	0.89	273.9349	1102.41639	-11.97691	286.3631	917.47766	-6.15553	386.21596	1083.65743	-0.47905	438.17659	722.72035	-76.39027	435.98234	737.65225	95.92669	299.23917	769.01948	0.87431	394.48374	431.19211	-156.85558	388.68003	380.7273	-217.62318	479.9271	390.67219	-122.77998	410.4837	279.34245	-137.61583	389.08745	368.98148	-125.44131	319.10812	159.7545	-183.71965	294.78365	68.58477	-145.43623	315.83605	71.37648	-71.54718	245.46669	20.38565	-109.70072	421.77891	30.64793	-134.91047	416.79459	16.28122	-84.84145	381.51388	17.38614	-176.17552	403.943	447.47792	167.59513	407.44285	356.02257	227.44213	482.23879	413.2546	122.96696	454.15626	284.25025	121.51107	400.93489	361.7241	129.42893	307.72132	148.67956	156.01719	293.58138	62.19651	111.88834	321.912	69.40131	39.30142	250.90646	19.58666	68.23451	423.78046	28.5947	108.17441	414.0879	13.99246	52.74328	384.02287	15.41282	147.44432	376.36904	687.68382	77.30688	378.00245	676.56845	-50.96664	397.79316	364.47653	82.11294	389.29351	363.04082	-78.81872	437.07946	730.1863	9.76821	305.31544	57.73461	75.41889	303.04229	62.068	-109.29288	
91	0.9	274.17305	1102.47315	-12.00408	286.44555	917.55598	-6.16189	386.43942	1083.66983	-0.52465	438.17516	722.70036	-76.38828	435.93925	737.6438	95.92546	299.21472	769.0459	0.85518	394.46591	431.17782	-156.83535	388.62706	380.73244	-217.63008	479.87848	390.65827	-122.7922	410.44588	279.34557	-137.6299	389.04587	368.97481	-125.4492	319.08001	159.76273	-183.72902	294.77833	68.58285	-145.44861	315.83534	71.37519	-71.56819	245.46525	20.38147	-109.70443	421.77509	30.65067	-134.92173	416.78848	16.28606	-84.84949	381.518	17.38427	-176.18541	403.92815	447.49105	167.60326	407.36773	356.05092	227.46692	482.20105	413.27388	123.00852	454.13932	284.26815	121.56164	400.90097	361.73452	129.44612	307.71008	148.67468	156.0184	293.57467	62.19676	111.88789	321.90913	69.40429	39.29862	250.90137	19.58403	68.23518	423.77665	28.59521	108.17194	414.0874	13.99577	52.74302	384.01628	15.41293	147.44311	376.31486	687.69094	77.29325	377.97929	676.56696	-50.97801	397.77925	364.47818	82.12829	389.25769	363.02822	-78.82739	437.0572	730.17208	9.76859	305.31089	57.73623	75.41681	303.04016	62.06669	-109.30979	
92	0.91	274.42224	1102.52377	-12.0258	286.52681	917.63279	-6.16692	386.68128	1083.67718	-0.56834	438.16903	722.6714	-76.38305	435.88859	737.62598	95.93001	299.18783	769.06189	0.83963	394.48139	431.16487	-156.83434	388.58787	380.72521	-217.63632	479.86781	390.64922	-122.82344	410.41959	279.33877	-137.64072	389.03082	368.97114	-125.45517	319.06161	159.76654	-183.73418	294.77739	68.57967	-145.46225	315.83464	71.37198	-71.59093	245.46397	20.37704	-109.70849	421.77331	30.65406	-134.93388	416.78181	16.28965	-84.85717	381.52053	17.37964	-176.19448	403.9281	447.49265	167.61207	407.33432	356.05656	227.4866	482.19345	413.27868	123.0418	454.14489	284.2714	121.59616	400.89539	361.73269	129.46092	307.7069	148.66598	156.02093	293.56712	62.19768	111.88711	321.90757	69.40579	39.29623	250.8962	19.58019	68.2361	423.76987	28.59428	108.17173	414.08617	13.99873	52.74157	384.00888	15.41394	147.44339	376.25423	687.68759	77.2839	377.9518	676.55533	-50.98679	397.78719	364.47267	82.14199	389.25486	363.02635	-78.83319	437.02881	730.14869	9.77348	305.306	57.73762	75.41481	303.0394	62.06346	-109.32831	
93	0.92	274.68133	1102.57023	-12.0412	286.60489	917.70856	-6.17079	386.94322	1083.67862	-0.60629	438.15763	722.63253	-76.37383	435.83268	737.59872	95.94111	299.15695	769.06774	0.82901	394.52537	431.15506	-156.85282	388.56273	380.70898	-217.64103	479.89313	390.6475	-122.87029	410.40595	279.32457	-137.64945	389.04111	368.97154	-125.45862	319.05621	159.76634	-183.73424	294.7823	68.57632	-145.47781	315.83548	71.36929	-71.6135	245.4635	20.37329	-109.71368	421.77387	30.65756	-134.94742	416.776	16.2934	-84.86466	381.52131	17.37252	-176.20281	403.94384	447.4822	167.62253	407.34906	356.03875	227.50005	482.22189	413.26794	123.06476	454.17531	284.25924	121.61254	400.92276	361.71916	129.47257	307.71289	148.65557	156.02505	293.55999	62.20006	111.88598	321.90794	69.40623	39.29486	250.89089	19.577	68.23745	423.76198	28.59248	108.17412	414.08383	14.00177	52.7401	384.002	15.41625	147.44512	376.18845	687.67388	77.28081	377.91916	676.53299	-50.99097	397.82069	364.46117	82.15335	389.28305	363.03511	-78.83566	436.99515	730.11563	9.78364	305.30162	57.73938	75.41323	303.04159	62.06013	-109.34783	
94	0.93	274.9498	1102.61521	-12.04983	286.67966	917.78418	-6.17392	387.22556	1083.67396	-0.63414	438.14008	722.58364	-76.36	435.77386	737.56192	95.95863	299.12142	769.06488	0.82384	394.58553	431.14725	-156.88338	388.55144	380.6879	-217.64383	479.94311	390.6504	-122.92265	410.40495	279.30605	-137.65652	389.07001	368.97372	-125.45953	319.06593	159.7628	-183.72922	294.79503	68.57455	-145.49656	315.84021	71.36856	-71.63437	245.46406	20.37221	-109.71968	421.77636	30.66	-134.96263	416.77219	16.29851	-84.87225	381.52038	17.36267	-176.21081	403.97439	447.46074	167.63561	407.41144	356.00004	227.50747	482.28641	413.24156	123.07766	454.22921	284.23268	121.61181	400.98284	361.69542	129.48153	307.72744	148.64529	156.03037	293.55474	62.20399	111.88455	321.91079	69.40546	39.29482	250.8862	19.57624	68.23895	423.75465	28.58973	108.17906	414.08087	14.00488	52.73915	383.99646	15.41944	147.44839	376.11876	687.6506	77.28505	377.88018	676.50075	-50.98904	397.87965	364.44467	82.1628	389.33228	363.049	-78.8352	436.95697	730.07278	9.79932	305.2988	57.74145	75.41221	303.04922	62.05846	-109.36818	
95	0.94	275.22865	1102.66157	-12.05137	286.7537	917.86038	-6.17655	387.52732	1083.66455	-0.649	438.11541	722.52633	-76.3421	435.7145	737.51665	95.98155	299.08391	769.0552	0.82406	394.64707	431.13897	-156.91546	388.55437	380.66595	-217.64504	480.00338	390.65326	-122.96856	410.41618	279.28659	-137.66177	389.1092	368.97449	-125.45865	319.09301	159.75658	-183.72071	294.81839	68.57598	-145.51991	315.85139	71.37	-71.65369	245.46597	20.37702	-109.72543	421.78031	30.66016	-134.98	416.77155	16.30621	-84.88087	381.51836	17.35034	-176.21977	404.01764	447.43088	167.65098	407.51428	355.94543	227.50974	482.38137	413.20071	123.08183	454.30173	284.19404	121.5965	401.07046	361.66371	129.48834	307.74902	148.63646	156.03569	293.55296	62.20923	111.88244	321.91699	69.40366	39.29548	250.88408	19.5787	68.23981	423.7491	28.58626	108.18538	414.07858	14.00785	52.73851	383.9925	15.42249	147.45262	376.0472	687.61945	77.29665	377.83442	676.46069	-50.98063	397.95986	364.42409	82.17075	389.38982	363.06122	-78.83297	436.91495	730.02149	9.81972	305.2989	57.74377	75.41125	303.06541	62.05961	-109.39015	
96	0.95	275.51915	1102.71186	-12.04513	286.83154	917.93769	-6.17812	387.84601	1083.65308	-0.65005	438.08283	722.46374	-76.32174	435.65669	737.46528	96.0081	299.0475	769.04135	0.83055	394.6993	431.12852	-156.94085	388.57299	380.64599	-217.64495	480.06375	390.65277	-122.99947	410.4394	279.26906	-137.66448	389.15317	368.97205	-125.45679	319.14047	159.74741	-183.71119	294.85548	68.58189	-145.54831	315.871	71.37301	-71.6729	245.47015	20.39165	-109.72966	421.78578	30.65697	-135.0002	416.77529	16.31727	-84.89165	381.51636	17.3361	-176.23149	404.07114	447.39592	167.66724	407.64519	355.88125	227.50824	482.49725	413.14774	123.07928	454.3857	284.1464	121.57026	401.1768	361.62665	129.49341	307.77589	148.62944	156.03953	293.55573	62.21515	111.87914	321.92731	69.40154	39.2959	250.8865	19.58435	68.23925	423.7461	28.58296	108.19107	414.07854	14.01035	52.73771	383.99002	15.42414	147.45662	375.97594	687.58304	77.31465	377.78194	676.41599	-50.96661	398.05422	364.4002	82.17738	389.44662	363.06763	-78.83006	436.86976	729.96451	9.84318	305.30308	57.74637	75.40959	303.09299	62.06402	-109.41468	
97	0.96	275.82035	1102.76755	-12.02985	286.9176	918.01661	-6.17715	388.17712	1083.64262	-0.63751	438.04122	722.39916	-76.30031	435.60211	737.40997	96.0366	299.01201	769.02692	0.84539	394.7386	431.1155	-156.95523	388.61025	380.62902	-217.64281	480.12105	390.64756	-123.01068	410.47457	279.25441	-137.6629	389.2006	368.9661	-125.45366	319.21145	159.73331	-183.70227	294.90753	68.59341	-145.58045	315.9004	71.377	-71.69258	245.47802	20.41933	-109.73148	421.79331	30.64935	-135.02295	416.78448	16.33107	-84.90428	381.51533	17.31956	-176.24669	404.13244	447.3591	167.68363	407.78874	355.81356	227.50566	482.62248	413.08546	123.07376	454.47275	284.09314	121.53889	401.29113	361.58654	129.49826	307.80616	148.62336	156.04162	293.56305	62.22042	111.87518	321.9416	69.39948	39.29624	250.89341	19.59281	68.23719	423.74556	28.58009	108.19488	414.08204	14.01222	52.73644	383.98879	15.42304	147.45974	375.90609	687.54406	77.33806	377.72174	676.37017	-50.94778	398.15432	364.37352	82.18396	389.49919	363.06724	-78.82626	436.82166	729.90457	9.86814	305.31147	57.74873	75.40756	303.13339	62.07199	-109.44139	
98	0.97	276.12875	1102.82845	-12.00399	287.01424	918.09767	-6.17119	388.51448	1083.63649	-0.61225	437.98838	722.33508	-76.27863	435.55222	737.35227	96.06509	298.97542	769.01555	0.87047	394.76666	431.10058	-156.95699	388.6714	380.61514	-217.6374	480.1775	390.63767	-122.99899	410.522	279.24217	-137.65468	389.25326	368.95751	-125.44819	319.30834	159.712	-183.69407	294.97282	68.6116	-145.61414	315.94115	71.38247	-71.71141	245.49119	20.46131	-109.7305	421.80355	30.63693	-135.04705	416.79969	16.34603	-84.91701	381.51596	17.29981	-176.26465	404.1992	447.32362	167.70069	407.9293	355.74755	227.50598	482.74572	413.01747	123.07029	454.5547	284.0381	121.50986	401.40282	361.54572	129.50576	307.83786	148.61679	156.04357	293.5739	62.22366	111.87247	321.95842	69.39733	39.29792	250.90241	19.60367	68.23426	423.74637	28.57677	108.19728	414.08945	14.01379	52.73477	383.98839	15.41848	147.46242	375.83805	687.50511	77.36609	377.65149	676.32652	-50.92421	398.25196	364.34497	82.19311	389.54755	363.06128	-78.82043	436.7703	729.84367	9.89323	305.32304	57.75006	75.40678	303.18654	62.0843	-109.46852	
99	0.98	276.4406	1102.89292	-11.96598	287.1215	918.18101	-6.1565	388.852	1083.63887	-0.57657	437.92146	722.27354	-76.25842	435.5083	737.29437	96.09031	298.93566	769.0106	0.90698	394.7869	431.08556	-156.94695	388.76391	380.60541	-217.62861	480.23797	390.62535	-122.96182	410.58284	279.23281	-137.63866	389.31451	368.94893	-125.4403	319.43179	159.68322	-183.68641	295.0478	68.63692	-145.64789	315.99548	71.39184	-71.72725	245.51067	20.51678	-109.72689	421.81706	30.62143	-135.07181	416.82069	16.36162	-84.92892	381.51924	17.27742	-176.28479	404.26924	447.29266	167.7194	408.05431	355.68827	227.5126	482.8583	412.94917	123.07274	454.62542	283.98602	121.48966	401.5034	361.50761	129.5182	307.86951	148.60921	156.04771	293.5865	62.22494	111.87287	321.97536	69.39564	39.30181	250.91064	19.61673	68.23129	423.74733	28.57252	108.19942	414.09986	14.0157	52.73339	383.98832	15.41128	147.46544	375.77217	687.46928	77.39715	377.56849	676.28802	-50.89646	398.34065	364.31716	82.20696	389.59299	363.05319	-78.81238	436.71488	729.78396	9.91595	305.33582	57.7506	75.40861	303.25171	62.10233	-109.4942	
100	0.99	276.75318	1102.95882	-11.91452	287.23792	918.26652	-6.12852	389.18535	1083.65388	-0.53392	437.83785	722.21623	-76.24281	435.47095	737.23924	96.10834	298.88979	769.01581	0.95622	394.80136	431.0732	-156.92799	388.89493	380.60221	-217.61767	480.30706	390.6151	-122.89681	410.65872	279.22839	-137.61545	389.3872	368.94418	-125.43106	319.57936	159.64903	-183.67968	295.1283	68.66845	-145.68121	316.0653	71.40883	-71.73786	245.53584	20.58325	-109.7214	421.83356	30.60592	-135.09759	416.84669	16.37878	-84.941	381.52588	17.25461	-176.30719	404.34012	447.26864	167.74042	408.1564	355.64046	227.52694	482.95476	412.88737	123.08232	454.68231	283.9419	121.48188	401.58775	361.47602	129.53617	307.90073	148.60131	156.05595	293.59895	62.22598	111.87696	321.98998	69.39595	39.30746	250.91653	19.63149	68.22916	423.74809	28.56848	108.20187	414.1109	14.01809	52.73347	383.98855	15.40369	147.46925	375.70807	687.44003	77.42889	377.46996	676.25716	-50.86635	398.41639	364.29345	82.22598	389.6362	363.04755	-78.80309	436.6544	729.72773	9.93276	305.34768	57.75194	75.4131	303.32773	62.1274	-109.51701	
101	1.0	277.06454	1103.02474	-11.84891	287.36148	918.35415	-6.08363	389.51175	1083.6832	-0.48702	437.73538	722.16332	-76.23441	435.43922	737.18837	96.11679	298.83401	769.03539	1.01977	394.80853	431.06578	-156.90336	389.06726	380.60763	-217.60541	480.38617	390.61166	-122.80066	410.74982	279.23067	-137.58579	389.47098	368.94611	-125.4207	319.74466	159.61182	-183.67384	295.20986	68.7038	-145.71373	316.15047	71.43622	-71.74049	245.56432	20.65657	-109.71519	421.85145	30.59228	-135.12453	416.87665	16.39821	-84.95426	381.53509	17.23273	-176.33099	404.40857	447.25224	167.76431	408.23401	355.60676	227.549	483.03125	412.83862	123.09861	454.72688	283.90964	121.4876	401.65393	361.45298	129.55966	307.93229	148.59321	156.07004	293.61024	62.22824	111.88473	322.00057	69.39933	39.31463	250.92012	19.64669	68.22894	423.74878	28.5663	108.20484	414.11925	14.02009	52.73589	383.98959	15.39793	147.47437	375.64321	687.41983	77.45958	377.35243	676.23543	-50.83577	398.47704	364.27555	82.25014	389.67518	363.04759	-78.79275	436.5873	729.67585	9.94119	305.35727	57.75532	75.42011	303.4123	62.15961	-109.53534	
102	1.01	277.37344	1103.09108	-11.769	287.49004	918.44428	-6.02054	389.82949	1083.72536	-0.43683	437.61252	722.11334	-76.23358	435.41073	737.14065	96.11544	298.76481	769.07274	1.09833	394.8024	431.06413	-156.87534	389.2765	380.62195	-217.5914	480.47163	390.61845	-122.66987	410.85256	279.23979	-137.54931	389.56048	368.95538	-125.40772	319.91788	159.57288	-183.66747	295.28803	68.73976	-145.74439	316.24724	71.4736	-71.73324	245.59294	20.73106	-109.70951	421.86854	30.58013	-135.15194	416.90939	16.41935	-84.96829	381.54475	17.21125	-176.35406	404.47025	447.24255	167.79156	408.29074	355.58682	227.57802	483.08452	412.80875	123.12039	454.76434	283.89172	121.50546	401.70237	361.43808	129.58871	307.96569	148.58328	156.09123	293.62057	62.23161	111.89636	322.00634	69.40527	39.32399	250.92225	19.66063	68.23165	423.74948	28.56642	108.20859	414.12252	14.02047	52.74044	383.99207	15.39484	147.48155	375.57333	687.40927	77.48858	377.2123	676.22316	-50.80541	398.52151	364.26307	82.27961	389.70412	363.05426	-78.77987	436.51163	729.62699	9.94093	305.36434	57.76044	75.4301	303.50135	62.19709	-109.5477	
103	1.02	277.67925	1103.1601	-11.67525	287.62091	918.538	-5.93999	390.13869	1083.77775	-0.38408	437.46911	722.065	-76.23989	435.38274	737.09435	96.10465	298.67957	769.12911	1.19078	394.77295	431.06814	-156.84569	389.51059	380.64365	-217.57503	480.55433	390.63777	-122.50412	410.95895	279.25481	-137.5055	389.64563	368.97122	-125.39071	320.08814	159.53275	-183.65897	295.35906	68.77284	-145.77203	316.34677	71.51626	-71.71884	245.61893	20.80062	-109.70504	421.88324	30.56852	-135.17974	416.9435	16.44162	-84.98251	381.55327	17.18953	-176.37512	404.52023	447.23807	167.82168	408.33377	355.57812	227.61211	483.11242	412.80353	123.14478	454.80237	283.88995	121.53025	401.73516	361.43006	129.62216	308.00214	148.56923	156.11881	293.63058	62.23504	111.9113	322.00739	69.41248	39.33553	250.92384	19.6719	68.23777	423.7502	28.56789	108.21261	414.12077	14.01854	52.7455	383.99638	15.39386	147.49034	375.49481	687.40773	77.51515	377.04788	676.22007	-50.77599	398.5494	364.25533	82.3134	389.71394	363.06719	-78.76306	436.42593	729.57967	9.93238	305.36926	57.76611	75.44279	303.58867	62.23564	-109.55496	
104	1.03	277.98133	1103.23511	-11.56857	287.75081	918.6371	-5.84379	390.44136	1083.83851	-0.3305	437.3067	722.01874	-76.25374	435.35254	737.04919	96.08491	298.57699	769.2033	1.29474	394.70799	431.07727	-156.81581	389.75136	380.66969	-217.5566	480.6207	390.67054	-122.30883	411.05731	279.27436	-137.45489	389.71325	368.9919	-125.3701	320.24606	159.4919	-183.64776	295.4203	68.79975	-145.79636	316.43526	71.55581	-71.70595	245.64086	20.86003	-109.70163	421.89492	30.55758	-135.20892	416.97672	16.46508	-84.99746	381.56054	17.16823	-176.3949	404.55384	447.23796	167.85316	408.37145	355.57676	227.64818	483.11438	412.82707	123.16691	454.84786	283.90543	121.5535	401.75485	361.42762	129.65719	308.04138	148.54974	156.14972	293.64056	62.23725	111.92752	322.00458	69.41983	39.34747	250.92561	19.6795	68.24706	423.75109	28.56927	108.21524	414.1158	14.01432	52.74859	384.00255	15.39377	147.49852	375.40577	687.41414	77.53806	376.86042	676.22561	-50.74931	398.56049	364.25231	82.34897	389.69397	363.08535	-78.74273	436.32962	729.53397	9.91558	305.37265	57.7711	75.45628	303.66609	62.26927	-109.56138	
105	1.04	278.27862	1103.31962	-11.44972	287.87553	918.74416	-5.73386	390.73937	1083.9062	-0.27763	437.12747	721.97588	-76.27521	435.31701	737.00578	96.05848	298.45813	769.29184	1.40669	394.59603	431.09036	-156.78536	389.97671	380.69562	-217.5368	480.65498	390.71471	-122.09494	411.13394	279.29649	-137.39797	389.74951	369.01469	-125.3475	320.38485	159.45062	-183.63372	295.46999	68.81822	-145.81766	316.49962	71.58389	-71.70338	245.65846	20.9058	-109.69895	421.90363	30.54805	-135.23963	417.00572	16.48943	-85.01387	381.56696	17.14817	-176.41434	404.56766	447.24199	167.88503	408.41074	355.57737	227.68333	483.09143	412.87862	123.1822	454.90309	283.93725	121.5674	401.76338	361.42895	129.6915	308.0811	148.52492	156.18065	293.65032	62.23664	111.94303	321.99899	69.42652	39.35808	250.92776	19.68307	68.2585	423.75212	28.56925	108.21529	414.10947	14.0086	52.74778	384.00995	15.39313	147.5042	375.30532	687.4267	77.55732	376.65301	676.23853	-50.7269	398.55425	364.25389	82.3843	389.63459	363.10677	-78.72044	436.22224	729.49083	9.89163	305.37496	57.77418	75.46874	303.72626	62.2926	-109.5716	
106	1.05	278.56853	1103.4171	-11.31862	287.98943	918.8625	-5.61168	391.03294	1083.97878	-0.22552	436.93296	721.93731	-76.30239	435.27316	736.96458	96.02988	298.32787	769.38941	1.52133	394.42983	431.10589	-156.75186	390.16334	380.71673	-217.51573	480.64308	390.76558	-121.8771	411.1763	279.3194	-137.33445	389.74314	369.03647	-125.32416	320.50001	159.40923	-183.61646	295.50712	68.82783	-145.83587	316.53635	71.59784	-71.71175	245.67135	20.93646	-109.69721	421.90963	30.54045	-135.27044	417.02712	16.51344	-85.03154	381.57236	17.12923	-176.43278	404.56038	447.24981	167.9178	408.45549	355.57433	227.7164	483.04668	412.95148	123.18904	454.9642	283.98164	121.56822	401.76178	361.43185	129.72505	308.1177	148.49631	156.21021	293.65938	62.23194	111.95774	321.99106	69.43229	39.36751	250.92976	19.68306	68.27085	423.75292	28.56714	108.21336	414.10337	14.00309	52.74294	384.01735	15.39049	147.50759	375.19353	687.44311	77.57554	376.42908	676.25687	-50.70789	398.53038	364.25959	82.41953	389.53062	363.12906	-78.69737	436.10306	729.45094	9.86375	305.37618	57.77457	75.48019	303.767	62.3041	-109.58587	
107	1.06	278.84664	1103.52987	-11.17436	288.0867	918.99507	-5.47806	391.32078	1084.05401	-0.17326	436.72371	721.90355	-76.33199	435.2198	736.92636	96.00381	298.19398	769.49049	1.63244	394.21048	431.12309	-156.71309	390.29011	380.73068	-217.49341	480.57732	390.8193	-121.67208	411.17651	279.34284	-137.2653	389.68845	369.05574	-125.30076	320.58911	159.36901	-183.596	295.53192	68.83029	-145.85076	316.55503	71.60379	-71.72164	245.67854	20.95267	-109.69684	421.91317	30.53525	-135.29998	417.0393	16.5361	-85.05011	381.57598	17.11114	-176.4489	404.5332	447.26119	167.95255	408.50593	355.56421	227.74791	482.98544	413.03532	123.18847	455.02307	284.03304	121.55594	401.75056	361.43512	129.75905	308.14772	148.46696	156.23871	293.66685	62.22367	111.97314	321.98063	69.43813	39.37704	250.93062	19.68059	68.28341	423.75299	28.56339	108.21079	414.0984	13.99995	52.73603	384.02379	15.38542	147.51014	375.0723	687.46188	77.59685	376.1918	676.27897	-50.68907	398.48948	364.26924	82.45595	389.38417	363.15111	-78.67413	435.97176	729.41495	9.83591	305.37576	57.77306	75.49201	303.79328	62.30782	-109.59923	
108	1.07	279.10907	1103.65773	-11.01611	288.16357	919.14288	-5.33304	391.60096	1084.13025	-0.12027	436.4998	721.87501	-76.3611	435.15799	736.89267	95.98289	298.06301	769.59103	1.73586	393.95054	431.14291	-156.67082	390.34161	380.73933	-217.47045	480.45994	390.87647	-121.49728	411.1327	279.36858	-137.19503	389.58691	369.07433	-125.27791	320.65173	159.33257	-183.57359	295.54574	68.82881	-145.86237	316.5708	71.61219	-71.72147	245.6795	20.95668	-109.69768	421.91459	30.53346	-135.32833	417.04341	16.55764	-85.07008	381.57726	17.09459	-176.46232	404.48979	447.27661	167.98965	408.55937	355.54732	227.77897	482.91404	413.11971	123.18254	455.07084	284.08588	121.53261	401.73	361.43903	129.7943	308.1688	148.44055	156.26672	293.67109	62.21428	111.99019	321.96783	69.4459	39.38766	250.92935	19.67708	68.29646	423.75215	28.55963	108.20828	414.09433	14.00055	52.73011	384.02896	15.37929	147.51276	374.94495	687.48302	77.6247	375.94379	676.30399	-50.66677	398.43326	364.28313	82.49427	389.20521	363.17472	-78.65122	435.8289	729.38384	9.8109	305.37289	57.77186	75.50518	303.8133	62.31074	-109.60572	
109	1.08	279.35434	1103.79805	-10.84404	288.21825	919.30452	-5.17625	391.87147	1084.2061	-0.06629	436.26147	721.8509	-76.3877	435.08906	736.86408	95.96739	297.93655	769.68883	1.83117	393.67207	431.16724	-156.63108	390.31041	380.74796	-217.44759	480.30224	390.94188	-121.36736	411.04791	279.39907	-137.13063	389.446	369.09686	-125.25569	320.68914	159.30223	-183.55107	295.55016	68.82636	-145.87072	316.59153	71.6287	-71.70751	245.67492	20.95169	-109.69889	421.9144	30.5359	-135.35587	417.04283	16.57891	-85.09163	381.57593	17.0806	-176.47315	404.43587	447.29656	168.02877	408.61097	355.52667	227.81069	482.83835	413.19657	123.17401	455.10068	284.13553	121.50229	401.70048	361.4445	129.83101	308.18053	148.41941	156.29475	293.67051	62.20607	112.00861	321.95339	69.45662	39.40022	250.9255	19.67403	68.31065	423.75034	28.5574	108.20634	414.09013	14.00473	52.72776	384.03272	15.37433	147.51592	374.81363	687.5067	77.66048	375.68635	676.33109	-50.63847	398.36467	364.30114	82.53448	389.00882	363.20419	-78.6286	435.67527	729.35749	9.78984	305.36703	57.77266	75.52	303.83152	62.31716	-109.60345	
110	1.09	279.58197	1103.94689	-10.65928	288.24965	919.47636	-5.0077	392.13051	1084.27982	-0.01091	436.00945	721.82854	-76.41057	435.0126	736.83871	95.95592	297.81115	769.78293	1.92069	393.39757	431.1965	-156.59924	390.19801	380.76298	-217.42509	480.11826	391.01975	-121.28939	410.92895	279.43601	-137.07896	389.27581	369.12711	-125.2335	320.70419	159.27857	-183.52993	295.54675	68.82414	-145.87589	316.61451	71.65073	-71.68513	245.66642	20.94133	-109.69943	421.91306	30.54197	-135.3819	417.04133	16.60029	-85.11348	381.57211	17.06928	-176.48099	404.37782	447.31995	168.06929	408.65458	355.50618	227.8437	482.76288	413.26139	123.16639	455.10954	284.17901	121.47104	401.66293	361.4522	129.86895	308.18462	148.40321	156.32346	293.6649	62.1992	112.02752	321.93797	69.46939	39.41569	250.9195	19.6722	68.32626	423.74747	28.557	108.20592	414.08481	14.01104	52.72993	384.03483	15.37184	147.52025	374.6774	687.53196	77.70302	375.41943	676.35865	-50.60359	398.28802	364.32238	82.57601	388.80939	363.24203	-78.60574	435.51103	729.33363	9.77267	305.35829	57.77512	75.53654	303.84696	62.32631	-109.59523	
111	1.1	279.79134	1104.09949	-10.46316	288.2576	919.65252	-4.82851	392.37658	1084.34983	0.04547	435.74559	721.80477	-76.43026	434.9268	736.8136	95.94567	297.68069	769.87249	2.00796	393.14141	431.22853	-156.57634	390.01461	380.78998	-217.40342	479.91901	391.10948	-121.26147	410.78569	279.47983	-137.04595	389.08631	369.16513	-125.2116	320.70114	159.2608	-183.51145	295.5378	68.82181	-145.87889	316.63429	71.67259	-71.66254	245.656	20.92878	-109.69851	421.91099	30.54986	-135.40585	417.04147	16.62173	-85.13459	381.5666	17.05993	-176.48612	404.32043	447.344	168.10987	408.68416	355.49001	227.87703	482.69017	413.31397	123.16207	455.09876	284.216	121.44473	401.61879	361.46262	129.90651	308.18358	148.38983	156.35269	293.65548	62.19217	112.04543	321.92197	69.48206	39.43391	250.9124	19.67075	68.34277	423.7436	28.55803	108.2074	414.07824	14.01721	52.73535	384.03524	15.37179	147.52555	374.5337	687.55673	77.74858	375.1432	676.38448	-50.56434	398.20839	364.34555	82.61689	388.6168	363.28556	-78.58317	435.33619	729.30919	9.7577	305.3474	57.77739	75.55398	303.85771	62.33516	-109.58578	
112	1.11	279.98223	1104.2499	-10.25681	288.24479	919.82524	-4.64127	392.60802	1084.41535	0.10076	435.47315	721.77771	-76.44982	434.82977	736.78637	95.93286	297.53909	769.95591	2.09701	392.90964	431.26014	-156.56153	389.77742	380.83238	-217.38404	479.71337	391.20669	-121.27634	410.62955	279.52994	-137.03636	388.88757	369.20844	-125.19193	320.68486	159.24798	-183.49741	295.52629	68.81852	-145.88186	316.64884	71.69096	-71.64632	245.64558	20.9159	-109.69612	421.9087	30.55787	-135.42893	417.04436	16.64336	-85.15581	381.56083	17.052	-176.49081	404.26528	447.36547	168.14786	408.69498	355.48175	227.90787	482.62002	413.35794	123.16084	455.07291	284.24868	121.42651	401.56927	361.47607	129.94038	308.17915	148.37707	156.3806	293.64401	62.1834	112.06008	321.90577	69.49224	39.45258	250.90519	19.66751	68.3589	423.73897	28.56025	108.20946	414.07133	14.02088	52.74099	384.03454	15.37352	147.52977	374.38065	687.57829	77.79165	374.85957	676.40621	-50.52579	398.12983	364.3694	82.6535	388.4375	363.32931	-78.56326	435.15146	729.28204	9.74152	305.3353	57.77747	75.5701	303.86411	62.34172	-109.57951	
113	1.12	280.15563	1104.39152	-10.04137	288.21723	919.98666	-4.44972	392.82256	1084.47596	0.15274	435.19554	721.74621	-76.47276	434.72015	736.75486	95.91454	297.38224	770.03118	2.19115	392.70286	431.28865	-156.55415	389.50811	380.88999	-217.36869	479.51065	391.30567	-121.32406	410.47138	279.58447	-137.05131	388.68997	369.25407	-125.17659	320.65986	159.23908	-183.48933	295.51456	68.81362	-145.88666	316.65869	71.70482	-71.64001	245.63664	20.90307	-109.6933	421.90636	30.56505	-135.45293	417.0498	16.66498	-85.17843	381.55611	17.04503	-176.49764	404.21077	447.38167	168.18063	408.68434	355.48306	227.93332	482.54918	413.39845	123.16129	455.03752	284.28001	121.41677	401.51443	361.49203	129.96751	308.17197	148.36322	156.4047	293.63186	62.17198	112.06978	321.88931	69.49771	39.46871	250.89855	19.6604	68.37322	423.73373	28.56333	108.21	414.06549	14.02057	52.74369	384.03365	15.3759	147.53047	374.2172	687.5936	77.82729	374.57107	676.42156	-50.49326	398.05374	364.39237	82.68261	388.27618	363.36893	-78.54834	434.95784	729.25053	9.72089	305.32267	57.77379	75.58258	303.86751	62.34526	-109.57914	
114	1.13	280.31439	1104.51869	-9.81805	288.18224	920.13119	-4.25781	393.01751	1084.53097	0.20142	434.91498	721.70913	-76.50027	434.59709	736.71674	95.89029	297.20795	770.09716	2.2918	392.51679	431.31215	-156.55232	389.23031	380.95842	-217.35795	479.32011	391.40031	-121.39147	410.3202	279.63998	-137.08643	388.50304	369.29889	-125.16604	320.62978	159.23227	-183.48689	295.50307	68.80657	-145.89359	316.66435	71.71347	-71.64333	245.63024	20.88977	-109.69149	421.9035	30.57073	-135.47792	417.05655	16.68529	-85.20168	381.55303	17.03796	-176.50681	404.15408	447.39118	168.20705	408.65135	355.4927	227.95242	482.47221	413.43939	123.16289	454.99695	284.31212	121.41447	401.45293	361.50863	129.98714	308.16208	148.34697	156.42384	293.61996	62.15752	112.07495	321.87187	69.49677	39.48096	250.89271	19.64842	68.38508	423.72764	28.56624	108.20801	414.06151	14.01619	52.74174	384.03316	15.37762	147.52707	374.04237	687.60016	77.85354	374.279	676.42892	-50.4692	397.97856	364.41227	82.70345	388.13522	363.40195	-78.53889	434.75603	729.21294	9.69501	305.30963	57.76534	75.59096	303.86832	62.34519	-109.58465	
115	1.14	280.4627	1104.62816	-9.58757	288.14596	920.25707	-4.06841	393.19079	1084.58011	0.24849	434.63246	721.6667	-76.53121	434.46151	736.67186	95.86192	297.01573	770.15417	2.39847	392.34312	431.33007	-156.55259	388.96684	381.03056	-217.3512	479.14902	391.48558	-121.46353	410.18288	279.6927	-137.13326	388.3341	369.34007	-125.15935	320.59732	159.22549	-183.48804	295.49107	68.79698	-145.90182	316.66592	71.71673	-71.65276	245.62713	20.87537	-109.69161	421.89974	30.57485	-135.50223	417.06333	16.70291	-85.22329	381.55158	17.02969	-176.51624	404.09346	447.39472	168.22724	408.597	355.50745	227.96603	482.38398	413.48285	123.1658	454.95332	284.34625	121.41763	401.38293	361.52388	130.00045	308.14919	148.32819	156.43874	293.60896	62.14064	112.07781	321.85242	69.48914	39.48957	250.88718	19.6321	68.39504	423.72028	28.56768	108.20388	414.05842	14.00899	52.73555	384.033	15.37808	147.52097	373.85665	687.59778	77.87196	373.98391	676.42837	-50.4525	397.90105	364.42771	82.71732	388.01409	363.42766	-78.53381	434.54698	729.16928	9.66536	305.29609	57.75234	75.59648	303.86624	62.34124	-109.59386	
116	1.15	280.60325	1104.71974	-9.34939	288.11254	920.3659	-3.88266	393.34138	1084.62489	0.29559	434.34872	721.62192	-76.5643	434.31794	736.62502	95.83175	296.80872	770.20298	2.50903	392.17227	431.3438	-156.55134	388.73636	381.09917	-217.34761	479.00102	391.55923	-121.52681	410.06401	279.74036	-137.18209	388.18733	369.37618	-125.15561	320.56446	159.21822	-183.49095	295.47819	68.78523	-145.91054	316.66405	71.71635	-71.66413	245.6274	20.85975	-109.69351	421.89557	30.57858	-135.52412	417.06986	16.71771	-85.24179	381.55157	17.02061	-176.52383	404.02892	447.39558	168.24163	408.52447	355.52376	227.9753	482.2822	413.53027	123.16957	454.90666	284.38306	121.42281	401.3032	361.53731	130.00885	308.13296	148.30868	156.45089	293.59915	62.1235	112.08082	321.83035	69.47678	39.49508	250.88089	19.61359	68.40436	423.7115	28.56725	108.19844	414.05362	14.00097	52.72717	384.03285	15.37794	147.51383	373.66508	687.58971	77.88661	373.68798	676.42185	-50.4398	397.81789	364.43972	82.72588	387.90967	363.44758	-78.53185	434.33333	729.12347	9.63372	305.28197	57.73687	75.60062	303.86148	62.33448	-109.60423	
117	1.16	280.73423	1104.79615	-9.1024	288.08414	920.46128	-3.70034	393.46867	1084.66826	0.34428	434.06529	721.57966	-76.59895	434.1739	736.58468	95.80208	296.59419	770.24417	2.62003	391.99665	431.35575	-156.54597	388.55003	381.15859	-217.34623	478.87503	391.62144	-121.57156	409.96485	279.78219	-137.22369	388.06283	369.40714	-125.15393	320.53242	159.21159	-183.49458	295.46463	68.77285	-145.91878	316.65994	71.71544	-71.67429	245.63034	20.84328	-109.69619	421.89187	30.58349	-135.54213	417.07682	16.7304	-85.25696	381.5526	17.01261	-176.5285	403.96176	447.39834	168.25113	408.43929	355.53868	227.98131	482.16805	413.58197	123.17322	454.85576	284.42225	121.42575	401.21403	361.54978	130.01369	308.11379	148.29133	156.46206	293.59029	62.10868	112.08596	321.80597	69.46313	39.49839	250.87335	19.59574	68.41397	423.70178	28.56565	108.19244	414.04498	13.99419	52.71914	384.03246	15.37861	147.50688	373.47662	687.58145	77.90273	373.39578	676.4122	-50.42696	397.72684	364.45097	82.73079	387.81645	363.46437	-78.53181	434.1196	729.08217	9.60156	305.26735	57.72195	75.60483	303.85492	62.3272	-109.61368	
118	1.17	280.8483	1104.86311	-8.84616	288.06034	920.54751	-3.52094	393.57183	1084.71257	0.39638	433.78496	721.54422	-76.6345	434.03627	736.55819	95.77534	296.38146	770.27861	2.72707	391.81275	431.36776	-156.53531	388.41025	381.20488	-217.34559	478.76568	391.67299	-121.5918	409.88295	279.81755	-137.25053	387.9565	369.43279	-125.15288	320.50149	159.20666	-183.49772	295.45043	68.7618	-145.92486	316.65508	71.7162	-71.68101	245.63458	20.82654	-109.6986	421.88871	30.58965	-135.55451	417.08452	16.7412	-85.26845	381.55391	17.00748	-176.52974	403.89436	447.40651	168.25749	408.34867	355.55009	227.98564	482.04535	413.63591	123.17634	454.79935	284.46212	121.42318	401.11748	361.56204	130.017	308.09352	148.27816	156.47442	293.58243	62.09754	112.09486	321.78057	69.45123	39.50148	250.86536	19.58066	68.4239	423.69232	28.5639	108.18704	414.03296	13.99008	52.71322	384.03171	15.38103	147.50154	373.29967	687.57798	77.92485	373.1126	676.40214	-50.41058	397.62749	364.4636	82.73433	387.72705	363.47976	-78.53198	433.91061	729.05121	9.57042	305.25296	57.70978	75.61089	303.84754	62.3215	-109.62025	
119	1.18	280.93221	1104.92906	-8.58179	288.03774	920.62818	-3.34453	393.65046	1084.75878	0.45299	433.51177	721.51854	-76.67047	433.90924	736.54877	95.75271	296.17957	770.30773	2.82607	391.62153	431.38064	-156.51999	388.31189	381.23616	-217.34454	478.66524	391.71425	-121.58578	409.81353	279.84582	-137.25894	387.86184	369.45239	-125.15134	320.47103	159.2035	-183.49897	295.43527	68.7533	-145.92716	316.65052	71.71887	-71.68311	245.63853	20.8098	-109.70013	421.88564	30.59575	-135.56013	417.09204	16.75003	-85.27567	381.55463	17.00595	-176.52771	403.82994	447.42101	168.26239	408.26019	355.55737	227.98957	481.9197	413.68881	123.17818	454.73743	284.50053	121.4136	401.01733	361.57449	130.02052	308.0747	148.26942	156.48964	293.57651	62.08977	112.10811	321.75573	69.44262	39.50583	250.85831	19.5692	68.434	423.68467	28.56273	108.18316	414.02036	13.98896	52.70973	384.03059	15.38499	147.49896	373.13938	687.58205	77.95413	372.84352	676.39421	-50.38997	397.52177	364.47849	82.73842	387.63426	363.49358	-78.53116	433.71051	729.03366	9.54112	305.24001	57.70096	75.61982	303.83993	62.31813	-109.62253	
120	1.19	280.96625	1105.00387	-8.31244	288.01113	920.70489	-3.17173	393.7052	1084.80685	0.51382	433.25033	721.50456	-76.70749	433.7954	736.55613	95.73248	295.99411	770.33386	2.91509	391.42712	431.39463	-156.5027	388.24468	381.2533	-217.34336	478.56614	391.74564	-121.55679	409.75156	279.86763	-137.2507	387.7722	369.46539	-125.14969	320.43999	159.20182	-183.49805	295.41894	68.74708	-145.92554	316.64607	71.72233	-71.68148	245.64098	20.79297	-109.70059	421.88271	30.60115	-135.56032	417.09783	16.75729	-85.27892	381.55436	17.0081	-176.52395	403.77123	447.44055	168.26613	408.18053	355.56238	227.99247	481.79771	413.73883	123.17566	454.67226	284.53665	121.39654	400.91856	361.588	130.02366	308.05881	148.26422	156.50725	293.57336	62.08412	112.12405	321.73271	69.43786	39.51096	250.85334	19.56089	68.44472	423.68008	28.56222	108.18004	414.01033	13.99017	52.70762	384.02949	15.38935	147.49863	372.99837	687.59465	77.98766	372.59265	676.39107	-50.36735	397.41382	364.49605	82.74248	387.53328	363.50456	-78.52983	433.52286	729.03035	9.51249	305.22949	57.69515	75.63053	303.83198	62.31642	-109.6209	
121	1.2	280.92538	1105.09686	-8.04324	287.97589	920.77717	-3.0033	393.73702	1084.85565	0.5785	433.00436	721.50295	-76.7463	433.69691	736.57746	95.71132	295.82513	770.35996	2.9949	391.23447	431.4095	-156.48681	388.19555	381.25995	-217.34296	478.4633	391.76854	-121.51222	409.69256	279.88478	-137.23163	387.68257	369.47234	-125.14897	320.40728	159.20117	-183.4957	295.40175	68.7417	-145.9215	316.64023	71.72476	-71.67867	245.64133	20.77598	-109.69997	421.88047	30.60601	-135.55818	417.10081	16.7632	-85.27955	381.55322	17.01331	-176.52063	403.71927	447.46249	168.26781	408.11428	355.56893	227.99209	481.68495	413.78624	123.16383	454.60789	284.57149	121.37212	400.82595	361.60379	130.02374	308.04551	148.26094	156.52484	293.5728	62.07879	112.13963	321.71263	69.43691	39.51568	250.85066	19.55403	68.45647	423.67889	28.56188	108.17592	414.00434	13.99237	52.70553	384.02935	15.39244	147.49859	372.87751	687.61553	78.02094	372.36202	676.39503	-50.34551	397.30857	364.51624	82.74377	387.42317	363.51169	-78.52919	433.35064	729.04021	9.48251	305.22174	57.69137	75.64092	303.82313	62.31471	-109.6174	
122	1.21	280.78493	1105.21454	-7.7801	287.92966	920.84355	-2.84019	393.74636	1084.90265	0.64815	432.77599	721.51267	-76.78553	433.6147	736.60753	95.68711	295.66978	770.38841	3.06724	391.04746	431.42479	-156.47426	388.15065	381.26155	-217.34352	478.35546	391.78597	-121.46172	409.63279	279.89939	-137.20892	387.5902	369.47521	-125.14929	320.37193	159.20076	-183.49242	295.3846	68.73554	-145.91695	316.63158	71.72395	-71.67676	245.63958	20.75927	-109.69826	421.87882	30.60966	-135.55583	417.10062	16.76702	-85.27898	381.55154	17.01968	-176.51885	403.67336	447.48391	168.2666	408.06318	355.5808	227.9866	481.58356	413.83153	123.13913	454.54778	284.60645	121.34157	400.74229	361.62228	130.01875	308.03325	148.2576	156.53992	293.57386	62.07186	112.15292	321.69621	69.4386	39.5201	250.84915	19.54655	68.46876	423.68049	28.56103	108.17012	414.00165	13.99409	52.70267	384.03118	15.39277	147.49717	372.77566	687.64296	78.05071	372.15139	676.40743	-50.32546	397.20928	364.53785	82.74013	387.3068	363.51522	-78.52957	433.19535	729.0601	9.45079	305.21653	57.6881	75.65011	303.81302	62.31104	-109.61407	
123	1.22	280.53204	1105.35819	-7.52764	287.87183	920.90276	-2.68305	393.73368	1084.9454	0.72469	432.56574	721.53202	-76.82196	433.54778	736.64031	95.65963	295.52624	770.42031	3.13359	390.86901	431.44079	-156.4655	388.09731	381.26441	-217.34489	478.2441	391.80295	-121.41571	409.56993	279.91412	-137.18977	387.49434	369.47736	-125.15032	320.33346	159.20005	-183.48858	295.36833	68.72805	-145.91347	316.62024	71.71891	-71.6763	245.63619	20.7435	-109.6955	421.87709	30.61084	-135.55345	417.09773	16.7681	-85.27845	381.54983	17.02466	-176.51841	403.63182	447.50335	168.26219	408.02677	355.60029	227.97559	481.49234	413.8744	123.10089	454.49262	284.64222	121.30701	400.66766	361.64306	130.00874	308.02019	148.25303	156.55106	293.57519	62.06244	112.16395	321.68326	69.44106	39.52506	250.84678	19.53733	68.48057	423.6838	28.55957	108.16334	414.00031	13.99456	52.69887	384.03541	15.39006	147.49423	372.69031	687.67437	78.07551	371.95936	676.42893	-50.30642	397.11627	364.5592	82.73153	387.18944	363.51707	-78.53078	433.05676	729.08616	9.41883	305.21307	57.68395	75.65856	303.80201	62.30455	-109.61202	
124	1.23	280.18207	1105.5199	-7.28667	287.80248	920.95453	-2.53117	393.70042	1084.98373	0.80861	432.37251	721.56034	-76.85306	433.49456	736.67208	95.62932	295.39393	770.45584	3.19588	390.70195	431.45906	-156.46109	388.02592	381.27514	-217.34787	478.13105	391.82609	-121.38417	409.50358	279.93283	-137.18095	387.39527	369.4832	-125.1529	320.29223	159.19994	-183.48579	295.35301	68.72065	-145.9123	316.60826	71.71169	-71.67724	245.6319	20.72931	-109.69187	421.87493	30.6097	-135.55125	417.09388	16.76733	-85.2796	381.54883	17.02715	-176.51914	403.59327	447.52171	168.25409	408.00348	355.62774	227.95948	481.40946	413.9146	123.05024	454.44092	284.6788	121.26987	400.6007	361.66594	129.99466	308.00475	148.24803	156.55765	293.57522	62.05184	112.1731	321.67259	69.44319	39.53027	250.84206	19.52681	68.49116	423.68789	28.5586	108.15616	413.99834	13.99415	52.69426	384.04174	15.38586	147.49044	372.61937	687.70805	78.09502	371.78421	676.46006	-50.28733	397.02828	364.57985	82.7189	387.07637	363.52051	-78.53375	432.93354	729.11621	9.38813	305.20999	57.67904	75.66627	303.79105	62.29696	-109.61181	
125	1.24	279.78804	1105.68038	-7.05271	287.72204	920.99933	-2.38229	393.6491	1085.01941	0.89841	432.19377	721.59793	-76.87848	433.45393	736.70212	95.59674	295.27219	770.49478	3.25677	390.5488	431.4814	-156.46205	387.93133	381.29891	-217.35417	478.01717	391.86166	-121.37462	409.43479	279.95948	-137.18751	387.29354	369.49676	-125.15899	320.24921	159.2026	-183.48667	295.33781	68.71583	-145.9142	316.59837	71.70688	-71.67967	245.62741	20.71751	-109.68762	421.87268	30.60801	-135.55043	417.09139	16.76683	-85.28401	381.54908	17.02792	-176.52138	403.55782	447.54087	168.24134	407.99068	355.66121	227.93891	481.33439	413.95218	122.98952	454.39125	284.71551	121.23053	400.54018	361.69071	129.97699	307.98636	148.24498	156.55978	293.57266	62.04308	112.18007	321.66239	69.44527	39.53436	250.835	19.51664	68.50015	423.69214	28.55983	108.14862	413.99398	13.99382	52.68949	384.04933	15.38281	147.48639	372.56174	687.74338	78.11002	371.62378	676.50095	-50.26757	396.94473	364.60041	82.70272	386.97104	363.52901	-78.54052	432.82385	729.15003	9.35913	305.20569	57.67505	75.67239	303.78101	62.29178	-109.61386	
126	1.25	279.42129	1105.81589	-6.81863	287.63116	921.03739	-2.23367	393.58232	1085.05351	0.99228	432.02575	721.64384	-76.89905	433.42427	736.73003	95.56298	295.16086	770.53603	3.31838	390.41071	431.50854	-156.46876	387.81351	381.33704	-217.36512	477.90271	391.91257	-121.38968	409.36482	279.99574	-137.2109	387.18974	369.51971	-125.17021	320.20521	159.20978	-183.49282	295.3215	68.71506	-145.91882	316.59209	71.70843	-71.68358	245.62321	20.70926	-109.68301	421.87066	30.60721	-135.55176	417.09156	16.76813	-85.29145	381.55018	17.02791	-176.52503	403.52798	447.56139	168.22336	407.98474	355.69645	227.91495	481.26805	413.98616	122.92325	454.34335	284.75027	121.18976	400.48578	361.71594	129.95624	307.9662	148.24601	156.55861	293.56748	62.03858	112.18476	321.65068	69.4478	39.53675	250.82647	19.50878	68.50753	423.6957	28.56389	108.14153	413.98615	13.99409	52.68557	384.05685	15.38292	147.48291	372.51593	687.77925	78.12219	371.47497	676.55012	-50.24674	396.86694	364.62082	82.68346	386.87434	363.54438	-78.55266	432.72501	729.18693	9.33197	305.19912	57.67349	75.67654	303.77202	62.29176	-109.61791	
127	1.26	279.13268	1105.91112	-6.58031	287.53166	921.06819	-2.08309	393.50257	1085.08509	1.08899	431.86432	721.69477	-76.91601	433.40244	736.75374	95.52917	295.06119	770.57686	3.38188	390.28717	431.5398	-156.48092	387.67714	381.38627	-217.38091	477.78852	391.97676	-121.42725	409.2945	280.04	-137.24899	387.08516	369.55064	-125.18705	320.16078	159.22146	-183.50367	295.3036	68.7178	-145.92468	316.58916	71.71729	-71.68885	245.61978	20.70533	-109.67842	421.86899	30.60768	-135.55457	417.09378	16.77153	-85.29962	381.55074	17.02678	-176.52937	403.50844	447.58153	168.20055	407.98237	355.72802	227.88897	481.21255	414.01419	122.85772	454.29836	284.7798	121.14902	400.43861	361.73907	129.93346	307.9469	148.25144	156.55587	293.56149	62.03832	112.18794	321.63629	69.45055	39.53808	250.81752	19.50455	68.51373	423.69756	28.5698	108.13626	413.97553	13.99477	52.68296	384.06271	15.38644	147.48106	372.4791	687.813	78.13288	371.33422	676.604	-50.22501	396.79813	364.63988	82.66209	386.78583	363.56613	-78.57057	432.63338	729.22425	9.30658	305.19051	57.67426	75.67943	303.76371	62.29713	-109.62314	
128	1.27	278.93499	1105.96408	-6.33882	287.42775	921.09047	-1.92909	393.41315	1085.11258	1.1869	431.70625	721.74648	-76.93179	433.38503	736.77073	95.495	294.97506	770.61318	3.44805	390.17645	431.57357	-156.49883	387.53051	381.44054	-217.40146	477.67746	392.04884	-121.4835	409.22484	280.08878	-137.29836	386.98277	369.58642	-125.20985	320.11663	159.23626	-183.51801	295.28563	68.72223	-145.93052	316.58833	71.73146	-71.69645	245.61806	20.70506	-109.67436	421.868	30.60962	-135.55815	417.0965	16.77701	-85.30634	381.54952	17.02381	-176.53452	403.50457	447.59816	168.17329	407.98216	355.75107	227.86134	481.17109	414.03417	122.79801	454.25917	284.80145	121.10874	400.4013	361.75773	129.90876	307.93133	148.26008	156.5523	293.55704	62.04054	112.19007	321.62037	69.45307	39.53865	250.80986	19.50388	68.51911	423.6977	28.57611	108.13258	413.96479	13.99509	52.68118	384.06571	15.39217	147.4807	372.44865	687.84119	78.14184	371.19905	676.65789	-50.20405	396.74291	364.65643	82.63865	386.70581	363.59255	-78.59443	432.54564	729.25861	9.2816	305.18154	57.67624	75.68146	303.75622	62.30597	-109.6294	
129	1.28	278.81482	1105.98147	-6.09766	287.32444	921.10273	-1.77087	393.31838	1085.13523	1.2836	431.5495	721.79544	-76.95005	433.37023	736.7798	95.45844	294.90289	770.64078	3.51731	390.07598	431.60775	-156.52366	387.38385	381.49343	-217.42716	477.57411	392.1226	-121.55468	409.15734	280.13822	-137.35591	386.88699	369.62387	-125.23943	320.07373	159.25241	-183.53562	295.27058	68.72638	-145.93654	316.58852	71.74751	-71.7083	245.6194	20.70629	-109.6712	421.86816	30.61327	-135.56285	417.09863	16.78462	-85.31099	381.54638	17.01915	-176.54181	403.5207	447.60824	168.14154	407.98454	355.76261	227.83085	481.14705	414.04538	122.74582	454.23014	284.81394	121.0678	400.37723	361.77035	129.88058	307.92176	148.27015	156.54694	293.55539	62.04324	112.19042	321.60636	69.45517	39.53746	250.80617	19.50516	68.52346	423.69736	28.58159	108.12848	413.95706	13.99412	52.6792	384.06581	15.39868	147.47974	372.4237	687.86108	78.14751	371.06842	676.70732	-50.18645	396.70607	364.66957	82.61149	386.63575	363.62205	-78.6249	432.45986	729.28762	9.2542	305.1745	57.67836	75.68176	303.75048	62.31555	-109.63776	
130	1.29	278.74938	1105.97289	-5.85995	287.22411	921.10412	-1.60847	393.22209	1085.15254	1.37751	431.39234	721.83895	-76.97342	433.35776	736.78055	95.41762	294.84161	770.65694	3.58992	389.98249	431.64015	-156.55563	387.247	381.53987	-217.45799	477.48303	392.19217	-121.6361	409.09365	280.18465	-137.41838	386.80194	369.66013	-125.27581	320.03257	159.26812	-183.55632	295.26053	68.72869	-145.94373	316.5891	71.76185	-71.72501	245.62515	20.70667	-109.66896	421.86934	30.61786	-135.56888	417.0997	16.79348	-85.31378	381.54192	17.01353	-176.55196	403.55906	447.6097	168.10609	407.99094	355.76196	227.7965	481.14186	414.04761	122.70108	454.21515	284.8165	121.02556	400.36876	361.77552	129.84776	307.91959	148.27964	156.53864	293.55662	62.04475	112.1883	321.59765	69.45616	39.53351	250.80873	19.50626	68.52629	423.69783	28.58495	108.12266	413.95448	13.99131	52.67628	384.06398	15.40492	147.47616	372.40395	687.8711	78.14906	370.94096	676.74904	-50.17356	396.69042	364.67756	82.57939	386.57689	363.65288	-78.66184	432.37505	729.30975	9.2221	305.17108	57.67942	75.67951	303.74721	62.32326	-109.64903	
131	1.3	278.71692	1105.94744	-5.6275	287.12576	921.09536	-1.44303	393.12643	1085.16366	1.46915	431.23303	721.87522	-77.00197	433.34792	736.7726	95.37292	294.78513	770.66141	3.66652	389.8921	431.66931	-156.59297	387.12725	381.57701	-217.49254	477.40715	392.25302	-121.72099	409.0355	280.22489	-137.4815	386.7301	369.69277	-125.31679	319.99281	159.28194	-183.57855	295.2549	68.72831	-145.95248	316.59034	71.77214	-71.74445	245.63582	20.70499	-109.66743	421.87066	30.62156	-135.57524	417.09943	16.80171	-85.31474	381.53699	17.00745	-176.56388	403.61921	447.60192	168.0693	408.00307	355.75094	227.75899	481.15357	414.04065	122.6638	454.2156	284.80879	120.98348	400.376	361.77218	129.81162	307.92475	148.28684	156.52775	293.56024	62.0443	112.18453	321.59548	69.45459	39.52733	250.81753	19.50592	68.52754	423.69926	28.58529	108.11599	413.95783	13.98706	52.67232	384.06155	15.41013	147.47027	372.38844	687.87068	78.14789	370.81417	676.78139	-50.16423	396.69529	364.67794	82.54368	386.52926	363.68285	-78.70306	432.29047	729.32391	9.18547	305.17169	57.67837	75.67536	303.74624	62.32754	-109.66239	
132	1.31	278.70257	1105.91152	-5.40016	287.02701	921.07878	-1.27643	393.03224	1085.16843	1.56017	431.07071	721.90409	-77.03457	433.34286	736.75755	95.32692	294.7269	770.65583	3.74804	389.80077	431.69509	-156.63291	387.02835	381.60485	-217.52875	477.34714	392.3035	-121.80237	408.98494	280.25753	-137.54123	386.67202	369.7206	-125.35911	319.95401	159.29353	-183.6002	295.25113	68.72559	-145.96244	316.59382	71.77882	-71.76334	245.65038	20.70141	-109.66607	421.87128	30.62314	-135.58091	417.09781	16.80801	-85.31432	381.53275	17.00169	-176.57594	403.69788	447.58655	168.03385	408.02245	355.73341	227.71997	481.17837	414.02532	122.6332	454.22989	284.79222	120.94372	400.39701	361.76108	129.77479	307.93536	148.29145	156.51585	293.56545	62.04283	112.1808	321.5992	69.44988	39.52035	250.83011	19.50456	68.52778	423.70118	28.58329	108.11013	413.9662	13.98259	52.66796	384.05977	15.4141	147.46421	372.37751	687.86087	78.14787	370.68615	676.80417	-50.15555	396.71702	364.67	82.50698	386.49182	363.71027	-78.74534	432.20679	729.33082	9.14618	305.17569	57.67541	75.67085	303.7471	62.32884	-109.67607	
133	1.32	278.70034	1105.86816	-5.1756	286.92556	921.05801	-1.11033	392.94004	1085.16831	1.65147	430.90575	721.92727	-77.07088	433.34863	736.74101	95.28294	294.66142	770.6431	3.83528	389.70534	431.71821	-156.673	386.95026	381.62589	-217.56504	477.3011	392.34521	-121.87564	408.94336	280.28345	-137.59544	386.6263	369.7441	-125.40033	319.91645	159.30385	-183.62017	295.24653	68.72208	-145.97286	316.60116	71.78454	-71.77948	245.66604	20.69682	-109.66404	421.87066	30.62282	-135.58606	417.09543	16.81264	-85.31373	381.53046	16.99743	-176.58758	403.78921	447.5672	168.00143	408.04965	355.71404	227.68077	481.21217	414.00427	122.60654	454.25406	284.77035	120.90707	400.42832	361.74531	129.73902	307.94858	148.29478	156.50451	293.5712	62.04245	112.17812	321.60717	69.44317	39.51361	250.8424	19.50405	68.52795	423.70341	28.58096	108.10583	413.97687	13.97903	52.66438	384.05974	15.41739	147.45979	372.37535	687.84534	78.15488	370.55689	676.81814	-50.14356	396.75018	364.65607	82.47118	386.46245	363.73467	-78.78639	432.12719	729.33414	9.10603	305.18184	57.67215	75.66698	303.7493	62.32932	-109.6886	
134	1.33	278.71159	1105.81787	-4.95074	286.81977	921.0372	-0.94588	392.85008	1085.16538	1.74325	430.73839	721.94658	-77.11084	433.37398	736.73036	95.24488	294.58542	770.62641	3.92846	389.60444	431.73899	-156.71097	386.88951	381.64332	-217.60009	477.26422	392.38039	-121.93838	408.91027	280.30423	-137.64336	386.58933	369.76394	-125.43887	319.8811	159.31371	-183.6377	295.23976	68.71949	-145.98223	316.6119	71.79145	-71.79171	245.67953	20.69235	-109.66071	421.86851	30.62097	-135.59079	417.09323	16.81638	-85.31373	381.53034	16.99504	-176.59849	403.88591	447.54745	167.97283	408.08337	355.69667	227.64279	481.25042	413.98066	122.58053	454.28274	284.74718	120.87321	400.46503	361.7285	129.70536	307.96172	148.29823	156.49502	293.57674	62.04462	112.17693	321.61715	69.43615	39.50801	250.85028	19.50639	68.52906	423.70618	28.58004	108.10317	413.98632	13.97664	52.66283	384.06224	15.42068	147.458	372.38877	687.82894	78.17671	370.42686	676.82406	-50.12297	396.78815	364.63966	82.43745	386.4375	363.75548	-78.82476	432.05619	729.33847	9.06702	305.18878	57.6701	75.66441	303.75202	62.33097	-109.69865	
135	1.34	278.74005	1105.7605	-4.72397	286.70955	921.01989	-0.78406	392.762	1085.16126	1.83539	430.56811	721.96258	-77.15355	433.42714	736.73091	95.21706	294.49862	770.60814	4.02695	389.4986	431.75686	-156.74447	386.84032	381.65912	-217.63214	477.22993	392.40988	-121.98906	408.88327	280.32058	-137.68415	386.55603	369.77971	-125.47303	319.84953	159.32259	-183.65163	295.2312	68.71838	-145.98845	316.62353	71.79961	-71.79932	245.6887	20.68908	-109.65626	421.86498	30.61704	-135.59404	417.0917	16.81924	-85.31408	381.53121	16.99318	-176.60743	403.98065	447.52905	167.94809	408.12064	355.68318	227.60777	481.28823	413.95655	122.55269	454.3102	284.72502	120.84144	400.50143	361.71289	129.6746	307.97301	148.30193	156.48813	293.58194	62.04913	112.17773	321.62668	69.42962	39.50454	250.85182	19.51182	68.53173	423.70975	28.58077	108.10236	413.99196	13.97468	52.66375	384.06723	15.42387	147.45924	372.42416	687.81531	78.22145	370.29595	676.82205	-50.08787	396.82398	364.62315	82.40668	386.41224	363.7711	-78.85892	431.99763	729.34675	9.03176	305.19538	57.66951	75.66387	303.75427	62.33417	-109.70483	
136	1.35	278.78493	1105.69744	-4.49599	286.59681	921.00794	-0.6259	392.6753	1085.15768	1.92625	430.39474	721.97546	-77.19811	433.51355	736.74519	95.20183	294.40271	770.58976	4.12889	389.38928	431.77137	-156.77181	386.79626	381.67408	-217.65946	477.19323	392.43444	-122.0281	408.85951	280.33305	-137.71757	386.52226	369.79106	-125.50144	319.82351	159.32951	-183.6616	295.22255	68.71839	-145.99055	316.63339	71.80773	-71.80321	245.69304	20.68737	-109.65128	421.86084	30.6108	-135.59563	417.09069	16.82102	-85.31459	381.53158	16.99025	-176.61337	404.06733	447.51242	167.9257	408.15814	355.67401	227.57638	481.32211	413.93317	122.5208	454.33153	284.7044	120.81022	400.53268	361.69973	129.64626	307.98154	148.30516	156.48303	293.58687	62.05457	112.18011	321.63383	69.42394	39.50318	250.84802	19.51846	68.53564	423.71445	28.58251	108.10295	413.99324	13.9721	52.66594	384.0736	15.42638	147.46228	372.48584	687.80652	78.29373	370.16432	676.81246	-50.03458	396.85211	364.60816	82.37846	386.38367	363.78058	-78.88755	431.95415	729.36032	9.00186	305.20082	57.66979	75.66515	303.75566	62.33808	-109.70713	
137	1.36	278.83818	1105.63244	-4.2693	286.4848	921.0015	-0.4726	392.58997	1085.15684	2.01262	430.21937	721.98616	-77.24456	433.63188	736.77327	95.19736	294.30065	770.57211	4.23122	389.27765	431.78288	-156.79247	386.75174	381.68872	-217.68105	477.15275	392.45637	-122.059	408.83692	280.34314	-137.74505	386.48644	369.79905	-125.52381	319.80383	159.33409	-183.66885	295.21587	68.71895	-145.98988	316.63994	71.81427	-71.80622	245.69336	20.6867	-109.64609	421.85713	30.60324	-135.59778	417.08977	16.82237	-85.31576	381.53116	16.9861	-176.61706	404.1421	447.49794	167.9027	408.1936	355.66905	227.54722	481.35063	413.91203	122.48281	454.34379	284.68544	120.77714	400.55614	361.69015	129.61835	307.98686	148.30751	156.4773	293.59145	62.05926	112.18215	321.63763	69.41953	39.50233	250.84133	19.52369	68.53985	423.72032	28.58475	108.10319	413.99142	13.96819	52.66702	384.07983	15.42782	147.46419	372.5732	687.80359	78.39093	370.03313	676.79695	-49.96453	396.86976	364.59636	82.35087	386.35225	363.78522	-78.91033	431.92563	729.37972	8.9764	305.20465	57.67026	75.66651	303.75645	62.34161	-109.70772	
138	1.37	278.8884	1105.57031	-4.04744	286.37632	921.00001	-0.32543	392.506	1085.16055	2.09236	430.04363	721.99569	-77.29258	433.76795	736.81086	95.19808	294.19672	770.55579	4.33056	389.16436	431.79228	-156.80654	386.70288	381.70341	-217.69655	477.10923	392.47814	-122.08569	408.81348	280.35257	-137.76844	386.44833	369.80553	-125.54045	319.78911	159.3364	-183.67447	295.21222	68.71923	-145.9889	316.64278	71.81776	-71.81083	245.69143	20.68609	-109.64086	421.85463	30.59553	-135.60289	417.08851	16.8243	-85.31773	381.53058	16.98165	-176.61977	404.20366	447.48581	167.87694	408.22629	355.66761	227.51856	481.37314	413.89454	122.43835	454.34647	284.66863	120.74073	400.57124	361.68464	129.58959	307.98886	148.30903	156.46919	293.59565	62.06172	112.18222	321.63782	69.41632	39.50046	250.8338	19.52578	68.54345	423.72653	28.58707	108.10143	413.98865	13.96298	52.66508	384.08483	15.42792	147.46277	372.67505	687.80567	78.50137	369.90299	676.77856	-49.88554	396.87641	364.58886	82.32265	386.31958	363.78754	-78.9275	431.90579	729.40328	8.95275	305.20673	57.67007	75.66635	303.75691	62.34348	-109.70912	
139	1.38	278.92609	1105.51532	-3.83434	286.2723	921.00303	-0.18529	392.42267	1085.16941	2.16621	429.86897	722.00427	-77.34017	433.89635	736.84904	95.1973	294.09475	770.54179	4.42479	389.05003	431.80055	-156.81399	386.64725	381.7179	-217.70598	477.06316	392.50057	-122.10973	408.78631	280.36219	-137.78803	386.4071	369.81193	-125.55135	319.77638	159.33672	-183.67815	295.2111	68.71814	-145.98928	316.64249	71.81741	-71.81689	245.68924	20.68463	-109.63608	421.85362	30.58828	-135.61078	417.08682	16.82708	-85.31971	381.53009	16.97747	-176.6214	404.25274	447.4757	167.84893	408.25665	355.66836	227.49033	481.3887	413.88135	122.38975	454.34086	284.65445	120.70171	400.57858	361.68258	129.56112	307.98824	148.30995	156.45916	293.59955	62.0609	112.18061	321.6347	69.41331	39.49792	250.82705	19.52473	68.54585	423.73167	28.58889	108.09777	413.98685	13.95716	52.66004	384.0882	15.42651	147.45869	372.77012	687.8099	78.60781	369.7726	676.76116	-49.80925	396.87271	364.58537	82.29496	386.28563	363.78982	-78.93891	431.88266	729.42665	8.92856	305.20722	57.6682	75.66496	303.75711	62.34268	-109.71212	
140	1.39	278.94615	1105.47039	-3.63332	286.17254	921.00995	-0.05216	392.33895	1085.18359	2.23615	429.69668	722.01191	-77.38422	433.99407	736.87947	95.19035	293.99648	770.53164	4.51335	388.93556	431.80906	-156.81486	386.58341	381.73182	-217.70996	477.01422	392.52344	-122.13105	408.75263	280.37245	-137.80318	386.36135	369.81925	-125.5565	319.76311	159.33578	-183.67913	295.21103	68.71525	-145.99123	316.64062	71.81423	-71.82263	245.68801	20.68168	-109.63252	421.85394	30.58234	-135.61956	417.08535	16.83056	-85.32116	381.52947	16.97384	-176.62119	404.29142	447.46757	167.82134	408.28544	355.67012	227.46384	481.39649	413.87278	122.34067	454.32936	284.64378	120.66217	400.57939	361.68307	129.53533	307.98611	148.31079	156.44882	293.60294	62.05701	112.1787	321.62938	69.40969	39.49635	250.82338	19.52148	68.54709	423.73483	28.58995	108.09355	413.98661	13.95192	52.6535	384.08995	15.42401	147.45445	372.83859	687.81364	78.69599	369.6402	676.74827	-49.74487	396.86007	364.58522	82.27018	386.24903	363.79377	-78.94447	431.84538	729.44569	8.90306	305.20657	57.66435	75.66384	303.7571	62.33946	-109.71592	
141	1.4	278.94612	1105.43725	-3.44598	286.07697	921.01983	0.07486	392.25439	1085.20392	2.30294	429.52823	722.01927	-77.42225	434.0521	736.89942	95.17636	293.90263	770.52653	4.59625	388.82192	431.81958	-156.80959	386.51075	381.74579	-217.7096	476.96185	392.54678	-122.14998	408.71112	280.38458	-137.81426	386.31028	369.82856	-125.55676	319.74884	159.33498	-183.67768	295.21051	68.71136	-145.99385	316.63903	71.81101	-71.82695	245.68791	20.67723	-109.63056	421.85525	30.57925	-135.62791	417.08502	16.83479	-85.32279	381.52901	16.97153	-176.61936	404.32206	447.46236	167.79735	408.31224	355.6724	227.44045	481.39652	413.8698	122.29413	454.3144	284.63848	120.62392	400.57486	361.68622	129.51379	307.98277	148.31276	156.43927	293.60496	62.052	112.17728	321.62386	69.40603	39.49674	250.82516	19.51675	68.54804	423.73627	28.59076	108.08969	413.98701	13.9487	52.64767	384.09019	15.42171	147.45175	372.8727	687.81654	78.76102	369.50582	676.74202	-49.69514	396.84045	364.58877	82.24986	386.20888	363.80071	-78.94501	431.79016	729.45935	8.87706	305.20531	57.6598	75.66386	303.7571	62.33562	-109.71946	
142	1.41	278.92329	1105.41669	-3.27163	285.98563	921.03201	0.19693	392.16886	1085.23092	2.36609	429.36516	722.02715	-77.45272	434.07388	736.91063	95.15744	293.8137	770.52672	4.67355	388.7099	431.8333	-156.79874	386.42962	381.76137	-217.70592	476.90559	392.57096	-122.16718	408.66207	280.39997	-137.82252	386.25398	369.84072	-125.55331	319.73464	159.33568	-183.67498	295.20858	68.70779	-145.99599	316.63881	71.81046	-71.82957	245.68835	20.67179	-109.62977	421.85696	30.58023	-135.6353	417.08574	16.83978	-85.32546	381.52953	16.9712	-176.61691	404.34533	447.46114	167.7796	408.33451	355.67506	227.42144	481.38866	413.87309	122.2525	454.2968	284.64015	120.58874	400.56498	361.6925	129.49731	307.97707	148.31732	156.43114	293.60459	62.04839	112.17649	321.61997	69.40371	39.49903	250.83268	19.51086	68.54981	423.73692	28.59199	108.08657	413.98636	13.94842	52.64429	384.089	15.42117	147.45117	372.87565	687.81967	78.80587	369.37123	676.74279	-49.65749	396.81505	364.59678	82.23471	386.16513	363.81116	-78.94176	431.71952	729.46889	8.85236	305.2038	57.65654	75.66504	303.75718	62.33322	-109.72199	
143	1.42	278.87609	1105.40765	-3.1077	285.89778	921.04598	0.31496	392.08171	1085.26312	2.42551	429.20882	722.03506	-77.47425	434.06713	736.9153	95.13654	293.72911	770.53178	4.74564	388.59962	431.84986	-156.78271	386.34131	381.77988	-217.69935	476.84486	392.59594	-122.18223	408.60671	280.41871	-137.82882	386.19267	369.85551	-125.54674	319.72113	159.3382	-183.67191	295.20476	68.70529	-145.99703	316.63943	71.81335	-71.83031	245.68835	20.66581	-109.62935	421.85813	30.58467	-135.64088	417.08695	16.84514	-85.32864	381.53141	16.97254	-176.61448	404.35949	447.46401	167.76976	408.34805	355.67764	227.40834	481.3714	413.8814	122.21867	454.27502	284.64831	120.55909	400.54805	361.70117	129.48704	307.96712	148.32503	156.42549	293.60138	62.0474	112.17687	321.61802	69.4033	39.50313	250.84369	19.50428	68.5529	423.73732	28.59354	108.08496	413.98351	13.951	52.64406	384.08655	15.42288	147.45302	372.85394	687.82389	78.83627	369.2382	676.74945	-49.62719	396.78342	364.6084	82.22579	386.11749	363.8241	-78.93541	431.63797	729.47518	8.83114	305.20201	57.65551	75.66758	303.75682	62.33307	-109.72308	
144	1.43	278.80676	1105.40693	-2.95117	285.81187	921.06047	0.42913	391.99186	1085.29786	2.48157	429.06012	722.04132	-77.48624	434.03944	736.91485	95.11595	293.64656	770.54087	4.81313	388.49026	431.86754	-156.76253	386.24823	381.80152	-217.68993	476.77913	392.62154	-122.19384	408.54711	280.43949	-137.8339	386.12675	369.87148	-125.53747	319.70769	159.34169	-183.66901	295.19892	68.70372	-145.9972	316.63941	71.81819	-71.82974	245.68713	20.65946	-109.62889	421.85813	30.5906	-135.64395	417.08854	16.85082	-85.33112	381.53421	16.97485	-176.6126	404.36179	447.47011	167.7679	408.34802	355.67954	227.40235	481.34277	413.89191	122.19538	454.24639	284.66043	120.53716	400.52165	361.71055	129.48379	307.95111	148.33549	156.42311	293.59566	62.04846	112.17876	321.61696	69.40436	39.50878	250.85473	19.49785	68.55724	423.73707	28.59472	108.08558	413.9791	13.95539	52.64643	384.0832	15.42558	147.45688	372.81358	687.82932	78.85744	369.10777	676.75984	-49.60009	396.74428	364.62139	82.22378	386.06531	363.83723	-78.92649	431.54978	729.47809	8.81486	305.19958	57.65624	75.67151	303.75522	62.3344	-109.72312	
145	1.44	278.72028	1105.4103	-2.79985	285.72645	921.07331	0.5386	391.8985	1085.33346	2.5337	428.91984	722.04476	-77.49055	433.99818	736.91075	95.09679	293.56364	770.55287	4.87643	388.38106	431.88423	-156.74046	386.15388	381.82543	-217.67813	476.70877	392.648	-122.20157	408.48619	280.46094	-137.83934	386.0576	369.88688	-125.52681	319.69329	159.34501	-183.66721	295.19123	68.70232	-145.99746	316.63815	71.82261	-71.82977	245.6845	20.6529	-109.62874	421.85731	30.59641	-135.64533	417.09053	16.85765	-85.33285	381.53714	16.9778	-176.61241	404.35043	447.47828	167.77225	408.33024	355.6806	227.40336	481.3024	413.90237	122.18333	454.20883	284.67388	120.52357	400.4841	361.71945	129.48647	307.92813	148.34798	156.42322	293.588	62.0502	112.18114	321.61572	69.40614	39.51454	250.86261	19.4925	68.56257	423.73532	28.595	108.0879	413.97505	13.95987	52.64977	384.07958	15.42742	147.46085	372.76054	687.83552	78.87308	368.981	676.77156	-49.57445	396.69721	364.63406	82.22745	386.0089	363.84833	-78.91637	431.45901	729.47775	8.80312	305.19629	57.65771	75.67559	303.75215	62.33565	-109.72354	
146	1.45	278.62127	1105.41354	-2.65245	285.64081	921.08211	0.64148	391.80117	1085.37001	2.58089	428.78836	722.04507	-77.49094	433.94955	736.90391	95.07963	293.47971	770.56692	4.93561	388.27274	431.89778	-156.71919	386.06217	381.8497	-217.66498	476.63551	392.67516	-122.20581	408.4273	280.48202	-137.84626	385.98758	369.90027	-125.51642	319.67743	159.34735	-183.66725	295.18246	68.69993	-145.99896	316.6363	71.8246	-71.83228	245.6804	20.64626	-109.6297	421.85648	30.60147	-135.64689	417.09211	16.86605	-85.33491	381.53935	16.98093	-176.61483	404.32562	447.48697	167.78034	408.29254	355.68139	227.41026	481.2518	413.91152	122.18162	454.16185	284.68686	120.51853	400.43548	361.72742	129.49312	307.89883	148.36129	156.42404	293.57931	62.05139	112.18253	321.614	69.40787	39.51856	250.86558	19.48871	68.56836	423.73153	28.5941	108.09066	413.97301	13.96246	52.65234	384.07635	15.42722	147.46304	372.6999	687.84137	78.88542	368.85867	676.78262	-49.55087	396.64337	364.64546	82.23473	385.94985	363.85613	-78.90669	431.36895	729.47449	8.79435	305.19239	57.6589	75.67817	303.74829	62.33523	-109.72586	
147	1.46	278.51272	1105.41312	-2.50821	285.55466	921.0853	0.73517	391.69952	1085.40801	2.62387	428.66504	722.04166	-77.49012	433.89648	736.8938	95.06564	293.39526	770.58274	4.99089	388.16759	431.90658	-156.70039	385.97656	381.87176	-217.65163	476.56158	392.70145	-122.20599	408.37298	280.50142	-137.85341	385.91892	369.91041	-125.5069	319.65985	159.34805	-183.66845	295.17417	68.69546	-146.00213	316.63403	71.82307	-71.8377	245.67465	20.63948	-109.63242	421.85607	30.60519	-135.6495	417.09223	16.87465	-85.3378	381.53996	16.98293	-176.61916	404.28963	447.4944	167.79083	408.23586	355.6831	227.42198	481.19324	413.91819	122.18988	454.10655	284.6982	120.52345	400.37777	361.73403	129.50307	307.86548	148.37363	156.42433	293.57086	62.05113	112.18296	321.61201	69.40841	39.52046	250.86433	19.48613	68.57372	423.72589	28.59163	108.09333	413.97353	13.96198	52.65332	384.07384	15.42478	147.46375	372.63369	687.84534	78.89622	368.74014	676.79148	-49.53017	396.58524	364.65437	82.24486	385.88976	363.86008	-78.89796	431.28076	729.46773	8.78776	305.1886	57.65881	75.67909	303.74448	62.33204	-109.7305	
148	1.47	278.39702	1105.40691	-2.36718	285.46765	921.08294	0.81732	391.59354	1085.44751	2.66516	428.54841	722.03392	-77.4886	433.83953	736.87989	95.05645	293.31086	770.6002	5.04263	388.06808	431.91076	-156.68433	385.89935	381.8894	-217.63893	476.48887	392.72499	-122.20099	408.32424	280.51774	-137.85782	385.85291	369.91674	-125.49783	319.63996	159.34715	-183.66907	295.16788	68.68869	-146.0063	316.63045	71.81828	-71.84526	245.66758	20.6322	-109.63734	421.85621	30.607	-135.65269	417.09069	16.88124	-85.34098	381.53861	16.98261	-176.62342	404.24528	447.49958	167.80361	408.16415	355.68768	227.43748	481.12934	413.92202	122.20769	454.04513	284.70764	120.53965	400.31422	361.73944	129.51657	307.83083	148.3838	156.42369	293.56376	62.04933	112.18373	321.61033	69.40706	39.52121	250.86171	19.48418	68.57792	423.71955	28.58761	108.09623	413.97646	13.95915	52.65286	384.07192	15.42072	147.46497	372.56197	687.84655	78.90742	368.62397	676.79722	-49.51179	396.5257	364.66014	82.25806	385.82941	363.86055	-78.88966	431.19397	729.45691	8.78393	305.1857	57.65703	75.67952	303.74105	62.32609	-109.73675	
149	1.48	278.27732	1105.39483	-2.23049	285.37941	921.07683	0.88701	391.48406	1085.48871	2.70709	428.43727	722.02302	-77.48611	433.77957	736.86394	95.05258	293.22801	770.61862	5.09064	387.97502	431.91263	-156.67074	385.83108	381.90185	-217.62789	476.41883	392.74575	-122.19144	408.28062	280.53068	-137.85722	385.79005	369.92038	-125.4891	319.61695	159.34611	-183.66827	295.16408	68.68073	-146.01057	316.6251	71.81226	-71.85375	245.66065	20.62383	-109.64444	421.85717	30.60741	-135.65611	417.0886	16.88499	-85.34411	381.53593	16.98055	-176.62632	404.19483	447.50315	167.81795	408.08316	355.69759	227.45501	481.06346	413.92507	122.23223	453.9806	284.7167	120.56576	400.24846	361.74554	129.53256	307.79691	148.39242	156.42186	293.5584	62.04733	112.18547	321.6099	69.40492	39.52153	250.86041	19.48291	68.58049	423.71453	28.58322	108.09953	413.98116	13.95622	52.65176	384.07044	15.41645	147.46796	372.48632	687.8459	78.92042	368.51022	676.80029	-49.49449	396.46728	364.66439	82.27335	385.76929	363.85967	-78.88151	431.10842	729.44348	8.78324	305.18431	57.65479	75.68016	303.73797	62.31894	-109.74352	
150	1.49	278.15654	1105.37913	-2.09984	285.29007	921.06946	0.94515	391.37254	1085.532	2.75104	428.3315	722.01197	-77.48225	433.71917	736.84982	95.05322	293.14935	770.63698	5.13423	387.88666	431.91518	-156.65887	385.76966	381.91001	-217.61951	476.35178	392.76535	-122.18027	408.24013	280.54121	-137.85111	385.7298	369.9237	-125.48113	319.59035	159.34723	-183.66665	295.16173	68.67325	-146.01434	316.61863	71.80785	-71.86157	245.65543	20.61424	-109.65294	421.85893	30.60801	-135.65981	417.08735	16.88677	-85.34748	381.53312	16.97842	-176.62787	404.14014	447.50681	167.83182	407.99888	355.71483	227.47212	480.99922	413.93066	122.25849	453.91604	284.72791	120.59732	400.18364	361.75515	129.54834	307.76471	148.40145	156.41879	293.55453	62.04744	112.1876	321.61173	69.40433	39.52147	250.8607	19.48305	68.58104	423.71231	28.58034	108.10322	413.98666	13.95559	52.6514	384.06946	15.41343	147.47228	372.41096	687.84579	78.93587	368.40109	676.80245	-49.47681	396.41183	364.67034	82.28816	385.70963	363.86054	-78.87386	431.02533	729.43089	8.78548	305.18476	57.65439	75.68083	303.73506	62.31281	-109.74969	
151	1.5	278.03519	1105.36375	-1.97674	285.19998	921.06285	0.99368	391.26009	1085.57676	2.7984	428.23176	722.00346	-77.47585	433.66139	736.84078	95.05766	293.07618	770.65484	5.17301	387.79969	431.91995	-156.64702	385.71019	381.91587	-217.61373	476.28582	392.78493	-122.17057	408.19938	280.55048	-137.84013	385.66994	369.92842	-125.47387	319.5603	159.35199	-183.66498	295.15929	68.66703	-146.01712	316.61183	71.80663	-71.86699	245.65224	20.60391	-109.66128	421.86066	30.60988	-135.66291	417.08741	16.8875	-85.35111	381.53119	16.97713	-176.62818	404.0834	447.51194	167.84303	407.91672	355.73926	227.4866	480.93903	413.94007	122.28193	453.85296	284.74262	120.62876	400.12179	361.76986	129.56155	307.73509	148.41229	156.41521	293.55188	62.051	112.18953	321.61628	69.40654	39.52146	250.86069	19.48545	68.57936	423.71251	28.58001	108.10789	413.99247	13.95858	52.65318	384.069	15.41198	147.47695	372.34	687.84859	78.95449	368.2989	676.80564	-49.45678	396.35975	364.68039	82.3003	385.64957	363.8648	-78.86665	430.94657	729.42212	8.79091	305.18714	57.65708	75.68149	303.73193	62.30887	-109.75409	
152	1.51	277.91151	1105.35251	-1.86222	285.10865	921.05792	1.03467	391.14723	1085.62122	2.85024	428.13906	721.99857	-77.46551	433.60774	736.83738	95.06539	293.00757	770.67276	5.20731	387.71137	431.92654	-156.63316	385.64638	381.92163	-217.60935	476.21793	392.80468	-122.16417	408.1549	280.55935	-137.82601	385.60748	369.93496	-125.46646	319.52776	159.36034	-183.66377	295.15625	68.66164	-146.01889	316.60464	71.808	-71.86924	245.6501	20.59336	-109.668	421.86136	30.61284	-135.66383	417.08789	16.88745	-85.35458	381.53074	16.97654	-176.62698	404.02726	447.51899	167.84995	407.84148	355.76798	227.4966	480.88403	413.95161	122.29902	453.79071	284.75963	120.65451	400.06369	361.78906	129.57079	307.70967	148.42458	156.4122	293.55088	62.05749	112.19107	321.62338	69.41084	39.5225	250.85857	19.49048	68.57587	423.71342	28.58149	108.11404	413.99908	13.96478	52.65741	384.069	15.41122	147.48108	372.27491	687.85524	78.97616	368.20473	676.81116	-49.43329	396.30987	364.69503	82.3086	385.58781	363.87192	-78.85917	430.8734	729.41798	8.79994	305.19162	57.66222	75.68259	303.72835	62.30662	-109.75636	
153	1.52	277.78339	1105.3471	-1.75685	285.01447	921.05481	1.06975	391.0347	1085.66392	2.90554	428.0548	721.99774	-77.45144	433.55761	736.83829	95.07476	292.94262	770.69099	5.23751	387.62137	431.93362	-156.61668	385.573	381.92927	-217.60526	476.1464	392.82509	-122.16239	408.10475	280.5691	-137.81212	385.54057	369.94324	-125.45846	319.49415	159.3714	-183.66422	295.15316	68.65616	-146.02049	316.59656	71.81013	-71.86956	245.64798	20.58243	-109.67272	421.86104	30.61627	-135.66223	417.08733	16.88713	-85.35774	381.53209	16.9765	-176.62455	403.97438	447.52776	167.85113	407.77752	355.79627	227.50019	480.83545	413.96248	122.30608	453.72844	284.77629	120.66879	400.00985	361.81076	129.57434	307.69036	148.43685	156.40991	293.55218	62.06539	112.19174	321.63243	69.41596	39.52483	250.85417	19.4976	68.57149	423.71378	28.583	108.12055	414.00689	13.97201	52.66298	384.06976	15.40987	147.48338	372.21504	687.86517	78.99829	368.11945	676.81978	-49.40795	396.26087	364.71359	82.31158	385.52417	363.88078	-78.8511	430.8062	729.41802	8.81166	305.19826	57.6684	75.68405	303.72433	62.30466	-109.75756	
154	1.53	277.64919	1105.3467	-1.66073	284.91512	921.0538	1.09972	390.92326	1085.70422	2.96114	427.98052	722.00158	-77.43526	433.50874	736.84178	95.08368	292.88175	770.7086	5.26338	387.53242	431.94002	-156.59875	385.48756	381.94038	-217.60096	476.07168	392.84707	-122.16642	408.04868	280.58111	-137.80254	385.46922	369.95336	-125.45019	319.46046	159.38401	-183.66783	295.15003	68.64982	-146.02281	316.58711	71.81086	-71.87025	245.64535	20.57027	-109.67632	421.86029	30.61985	-135.65919	417.08476	16.88761	-85.36042	381.53482	16.97711	-176.62175	403.92681	447.53736	167.84571	407.72867	355.81909	227.4962	480.79487	413.97055	122.29999	453.66669	284.78986	120.66706	399.96115	361.83252	129.57079	307.67764	148.44737	156.40748	293.55572	62.07309	112.19076	321.64206	69.42073	39.5276	250.84851	19.50523	68.56705	423.71351	28.58285	108.12532	414.01514	13.97755	52.6684	384.07185	15.40696	147.48269	372.15898	687.87681	79.01692	368.04446	676.83164	-49.38445	396.21224	364.73485	82.30799	385.45994	363.89065	-78.84286	430.74463	729.42168	8.82421	305.20633	57.67424	75.68507	303.7196	62.30151	-109.75933	
155	1.54	277.50816	1105.34925	-1.57374	284.80878	921.05532	1.12462	390.81261	1085.74181	3.0142	427.91676	722.00994	-77.41786	433.4575	736.84614	95.09176	292.82544	770.72419	5.28425	387.45004	431.94506	-156.58109	385.39047	381.95557	-217.59564	475.99562	392.87045	-122.17645	407.98755	280.59555	-137.79973	385.39495	369.96482	-125.44156	319.42681	159.39654	-183.6746	295.14565	68.64212	-146.02573	316.57602	71.8082	-71.87257	245.64198	20.55614	-109.68007	421.85904	30.62299	-135.65545	417.08005	16.88934	-85.36142	381.5375	16.97789	-176.6189	403.88524	447.54616	167.83493	407.69779	355.83273	227.48582	480.76307	413.97476	122.28049	453.60711	284.79833	120.64871	399.91852	361.85191	129.56111	307.67037	148.45453	156.40449	293.56071	62.07905	112.1883	321.65034	69.42358	39.53015	250.84301	19.51167	68.56308	423.7131	28.58007	108.12742	414.02234	13.97975	52.673	384.07549	15.40214	147.47945	372.10399	687.8883	79.02972	367.98014	676.84603	-49.3655	396.16395	364.75699	82.29893	385.39722	363.90047	-78.83444	430.68713	729.42804	8.83695	305.21445	57.67816	75.68536	303.71335	62.29592	-109.76224	
156	1.55	277.36132	1105.35301	-1.4955	284.69535	921.05895	1.14416	390.70109	1085.77666	3.06369	427.86244	722.02164	-77.39865	433.40004	736.85016	95.10079	292.77331	770.73695	5.29937	387.38107	431.94839	-156.56494	385.28464	381.97412	-217.5881	475.92082	392.89372	-122.19166	407.92362	280.61097	-137.8037	385.32046	369.97621	-125.4318	319.39294	159.40726	-183.68281	295.13873	68.63304	-146.02847	316.56346	71.8013	-71.87596	245.63758	20.54034	-109.68484	421.85671	30.62458	-135.65084	417.07366	16.89153	-85.35919	381.53839	16.97786	-176.61557	403.84901	447.55274	167.82211	407.6863	355.83643	227.47232	480.73978	413.97529	122.25042	453.55165	284.80115	120.61734	399.88264	361.8676	129.54878	307.66714	148.45761	156.40179	293.56636	62.08242	112.18585	321.65604	69.42328	39.53249	250.83914	19.51594	68.56014	423.71293	28.57472	108.12753	414.02712	13.97882	52.67669	384.08013	15.39604	147.47565	372.0465	687.89837	79.03724	367.92496	676.86174	-49.3513	396.11636	364.77842	82.28789	385.33857	363.90845	-78.82513	430.63124	729.4359	8.85107	305.22156	57.67916	75.68559	303.70493	62.2875	-109.76565	
157	1.56	277.21133	1105.35703	-1.42519	284.57645	921.06293	1.15833	390.58671	1085.80976	3.10958	427.81581	722.03588	-77.37695	433.33541	736.8546	95.11285	292.72495	770.74622	5.30817	387.33127	431.95022	-156.55111	385.17523	381.99442	-217.57802	475.8504	392.91544	-122.21127	407.86112	280.6256	-137.8133	385.24952	369.98593	-125.42082	319.35905	159.41542	-183.69075	295.12938	68.62335	-146.03057	316.55004	71.79151	-71.87926	245.63202	20.5241	-109.69097	421.85357	30.62435	-135.64574	417.06635	16.89286	-85.35403	381.53694	16.97717	-176.6118	403.81713	447.5575	167.81078	407.69407	355.83303	227.45901	480.72419	413.9742	122.21335	453.50257	284.80022	120.57814	399.8542	361.88031	129.53728	307.66707	148.4574	156.40034	293.57132	62.08394	112.18455	321.65959	69.42063	39.5342	250.83814	19.51779	68.55873	423.7132	28.56827	108.12662	414.02902	13.97619	52.67923	384.08475	15.39027	147.47299	371.98563	687.90705	79.04202	367.87745	676.87764	-49.34027	396.07052	364.79886	82.27825	385.28709	363.91297	-78.81484	430.57561	729.44524	8.86795	305.22717	57.67803	75.68607	303.69463	62.27738	-109.7687	
158	1.57	277.06082	1105.36059	-1.36145	284.45451	921.06472	1.16777	390.46835	1085.84278	3.15183	427.77594	722.05295	-77.35273	433.26653	736.86251	95.12909	292.68073	770.75055	5.31067	387.30305	431.95117	-156.54015	385.06928	382.01418	-217.56652	475.78776	392.93474	-122.23494	407.80524	280.6382	-137.82651	385.18653	369.99307	-125.4097	319.32594	159.42134	-183.69766	295.11904	68.61418	-146.03197	316.53626	71.78168	-71.88173	245.6257	20.50856	-109.69822	421.85086	30.62375	-135.64156	417.05901	16.8923	-85.34841	381.53407	16.97733	-176.60842	403.78839	447.56272	167.80347	407.71899	355.82755	227.448	480.71483	413.97459	122.17238	453.4626	284.7993	120.53598	399.83365	361.89204	129.52864	307.66919	148.45546	156.4	293.57362	62.08544	112.18406	321.66238	69.41814	39.53432	250.84027	19.51756	68.55892	423.71415	28.56301	108.12517	414.02866	13.97319	52.68049	384.08853	15.38645	147.4718	371.92478	687.91552	79.04719	367.83817	676.89286	-49.32998	396.02811	364.81881	82.27188	385.24582	363.9138	-78.80456	430.52123	729.45773	8.88818	305.23093	57.67698	75.68604	303.68336	62.2676	-109.77096	
159	1.58	276.91086	1105.36285	-1.30242	284.33157	921.06219	1.17365	390.34583	1085.87652	3.19081	427.74253	722.07299	-77.32558	433.19678	736.87661	95.15023	292.64107	770.74789	5.30741	387.29503	431.95153	-156.53188	384.97426	382.03004	-217.55517	475.73566	392.95022	-122.26109	407.75997	280.64736	-137.83956	385.13493	369.99691	-125.39946	319.29427	159.42547	-183.70271	295.10899	68.60603	-146.0324	316.52239	71.77383	-71.88268	245.61916	20.49404	-109.70588	421.84942	30.62442	-135.63905	417.05214	16.88911	-85.34448	381.53077	16.97934	-176.60566	403.76028	447.57026	167.80227	407.75625	355.82456	227.44089	480.70918	413.97838	122.13128	453.43352	284.80154	120.49605	399.82043	361.90394	129.52432	307.67165	148.45265	156.40028	293.57233	62.08766	112.1837	321.66552	69.41792	39.53304	250.84455	19.51596	68.56001	423.71574	28.56023	108.12392	414.0271	13.9703	52.68086	384.09099	15.38511	147.47196	371.86805	687.92465	79.05546	367.80846	676.90636	-49.31788	395.99062	364.83783	82.26996	385.21618	363.9116	-78.79514	430.46966	729.4748	8.91233	305.23289	57.6775	75.68525	303.67188	62.25944	-109.77193	
160	1.59	276.76153	1105.36323	-1.24609	284.20843	921.05436	1.17684	390.21984	1085.91043	3.22745	427.71512	722.09511	-77.29461	433.12663	736.89682	95.17704	292.60416	770.73692	5.29906	387.30309	431.95091	-156.52528	384.89581	382.03807	-217.54507	475.69527	392.95979	-122.28651	407.72671	280.65108	-137.84787	385.09592	369.99638	-125.39023	319.26409	159.42782	-183.7046	295.09958	68.5984	-146.03135	316.50883	71.7676	-71.88117	245.6128	20.48008	-109.71333	421.84874	30.62653	-135.63731	417.04559	16.88277	-85.34239	381.52745	16.98255	-176.60241	403.72847	447.58006	167.80881	407.79825	355.82626	227.43932	480.70389	413.9852	122.09515	453.41467	284.80772	120.46421	399.81243	361.91551	129.52588	307.6722	148.4486	156.40136	293.56858	62.0894	112.18362	321.66903	69.4201	39.53207	250.84953	19.51367	68.561	423.7176	28.55941	108.124	414.02527	13.96787	52.68087	384.09182	15.38535	147.4739	371.81585	687.93389	79.06821	367.78806	676.91697	-49.30251	395.95855	364.85412	82.27377	385.19711	363.90676	-78.78651	430.42087	729.49597	8.94122	305.23363	57.67907	75.68461	303.6606	62.25246	-109.77084	
161	1.6	276.61356	1105.36181	-1.19123	284.08506	921.04138	1.17717	390.09186	1085.94402	3.26162	427.69335	722.11846	-77.2601	433.0541	736.92139	95.20928	292.56551	770.7183	5.2863	387.32187	431.94896	-156.51946	384.83629	382.03557	-217.53708	475.66631	392.96231	-122.30913	407.70464	280.6481	-137.84904	385.06887	369.99089	-125.38232	319.23557	159.42886	-183.70314	295.09085	68.59043	-146.0289	316.49595	71.76122	-71.87719	245.60706	20.46598	-109.72002	421.84769	30.62952	-135.63513	417.039	16.87378	-85.3414	381.52442	16.98594	-176.59773	403.68834	447.59101	167.82273	407.8361	355.83267	227.44386	480.69588	413.9939	122.06853	453.403	284.81689	120.44486	399.80631	361.92575	129.53378	307.66932	148.44293	156.4032	293.56428	62.08891	112.18392	321.6722	69.42335	39.53234	250.8542	19.51125	68.56108	423.71964	28.55941	108.12578	414.02404	13.96675	52.68058	384.09099	15.38586	147.4776	371.7653	687.94213	79.08437	367.77528	676.92428	-49.28497	395.93123	364.86619	82.28351	385.18649	363.8998	-78.77884	430.37372	729.51992	8.97459	305.23379	57.68016	75.68464	303.64979	62.24528	-109.76775	
162	1.61	276.46806	1105.35883	-1.13841	283.96153	921.0238	1.17386	389.96351	1085.97781	3.2915	427.67787	722.14295	-77.22403	432.97765	736.94909	95.24498	292.5208	770.69429	5.27006	387.34575	431.94578	-156.5145	384.79476	382.02277	-217.53189	475.64758	392.95891	-122.32971	407.69173	280.63939	-137.84423	385.05238	369.98141	-125.37686	319.20931	159.42997	-183.70011	295.08312	68.58162	-146.02616	316.48395	71.75329	-71.87258	245.60236	20.45125	-109.72552	421.84566	30.63345	-135.63242	417.03216	16.86427	-85.34126	381.52234	16.98918	-176.59216	403.63677	447.60211	167.84148	407.86125	355.84284	227.45349	480.68326	414.00386	122.05387	453.39423	284.82786	120.43921	399.79851	361.93459	129.54637	307.66275	148.43631	156.40462	293.56062	62.08569	112.18373	321.67457	69.42625	39.53296	250.85803	19.50927	68.55971	423.72232	28.55955	108.12839	414.02434	13.9675	52.67953	384.08902	15.38582	147.4816	371.71364	687.94914	79.10089	367.769	676.92888	-49.26834	395.9075	364.87442	82.29737	385.18265	363.89199	-78.77319	430.32776	729.54602	9.01048	305.23377	57.67977	75.68449	303.63976	62.23689	-109.76413	
163	1.62	276.32476	1105.35455	-1.08966	283.83739	921.00232	1.16613	389.83554	1086.01242	3.31545	427.66981	722.16812	-77.188	432.89735	736.97895	95.28205	292.46844	770.66755	5.25158	387.36964	431.94172	-156.51066	384.76729	382.00265	-217.52955	475.63676	392.95197	-122.34982	407.68497	280.62741	-137.83656	385.04392	369.96985	-125.37459	319.18507	159.43201	-183.6978	295.07656	68.5719	-146.02437	316.47323	71.74332	-71.86943	245.59849	20.43585	-109.72998	421.84278	30.63867	-135.62959	417.02498	16.85676	-85.34166	381.52167	16.99188	-176.58664	403.57289	447.61223	167.86242	407.86619	355.85555	227.46672	480.66486	414.01444	122.05245	453.38361	284.83961	120.44636	399.78551	361.94265	129.56134	307.65278	148.43016	156.40447	293.55789	62.08064	112.18228	321.67635	69.42786	39.53295	250.86064	19.5085	68.55653	423.7259	28.55926	108.13097	414.02661	13.96967	52.67752	384.08679	15.38492	147.48441	371.65968	687.9553	79.1152	367.7688	676.93154	-49.25487	395.88583	364.88024	82.31292	385.18381	363.88468	-78.7704	430.28358	729.57354	9.04703	305.23387	57.67785	75.68332	303.63085	62.22698	-109.76167	
164	1.63	276.18129	1105.34962	-1.04727	283.71071	920.97817	1.15365	389.7075	1086.04754	3.33364	427.66941	722.1928	-77.1514	432.81438	737.00935	95.32009	292.40953	770.64049	5.23197	387.38959	431.93713	-156.50756	384.74724	381.97977	-217.52925	475.63027	392.94374	-122.3697	407.68063	280.61454	-137.82901	385.03943	369.95794	-125.3747	319.16123	159.43449	-183.69712	295.07096	68.56146	-146.02397	316.46448	71.7315	-71.86798	245.59466	20.42008	-109.73432	421.83933	30.64481	-135.62642	417.01722	16.85205	-85.34169	381.52209	16.99303	-176.58125	403.4981	447.62028	167.88451	407.84519	355.86932	227.4829	480.63894	414.02454	122.06584	453.36618	284.85108	120.46556	399.76387	361.95023	129.57772	307.63965	148.42579	156.40306	293.55612	62.07524	112.18006	321.67799	69.42789	39.53291	250.86155	19.50973	68.55135	423.72968	28.55788	108.13391	414.0303	13.97241	52.67534	384.08481	15.38328	147.48625	371.6032	687.96095	79.12718	367.77378	676.93293	-49.244	395.86387	364.88485	82.32915	385.18719	363.8782	-78.76982	430.24189	729.60108	9.08435	305.23439	57.67496	75.68172	303.6234	62.21573	-109.76073	
165	1.64	276.03429	1105.34504	-1.01265	283.57956	920.95314	1.13662	389.57845	1086.08265	3.34699	427.67599	722.21683	-77.11258	432.73097	737.03948	95.35989	292.3473	770.61501	5.21175	387.40365	431.93275	-156.50482	384.72668	381.9592	-217.53003	475.62399	392.93636	-122.38959	407.67527	280.60294	-137.82402	385.03436	369.94726	-125.37569	319.13618	159.43694	-183.69814	295.06574	68.55078	-146.0248	316.45814	71.71922	-71.86721	245.59015	20.40433	-109.73947	421.83537	30.65126	-135.62243	417.0087	16.84923	-85.34101	381.52281	16.99229	-176.5758	403.41571	447.62638	167.90773	407.79551	355.88299	227.50186	480.60343	414.03366	122.0953	453.33801	284.86183	120.49618	399.73093	361.95769	129.59582	307.62347	148.4244	156.40143	293.5554	62.07095	112.17806	321.67983	69.42703	39.53411	250.86075	19.51319	68.54409	423.73242	28.55538	108.13801	414.03442	13.97529	52.67431	384.08301	15.38168	147.48823	371.54554	687.96683	79.13854	367.7831	676.93426	-49.23347	395.83897	364.88933	82.3464	385.18997	363.87242	-78.7702	430.20348	729.62816	9.12366	305.23564	57.6722	75.68084	303.61738	62.20409	-109.76075	
166	1.65	275.88107	1105.34152	-0.98606	283.44402	920.92887	1.11563	389.44769	1086.11808	3.35576	427.68921	722.24194	-77.07127	432.6503	737.07087	95.40196	292.28679	770.59214	5.19063	387.41257	431.93012	-156.50292	384.69888	381.94589	-217.53159	475.61454	392.93189	-122.41159	407.66636	280.59472	-137.82392	385.02549	369.93965	-125.37699	319.10932	159.44012	-183.70147	295.05989	68.54072	-146.02682	316.45373	71.70913	-71.86676	245.58483	20.3893	-109.74572	421.83103	30.65791	-135.61784	416.99991	16.84767	-85.34059	381.52325	16.9907	-176.57064	403.32985	447.63228	167.93132	407.71782	355.89633	227.52307	480.55757	414.04276	122.13998	453.29788	284.87275	120.53656	399.68589	361.96594	129.61544	307.60436	148.42734	156.39982	293.55553	62.06909	112.17632	321.68222	69.42678	39.5367	250.85935	19.51791	68.53499	423.73324	28.55279	108.14293	414.03818	13.97819	52.67552	384.08127	15.38136	147.49049	371.49009	687.97448	79.1509	367.79753	676.93724	-49.2218	395.80962	364.89517	82.36457	385.19067	363.86766	-78.77116	430.16976	729.65641	9.16535	305.23773	57.67096	75.68079	303.61209	62.19387	-109.76153	
167	1.66	275.72023	1105.33872	-0.9666	283.30576	920.90577	1.09114	389.31435	1086.15466	3.36004	427.70931	722.26976	-77.02843	432.57458	737.10533	95.44623	292.23324	770.57198	5.1675	387.4198	431.93059	-156.5026	384.66019	381.94312	-217.5338	475.60006	392.93102	-122.43845	407.65223	280.59093	-137.83026	385.01144	369.93632	-125.37871	319.08071	159.44502	-183.70782	295.05238	68.53207	-146.03005	316.44996	71.7034	-71.86702	245.57901	20.3759	-109.75313	421.82641	30.66446	-135.6132	416.99194	16.84738	-85.34152	381.52306	16.98953	-176.56614	403.24377	447.63973	167.9536	407.61565	355.90954	227.54583	480.50233	414.05328	122.19722	453.2476	284.8851	120.58446	399.63006	361.9757	129.63578	307.58258	148.43512	156.39817	293.55544	62.07026	112.17422	321.68516	69.42792	39.5399	250.85914	19.5219	68.52499	423.73215	28.55122	108.14777	414.04074	13.98071	52.67944	384.07973	15.38261	147.49238	371.43983	687.98505	79.16478	367.81858	676.94286	-49.20905	395.7761	364.90332	82.383	385.18907	363.8641	-78.77295	430.14195	729.68754	9.2089	305.24009	57.67193	75.68086	303.60634	62.18658	-109.76328	
168	1.67	275.55128	1105.33484	-0.95236	283.16699	920.88249	1.06353	389.17704	1086.19268	3.36056	427.73609	722.29959	-76.98461	432.50353	737.14212	95.4922	292.18999	770.55411	5.14097	387.43077	431.9342	-156.50406	384.61018	381.95081	-217.53616	475.58056	392.93242	-122.47146	407.63235	280.59078	-137.84308	384.99256	369.93674	-125.38073	319.0506	159.45159	-183.71684	295.04307	68.52499	-146.03399	316.4454	71.70177	-71.86807	245.57299	20.36462	-109.76175	421.82145	30.66981	-135.60861	416.98573	16.8477	-85.34366	381.52195	16.98891	-176.56213	403.15918	447.64887	167.97331	407.49488	355.92238	227.5698	480.43945	414.06568	122.26368	453.19103	284.89923	120.63806	399.56619	361.98628	129.65651	307.55848	148.44639	156.39709	293.55371	62.0738	112.17166	321.68801	69.42945	39.54311	250.86154	19.52314	68.51554	423.72965	28.55082	108.15207	414.04117	13.98197	52.68571	384.07817	15.38416	147.49377	371.39479	687.99814	79.17957	367.84636	676.95077	-49.19585	395.73963	364.91285	82.40143	385.18594	363.86093	-78.7755	430.11981	729.72086	9.2538	305.24165	57.67427	75.6807	303.59931	62.18219	-109.76577	
169	1.68	275.37456	1105.32695	-0.94115	283.03069	920.85643	1.03353	389.03477	1086.23205	3.35791	427.76877	722.32909	-76.94024	432.43526	737.17851	95.53834	292.15731	770.53811	5.11036	387.45151	431.9398	-156.50771	384.55113	381.96568	-217.53873	475.55829	392.93417	-122.51068	407.60828	280.59287	-137.86186	384.97101	369.93919	-125.38335	319.0198	159.45914	-183.72804	295.03331	68.519	-146.03795	316.43929	71.702	-71.87023	245.56691	20.35506	-109.7713	421.81622	30.67286	-135.60437	416.98125	16.84768	-85.34592	381.51997	16.98845	-176.55883	403.07698	447.65837	167.98989	407.36313	355.93427	227.59455	480.37123	414.07954	122.33499	453.13352	284.91476	120.69511	399.49804	361.9959	129.67705	307.53255	148.45855	156.39663	293.55001	62.07812	112.16894	321.69004	69.42984	39.54558	250.86704	19.52049	68.50774	423.726	28.55107	108.15547	414.03934	13.981	52.69271	384.076	15.38445	147.49487	371.35274	688.0123	79.19339	367.87944	676.9598	-49.18338	395.70214	364.9214	82.41943	385.18336	363.85722	-78.77901	430.10202	729.7538	9.29905	305.24181	57.67646	75.68008	303.59123	62.17934	-109.76882	
170	1.69	275.19164	1105.31259	-0.93135	282.90047	920.82512	1.0021	388.88821	1086.27272	3.3518	427.80635	722.35623	-76.89695	432.36808	737.21216	95.58173	292.13232	770.52391	5.07613	387.48714	431.94632	-156.51482	384.48739	381.98281	-217.54282	475.53702	392.93517	-122.55618	407.58337	280.59641	-137.88636	384.95024	369.94206	-125.38809	318.98965	159.46728	-183.74195	295.02506	68.51332	-146.04208	316.43196	71.70194	-71.87484	245.56082	20.34648	-109.78108	421.8111	30.67355	-135.60176	416.97765	16.84789	-85.34754	381.51773	16.98821	-176.55755	402.99792	447.66696	168.00306	407.2291	355.94484	227.61887	480.30101	414.09472	122.40543	453.08107	284.93146	120.75191	399.4301	362.00321	129.69577	307.50558	148.46922	156.39524	293.54552	62.08179	112.16581	321.69116	69.42882	39.54578	250.87546	19.51404	68.50205	423.72164	28.55175	108.15699	414.03629	13.97766	52.69811	384.07294	15.38318	147.49518	371.31127	688.0263	79.2032	367.91594	676.96894	-49.17382	395.6661	364.92713	82.4355	385.1843	363.85297	-78.78478	430.08722	729.78419	9.34239	305.24105	57.67767	75.67814	303.58321	62.17651	-109.77315	
171	1.7	275.00483	1105.29094	-0.9221	282.77931	920.7876	0.96988	388.73942	1086.31455	3.34226	427.84756	722.38001	-76.85677	432.30093	737.24182	95.61975	292.11099	770.51156	5.0393	387.53997	431.95281	-156.52643	384.42436	381.99706	-217.5497	475.52022	392.93484	-122.60723	407.56112	280.60057	-137.91545	384.93356	369.94396	-125.39638	318.96126	159.47571	-183.75891	295.01941	68.50745	-146.04701	316.42443	71.70032	-71.88305	245.55468	20.33845	-109.79044	421.80663	30.67241	-135.60174	416.97419	16.84998	-85.34803	381.51587	16.9882	-176.55928	402.92242	447.67419	168.01342	407.10152	355.95399	227.64138	480.23222	414.1112	122.46996	453.03774	284.94897	120.80468	399.36633	362.0078	129.7115	307.47857	148.47694	156.39163	293.54208	62.08397	112.16191	321.69169	69.42707	39.54284	250.88598	19.50513	68.49854	423.7179	28.55274	108.15593	414.03333	13.97299	52.7003	384.06957	15.38106	147.49408	371.26868	688.03929	79.20647	367.954	676.97751	-49.16932	395.63318	364.92948	82.44865	385.19106	363.84865	-78.79401	430.07425	729.81092	9.38149	305.24045	57.67782	75.67427	303.57625	62.17278	-109.77965	
172	1.71	274.81593	1105.26285	-0.91317	282.66887	920.74484	0.93696	388.59043	1086.35712	3.33138	427.89109	722.40009	-76.82014	432.23285	737.26677	95.65214	292.09124	770.5003	5.00015	387.60821	431.95764	-156.54168	384.36719	382.00419	-217.55884	475.50966	392.93237	-122.66081	407.54366	280.60346	-137.94553	384.92275	369.94343	-125.40768	318.93463	159.48381	-183.77718	295.01606	68.50165	-146.05258	316.41742	71.69626	-71.89394	245.54851	20.33083	-109.79873	421.80309	30.66968	-135.60328	416.97084	16.8545	-85.34646	381.51434	16.98771	-176.56306	402.85035	447.68004	168.02312	406.98795	355.9619	227.66182	480.16709	414.1279	122.52653	453.00385	284.96604	120.85165	399.30916	362.00974	129.7254	307.4527	148.48105	156.3868	293.54124	62.08408	112.15824	321.6918	69.42474	39.53836	250.8968	19.49609	68.49663	423.71634	28.55341	108.1532	414.03103	13.96876	52.69947	384.06697	15.3785	147.49196	371.22393	688.05038	79.20294	367.99231	676.98493	-49.17025	395.6033	364.9285	82.46022	385.20371	363.84419	-78.80596	430.06197	729.83343	9.416	305.24088	57.67671	75.66978	303.57059	62.16783	-109.78778	
173	1.72	274.62617	1105.22985	-0.90499	282.56984	920.69931	0.90336	388.44271	1086.40088	3.32224	427.93669	722.41702	-76.78597	432.16262	737.28696	95.68041	292.07353	770.48869	4.95827	387.6868	431.95918	-156.55813	384.31995	382.00206	-217.56844	475.50562	392.92752	-122.7123	407.53153	280.60275	-137.9717	384.91797	369.93968	-125.41973	318.90899	159.49104	-183.7936	295.01396	68.49682	-146.05788	316.41086	71.68962	-71.90514	245.5429	20.32347	-109.80554	421.80017	30.66558	-135.60403	416.96801	16.86024	-85.34225	381.51255	16.98619	-176.56669	402.78103	447.68494	168.03469	406.89396	355.96944	227.68076	480.10725	414.14304	122.57537	452.97731	284.9812	120.89294	399.25993	362.00973	129.73993	307.42945	148.4819	156.38316	293.54357	62.08216	112.15652	321.69155	69.42146	39.53533	250.90609	19.48929	68.49507	423.71766	28.55324	108.15088	414.02943	13.96683	52.69708	384.06573	15.37525	147.49004	371.17664	688.05886	79.19359	368.03121	676.99092	-49.17593	395.57568	364.92483	82.47283	385.2204	363.8395	-78.81827	430.04965	729.85199	9.44722	305.24269	57.67414	75.66699	303.5657	62.16207	-109.79592	
174	1.73	274.43755	1105.1935	-0.89872	282.48262	920.65384	0.86921	388.2976	1086.44795	3.31616	427.98582	722.43301	-76.75367	432.08923	737.304	95.70565	292.05868	770.47577	4.91361	387.76985	431.9574	-156.5735	384.28506	381.99145	-217.57717	475.50784	392.9211	-122.75776	407.52433	280.59749	-137.99026	384.91853	369.9335	-125.43039	318.884	159.49772	-183.80629	295.01198	68.49389	-146.06232	316.40426	71.6818	-71.91486	245.53888	20.31639	-109.81104	421.79717	30.66145	-135.60279	416.96611	16.8657	-85.33661	381.51038	16.98449	-176.56895	402.71343	447.69027	168.04895	406.82275	355.97826	227.69827	480.05504	414.15587	122.61635	452.95609	284.99411	120.9287	399.21979	362.00948	129.75619	307.41069	148.4812	156.38232	293.54809	62.07958	112.15696	321.69113	69.41769	39.53521	250.91333	19.48592	68.49267	423.72155	28.55282	108.15065	414.0284	13.96855	52.6946	384.0656	15.37129	147.48901	371.12719	688.06506	79.17844	368.07294	676.99627	-49.18664	395.55047	364.92026	82.48766	385.2389	363.83541	-78.82877	430.03752	729.86851	9.47599	305.24548	57.671	75.66676	303.56079	62.15666	-109.8029	
175	1.74	274.2529	1105.15537	-0.89591	282.40758	920.61057	0.83461	388.15649	1086.50104	3.31234	428.04033	722.45096	-76.72325	432.01186	737.3205	95.72786	292.04582	770.4618	4.86674	387.85233	431.95388	-156.58631	384.2627	381.97536	-217.58466	475.51565	392.91394	-122.79487	407.52113	280.58847	-137.99978	384.92337	369.9266	-125.43837	318.86032	159.50469	-183.81559	295.0094	68.49326	-146.06589	316.39762	71.67518	-71.92225	245.53704	20.31004	-109.81574	421.79379	30.65946	-135.59998	416.96553	16.87008	-85.33175	381.50827	16.9843	-176.56997	402.64673	447.69774	168.06427	406.7748	355.99005	227.71387	480.01287	414.16674	122.64835	452.93897	285.00551	120.95848	399.18941	362.01114	129.7734	307.39775	148.48099	156.38438	293.55271	62.07841	112.15826	321.69073	69.41494	39.53727	250.91913	19.48579	68.489	423.72698	28.5534	108.15314	414.0277	13.97419	52.69297	384.06623	15.36731	147.48885	371.07591	688.07041	79.1566	368.1198	677.00262	-49.20333	395.52844	364.91713	82.50393	385.2575	363.83305	-78.83625	430.0261	729.88573	9.50231	305.24824	57.66907	75.66805	303.55555	62.153	-109.80833	
176	1.75	274.07404	1105.11717	-0.89789	282.34395	920.57087	0.79915	388.02046	1086.56156	3.30955	428.10065	722.47201	-76.69359	431.92902	737.33744	95.74724	292.03318	770.4482	4.81826	387.93015	431.95029	-156.59548	384.25108	381.95716	-217.59076	475.52738	392.90552	-122.82236	407.52033	280.57703	-138.00041	384.9309	369.92012	-125.44291	318.83929	159.51225	-183.82249	295.00617	68.49463	-146.06822	316.39184	71.67141	-71.92701	245.5371	20.30514	-109.82007	421.79048	30.66074	-135.59624	416.96619	16.87275	-85.32876	381.50645	16.9861	-176.5698	402.58044	447.70777	168.07817	406.74768	356.00546	227.7275	479.98157	414.17594	122.67099	452.92456	285.01593	120.98222	399.16806	362.01591	129.79055	307.3905	148.48215	156.38882	293.55565	62.07986	112.1597	321.69026	69.41444	39.54026	250.9236	19.48833	68.48416	423.73267	28.55549	108.15851	414.02704	13.98264	52.69279	384.06764	15.36411	147.49002	371.02133	688.07619	79.12769	368.17175	677.01136	-49.22575	395.50969	364.9169	82.52057	385.27471	363.83252	-78.84009	430.01483	729.90473	9.52682	305.25001	57.66957	75.66987	303.55046	62.15178	-109.81187	
177	1.76	273.90113	1105.08015	-0.90569	282.28846	920.53564	0.76193	387.88996	1086.62932	3.30627	428.16601	722.49484	-76.66268	431.83844	737.35308	95.76428	292.01964	770.4367	4.76865	388.00061	431.94773	-156.60078	384.24775	381.93962	-217.59548	475.54076	392.89477	-122.84009	407.52004	280.56473	-137.99382	384.93938	369.91456	-125.44416	318.8222	159.52004	-183.82779	295.00295	68.49701	-146.06879	316.3882	71.67072	-71.92982	245.53824	20.3025	-109.82442	421.78783	30.66467	-135.59217	416.96744	16.87287	-85.32721	381.50487	16.98867	-176.56819	402.5143	447.71918	168.08876	406.73653	356.02354	227.73956	479.95997	414.18345	122.68508	452.91097	285.02524	121.00027	399.15342	362.02372	129.80687	307.3873	148.4842	156.39462	293.55655	62.08378	112.16118	321.68966	69.41624	39.54325	250.92595	19.49303	68.47836	423.73756	28.55843	108.1663	414.0265	13.99196	52.69392	384.06973	15.3623	147.49328	370.96029	688.08256	79.09176	368.22674	677.02294	-49.25286	395.4932	364.91988	82.53674	385.28916	363.83315	-78.84057	430.00222	729.92396	9.5508	305.25061	57.67242	75.67173	303.54655	62.15263	-109.81359	
178	1.77	273.73406	1105.04426	-0.91993	282.23686	920.50499	0.72212	387.76486	1086.70345	3.3	428.23605	722.51721	-76.6299	431.73886	737.36495	95.77861	292.0048	770.4288	4.71835	388.06294	431.9471	-156.60388	384.2508	381.9251	-217.59945	475.55382	392.88187	-122.84975	407.51914	280.55377	-137.98384	384.94779	369.91047	-125.44391	318.80943	159.52796	-183.83294	295.00106	68.49936	-146.06823	316.38789	71.67244	-71.93278	245.53985	20.30267	-109.82929	421.78604	30.66969	-135.58919	416.96875	16.87047	-85.32676	381.5036	16.9906	-176.56569	402.44839	447.73056	168.09476	406.7349	356.04208	227.7496	479.94583	414.18986	122.69168	452.89692	285.03348	121.01236	399.14265	362.03386	129.82071	307.38576	148.48629	156.39995	293.55611	62.089	112.16158	321.68925	69.41968	39.54518	250.92586	19.49877	68.47187	423.74104	28.56154	108.17436	414.02682	14.00023	52.69539	384.07199	15.36234	147.49815	370.89033	688.08893	79.04809	368.283	677.03697	-49.2847	395.47789	364.92607	82.55069	385.30027	363.83452	-78.83963	429.98745	729.94108	9.57435	305.25059	57.6767	75.67255	303.54512	62.15469	-109.81485	
179	1.78	273.57314	1105.00834	-0.94023	282.18655	920.47799	0.67962	387.64437	1086.78292	3.28824	428.31093	722.5374	-76.59633	431.63097	737.37095	95.78962	291.98858	770.42518	4.66732	388.11803	431.94884	-156.60754	384.25838	381.91552	-217.6034	475.56507	392.86841	-122.85449	407.51719	280.54643	-137.97523	384.95566	369.90851	-125.44455	318.80005	159.53611	-183.83982	295.00197	68.5011	-146.06812	316.39163	71.67559	-71.93789	245.54149	20.30542	-109.83498	421.78515	30.67402	-135.58892	416.97021	16.86706	-85.32759	381.50279	16.99116	-176.56344	402.38308	447.74085	168.09571	406.73585	356.05821	227.75641	479.93617	414.1963	122.69269	452.88228	285.04087	121.01813	399.13318	362.04502	129.83007	307.38348	148.48732	156.40286	293.555	62.09353	112.15925	321.68952	69.42376	39.54507	250.92419	19.50368	68.46501	423.74319	28.5647	108.17972	414.02865	14.00591	52.69629	384.0738	15.36415	147.50292	370.81102	688.09416	78.99602	368.33969	677.05256	-49.32228	395.46332	364.9349	82.5603	385.30827	363.83656	-78.83975	429.97095	729.95417	9.59665	305.25055	57.68089	75.67104	303.54729	62.15714	-109.81741	
180	1.79	273.41841	1104.97166	-0.96503	282.13677	920.45343	0.63487	387.52712	1086.86669	3.27048	428.39002	722.55434	-76.56272	431.51638	737.36873	95.79846	291.97162	770.4253	4.61501	388.16796	431.95222	-156.61356	384.26721	381.91161	-217.60717	475.57301	392.85605	-122.85716	407.51327	280.54348	-137.97103	384.96185	369.90875	-125.44703	318.79226	159.54401	-183.84909	295.00606	68.50186	-146.06938	316.39894	71.6788	-71.94515	245.54275	20.30973	-109.84129	421.78528	30.67586	-135.5915	416.97196	16.86408	-85.32916	381.50235	16.98973	-176.56183	402.31799	447.74871	168.09263	406.73272	356.06915	227.75974	479.92667	414.20319	122.6923	452.86755	285.04707	121.01939	399.12257	362.05482	129.83486	307.37872	148.48592	156.40265	293.55316	62.09506	112.15416	321.69066	69.42697	39.54333	250.92161	19.50649	68.45783	423.74468	28.56746	108.1813	414.03174	14.00831	52.69654	384.07454	15.36656	147.50644	370.72311	688.09607	78.93674	368.3959	677.06852	-49.36564	395.44906	364.94418	82.56534	385.31313	363.83894	-78.84194	429.9532	729.96153	9.61787	305.25058	57.68307	75.66739	303.55301	62.15912	-109.82173	
181	1.8	273.26983	1104.93472	-0.99252	282.08735	920.43084	0.58831	387.41174	1086.95456	3.24833	428.47166	722.56833	-76.52888	431.39713	737.35673	95.80763	291.95592	770.42751	4.56112	388.2155	431.95616	-156.6222	384.27226	381.91291	-217.61039	475.57573	392.84623	-122.85963	407.50581	280.5443	-137.97163	384.964	369.91083	-125.4507	318.78442	159.55111	-183.85978	295.01197	68.50151	-146.07176	316.40813	71.68092	-71.95308	245.54356	20.31447	-109.8475	421.78642	30.67442	-135.5957	416.97367	16.86173	-85.3305	381.50216	16.98581	-176.56035	402.25129	447.75289	168.08753	406.71958	356.07356	227.76101	479.91245	414.21052	122.69592	452.85302	285.0517	121.02013	399.10835	362.06084	129.83702	307.37079	148.48154	156.39989	293.54997	62.09247	112.14806	321.69252	69.42794	39.54148	250.91739	19.50738	68.45008	423.74589	28.56888	108.18052	414.03512	14.00814	52.69638	384.07388	15.36805	147.50881	370.62855	688.09248	78.87311	368.45084	677.08406	-49.41345	395.43429	364.95099	82.5676	385.31381	363.84139	-78.84555	429.9344	729.96253	9.63937	305.25029	57.68205	75.66325	303.56075	62.15996	-109.82693	
182	1.81	273.12828	1104.89839	-1.02137	282.03871	920.41066	0.54041	387.29796	1087.0479	3.22372	428.55391	722.58211	-76.49539	431.27687	737.33704	95.81846	291.94446	770.4298	4.50618	388.26301	431.96068	-156.63339	384.26838	381.91878	-217.61375	475.57149	392.84091	-122.864	407.49352	280.54866	-137.97646	384.95962	369.91515	-125.45518	318.77624	159.55792	-183.87087	295.01758	68.50063	-146.07519	316.41746	71.68241	-71.96106	245.54458	20.31904	-109.85306	421.78813	30.6711	-135.6009	416.97474	16.86008	-85.33191	381.50253	16.98025	-176.55907	402.18059	447.75388	168.08212	406.69149	356.07292	227.76183	479.89024	414.21935	122.70722	452.83837	285.05566	121.02412	399.08845	362.06297	129.83809	307.35964	148.47567	156.39517	293.54503	62.08729	112.14262	321.69485	69.42693	39.54021	250.91045	19.50761	68.44207	423.74641	28.56864	108.1792	414.03769	14.00715	52.6961	384.07188	15.36813	147.51018	370.53211	688.08339	78.80804	368.50511	677.09968	-49.46407	395.41832	364.95448	82.56845	385.30919	363.84485	-78.85014	429.91539	729.95957	9.66154	305.24938	57.67878	75.65978	303.56855	62.16018	-109.83266	
183	1.82	272.99537	1104.86295	-1.05091	281.99249	920.39362	0.49201	387.18674	1087.14861	3.19784	428.63473	722.60026	-76.46375	431.16089	737.31532	95.83024	291.93981	770.43062	4.45121	388.31135	431.96688	-156.64733	384.25206	381.9285	-217.61896	475.55957	392.84187	-122.87325	407.47597	280.55707	-137.98533	384.94751	369.92257	-125.46124	318.76857	159.56563	-183.88223	295.02151	68.50047	-146.08056	316.42591	71.68521	-71.96962	245.5464	20.32339	-109.8579	421.78978	30.66879	-135.60764	416.97471	16.85996	-85.33496	381.50402	16.97507	-176.55924	402.1046	447.75422	168.07744	406.64537	356.07115	227.76311	479.85938	414.23193	122.72732	452.82253	285.06095	121.03345	399.06164	362.06379	129.83831	307.34542	148.47133	156.38888	293.53881	62.08286	112.13848	321.69712	69.42551	39.53877	250.90094	19.50829	68.4353	423.74576	28.56756	108.17819	414.03864	14.00695	52.69653	384.06877	15.36769	147.51017	370.44082	688.07151	78.74369	368.56029	677.11729	-49.51583	395.40082	364.95657	82.56802	385.2992	363.85108	-78.85638	429.89781	729.95779	9.68324	305.24783	57.67572	75.65693	303.57517	62.16137	-109.83965	
184	1.83	272.87152	1104.82804	-1.08122	281.95171	920.37962	0.44407	387.07906	1087.25646	3.17202	428.71143	722.62644	-76.43447	431.05398	737.29683	95.84173	291.94219	770.42976	4.39708	388.35949	431.97512	-156.66355	384.22265	381.94058	-217.62715	475.54067	392.84881	-122.88964	407.45366	280.56896	-137.99771	384.92822	369.93292	-125.46957	318.76155	159.57441	-183.8937	295.02333	68.50171	-146.08865	316.43288	71.69038	-71.97884	245.54879	20.32756	-109.86232	421.79114	30.66928	-135.61609	416.97333	16.8621	-85.34036	381.50659	16.97162	-176.56186	402.02452	447.7565	168.0748	406.58116	356.07262	227.76549	479.82083	414.24968	122.75634	452.80384	285.06896	121.04947	399.02781	362.06639	129.83824	307.32875	148.47051	156.38211	293.53242	62.08133	112.13585	321.69851	69.42486	39.53674	250.89038	19.50964	68.43165	423.7439	28.56659	108.17821	414.03764	14.00835	52.69869	384.06465	15.36768	147.5088	370.36031	688.06025	78.68217	368.61644	677.1391	-49.56614	395.38166	364.9597	82.56685	385.28503	363.86056	-78.86486	429.88271	729.96164	9.70363	305.24578	57.67452	75.65457	303.58007	62.1644	-109.8483	
185	1.84	272.75502	1104.79287	-1.11303	281.92076	920.36736	0.39716	386.97501	1087.36811	3.1483	428.78057	722.66139	-76.40639	430.95885	737.28363	95.85249	291.94947	770.42814	4.34445	388.40509	431.98421	-156.68078	384.18279	381.95294	-217.63834	475.51704	392.85949	-122.91316	407.42807	280.58192	-138.01236	384.90384	369.94459	-125.47994	318.75395	159.58298	-183.90481	295.02305	68.50365	-146.09945	316.43774	71.69672	-71.98778	245.55115	20.33094	-109.86653	421.79242	30.67213	-135.62535	416.97067	16.86655	-85.34704	381.50971	16.96948	-176.56673	401.94449	447.76192	168.0754	406.50185	356.08025	227.76944	479.77655	414.27181	122.79353	452.78077	285.07975	121.07334	398.98806	362.07243	129.83908	307.31125	148.47273	156.37655	293.52686	62.08224	112.13485	321.69884	69.42502	39.535	250.88124	19.51085	68.43206	423.74123	28.56568	108.18005	414.03543	14.01121	52.70244	384.0598	15.36804	147.50709	370.29261	688.05185	78.62583	368.67099	677.16639	-49.61156	395.361	364.96496	82.56618	385.26848	363.87195	-78.87532	429.86971	729.97251	9.72305	305.24365	57.67492	75.65318	303.58287	62.16835	-109.85816	
186	1.85	272.64312	1104.75626	-1.14732	281.9042	920.35496	0.35144	386.87428	1087.479	3.1279	428.83917	722.70373	-76.37846	430.87657	737.27537	95.86192	291.95963	770.42653	4.29398	388.44558	431.99259	-156.69828	384.13816	381.96401	-217.65246	475.49247	392.87191	-122.94242	407.40166	280.59344	-138.02842	384.87778	369.95619	-125.49223	318.74468	159.59004	-183.9157	295.02115	68.50499	-146.11252	316.44035	71.70204	-71.99639	245.55333	20.33221	-109.87042	421.79384	30.67602	-135.63488	416.96703	16.87322	-85.35368	381.51316	16.96754	-176.5735	401.87064	447.77043	168.07867	406.41272	356.09513	227.77448	479.72975	414.29627	122.83547	452.75314	285.09268	121.1046	398.94475	362.08214	129.84093	307.29527	148.47635	156.37282	293.52251	62.08368	112.13483	321.69884	69.42572	39.53411	250.87671	19.51041	68.43601	423.73856	28.56428	108.18314	414.03358	14.01456	52.70607	384.05485	15.36807	147.50584	370.23762	688.04707	78.57601	368.72087	677.1991	-49.64966	395.3398	364.97221	82.56618	385.25181	363.88395	-78.88764	429.85787	729.98955	9.74173	305.24199	57.67583	75.65271	303.58368	62.17144	-109.86896	
187	1.86	272.53362	1104.71647	-1.18503	281.90468	920.3403	0.30694	386.77713	1087.58571	3.10989	428.88602	722.75125	-76.35124	430.80718	737.27117	95.86832	291.97181	770.42497	4.24651	388.4791	431.99961	-156.71664	384.09587	381.97322	-217.66996	475.47119	392.88514	-122.97589	407.37756	280.60241	-138.04592	384.85408	369.96735	-125.50718	318.73435	159.59533	-183.92721	295.01859	68.50484	-146.12712	316.44164	71.70481	-72.0063	245.5557	20.33048	-109.87383	421.79544	30.68043	-135.64518	416.96302	16.88186	-85.35993	381.51719	16.96519	-176.58251	401.80896	447.78112	168.08156	406.32071	356.11667	227.77887	479.6848	414.32132	122.87611	452.72314	285.10676	121.14016	398.90137	362.09487	129.84186	307.28266	148.4799	156.36992	293.51925	62.08409	112.13408	321.69917	69.42693	39.53317	250.87926	19.50667	68.44188	423.73663	28.56231	108.18547	414.03346	14.01699	52.70773	384.05053	15.36734	147.50452	370.19475	688.04582	78.53196	368.76451	677.23617	-49.68044	395.31986	364.9807	82.56507	385.23749	363.89625	-78.90251	429.8466	730.01121	9.75854	305.24102	57.67643	75.65188	303.58342	62.17246	-109.88114	
188	1.87	272.42464	1104.67132	-1.22704	281.92146	920.32119	0.26373	386.68413	1087.68646	3.09253	428.92132	722.801	-76.32616	430.74949	737.26997	95.87017	291.98455	770.42329	4.20331	388.50458	432.00522	-156.73675	384.06176	381.98022	-217.6906	475.45623	392.89807	-123.01138	407.35891	280.60857	-138.06483	384.83612	369.97746	-125.52502	318.72487	159.59905	-183.93961	295.01643	68.50294	-146.14178	316.4431	71.70449	-72.01891	245.55839	20.32622	-109.87671	421.79718	30.68509	-135.65615	416.95962	16.89143	-85.36559	381.52164	16.9622	-176.59368	401.76289	447.79201	168.08073	406.23406	356.14224	227.78082	479.64616	414.34529	122.90958	452.69499	285.12036	121.1756	398.86218	362.10867	129.83977	307.27383	148.48217	156.36662	293.51669	62.08255	112.13138	321.69964	69.42819	39.53126	250.88854	19.49883	68.44797	423.73527	28.5598	108.18551	414.03519	14.01714	52.70692	384.04728	15.36575	147.50243	370.16225	688.04742	78.49217	368.8012	677.2755	-49.70533	395.30357	364.98884	82.5609	385.22768	363.90809	-78.92019	429.8354	730.03548	9.77201	305.24039	57.67607	75.64962	303.58332	62.171	-109.89467	
189	1.88	272.31367	1104.6193	-1.27431	281.95055	920.29586	0.22193	386.59544	1087.78067	3.07533	428.94573	722.8492	-76.30384	430.70116	737.26998	95.86753	291.99496	770.42151	4.16603	388.52147	432.00935	-156.75861	384.03854	381.98416	-217.71262	475.44869	392.90848	-123.0455	407.34774	280.61164	-138.08412	384.82558	369.98492	-125.54435	318.71777	159.60099	-183.95189	295.01529	68.4994	-146.15472	316.44571	71.70123	-72.03355	245.56095	20.32093	-109.87899	421.79866	30.68923	-135.6663	416.95764	16.90041	-85.36989	381.52548	16.95832	-176.60549	401.73219	447.80034	168.07514	406.16139	356.16722	227.77948	479.61718	414.36574	122.93231	452.67354	285.13139	121.2067	398.83148	362.12036	129.83409	307.26805	148.48235	156.36254	293.5144	62.07857	112.12716	321.69951	69.42843	39.52891	250.90157	19.48755	68.45318	423.73344	28.55657	108.18355	414.03786	14.01439	52.70424	384.04499	15.36331	147.4999	370.13678	688.05056	78.456	368.82986	677.3143	-49.72541	395.29314	364.9941	82.55331	385.22355	363.91749	-78.93933	429.82345	730.05959	9.78185	305.23943	57.67401	75.64645	303.58418	62.16725	-109.90831	
190	1.89	272.19941	1104.56008	-1.32766	281.98641	920.26397	0.18122	386.51069	1087.86922	3.05905	428.96038	722.89242	-76.2841	430.66016	737.26955	95.86138	292.00063	770.41962	4.13611	388.52977	432.01218	-156.78149	384.02634	381.98433	-217.73363	475.44826	392.91412	-123.07518	407.34455	280.61172	-138.10242	384.82275	369.98831	-125.56314	318.7134	159.60094	-183.96272	295.01532	68.49475	-146.16501	316.44929	71.69618	-72.0481	245.56287	20.31637	-109.88052	421.79932	30.69248	-135.67442	416.95701	16.90787	-85.37254	381.52784	16.95377	-176.61618	401.71412	447.80355	168.06598	406.11055	356.18626	227.77491	479.59971	414.38016	122.9426	452.66288	285.1384	121.22922	398.81268	362.12684	129.82547	307.26463	148.48045	156.35772	293.51179	62.07254	112.12258	321.69835	69.42726	39.52693	250.91435	19.4749	68.45686	423.73043	28.553	108.18064	414.04047	14.00942	52.70062	384.04312	15.36077	147.49742	370.11546	688.05398	78.42362	368.84995	677.35001	-49.74104	395.28984	364.99449	82.54317	385.22545	363.92263	-78.95794	429.81027	730.08099	9.78864	305.23758	57.6703	75.64336	303.58599	62.16213	-109.92057	
191	1.9	272.08435	1104.49391	-1.38705	282.02416	920.22702	0.14104	386.42964	1087.95396	3.04436	428.96739	722.92889	-76.26662	430.62608	737.26817	95.85295	292.00149	770.41733	4.11421	388.53079	432.01438	-156.80434	384.02414	381.98082	-217.75208	475.45436	392.91416	-123.09936	407.34869	280.60958	-138.11885	384.82738	369.98756	-125.58017	318.71134	159.59939	-183.97183	295.01642	68.48998	-146.17294	316.45302	71.69141	-72.06053	245.56378	20.314	-109.88139	421.79898	30.69587	-135.68107	416.95671	16.91395	-85.37485	381.52902	16.94958	-176.6252	401.70551	447.80032	168.05475	406.0874	356.19498	227.76786	479.59451	414.38729	122.9402	452.66559	285.14105	121.23905	398.80776	362.12654	129.81508	307.2635	148.47744	156.35207	293.50832	62.066	112.11806	321.6962	69.42562	39.52503	250.92315	19.46349	68.45825	423.72653	28.55045	108.17733	414.04211	14.00395	52.69717	384.0411	15.35984	147.49462	370.09764	688.05699	78.39554	368.8627	677.381	-49.75231	395.29377	364.98979	82.53186	385.23352	363.92334	-78.9748	429.79674	730.09853	9.79317	305.23459	57.66622	75.64037	303.58825	62.15721	-109.93057	
192	1.91	271.97316	1104.42161	-1.45118	282.06128	920.18752	0.10138	386.35262	1088.0362	3.0316	428.96983	722.95816	-76.25039	430.59867	737.26519	95.84433	291.99841	770.41443	4.10015	388.52737	432.01611	-156.82552	384.03071	381.97393	-217.76713	475.46667	392.9088	-123.11843	407.35877	280.60553	-138.1323	384.83895	369.98343	-125.59461	318.71111	159.59715	-183.97945	295.01828	68.48621	-146.17904	316.45654	71.68851	-72.0693	245.56292	20.31466	-109.88188	421.7978	30.70056	-135.68737	416.95549	16.91903	-85.37858	381.52997	16.94657	-176.63258	401.70381	447.79049	168.04261	406.09419	356.19073	227.75992	479.60121	414.38671	122.9275	452.68206	285.1392	121.23441	398.81703	362.11909	129.8049	307.2652	148.47437	156.34587	293.50402	62.06071	112.11365	321.69308	69.4244	39.52271	250.92525	19.45507	68.45645	423.72229	28.55015	108.17393	414.0419	13.99967	52.69523	384.03845	15.36184	147.49098	370.08315	688.05875	78.37244	368.87042	677.40657	-49.75923	395.3043	364.98074	82.52148	385.24762	363.92064	-78.98908	429.78425	730.11168	9.79697	305.23049	57.66312	75.63719	303.59064	62.15386	-109.93782	
193	1.92	271.86869	1104.34511	-1.51796	282.09829	920.14759	0.06259	386.28023	1088.11576	3.02136	428.97127	722.98016	-76.23357	430.57618	737.25839	95.83855	291.99169	770.41126	4.09307	388.5233	432.01633	-156.84273	384.04468	381.96353	-217.77793	475.48475	392.89848	-123.13283	407.37307	280.59896	-138.14094	384.85659	369.97655	-125.60535	318.71232	159.59448	-183.98523	295.02051	68.48409	-146.18348	316.46021	71.6876	-72.07351	245.55936	20.31799	-109.8824	421.79606	30.70637	-135.69366	416.95259	16.92284	-85.38431	381.53109	16.94439	-176.63803	401.70737	447.77488	168.03104	406.12841	356.17271	227.75278	479.6185	414.37777	122.90965	452.7104	285.13213	121.21718	398.8393	362.10454	129.79732	307.27062	148.47142	156.34024	293.49977	62.05739	112.10967	321.6887	69.42324	39.52019	250.91956	19.44992	68.4513	423.71808	28.55207	108.17111	414.03951	13.99719	52.6955	384.03499	15.36643	147.48667	370.07007	688.05749	78.35467	368.87513	677.42658	-49.76229	395.32086	364.96782	82.51443	385.26712	363.91551	-78.99961	429.77372	730.11927	9.80249	305.22562	57.66118	75.63404	303.59314	62.15245	-109.94197	
194	1.93	271.7712	1104.26723	-1.58535	282.13814	920.10834	0.02496	386.21334	1088.19197	3.01342	428.97548	722.99535	-76.21516	430.55688	737.24583	95.83816	291.98308	770.4083	4.09128	388.52211	432.01388	-156.8543	384.06443	381.94972	-217.78403	475.50764	392.88428	-123.14331	407.39043	280.58966	-138.14387	384.8792	369.96746	-125.61187	318.71459	159.59119	-183.98882	295.02285	68.48362	-146.18636	316.4648	71.68804	-72.07388	245.55289	20.32269	-109.88332	421.79412	30.71242	-135.70005	416.94844	16.92543	-85.39185	381.53241	16.94234	-176.6418	401.71587	447.7555	168.0218	406.18351	356.14263	227.74717	479.64519	414.36029	122.89164	452.74723	285.11952	121.19147	398.87248	362.08395	129.79344	307.28027	148.46857	156.33594	293.49681	62.0557	112.10578	321.68302	69.42151	39.5174	250.9072	19.44744	68.44423	423.71451	28.55563	108.1689	414.03587	13.99586	52.69732	384.0313	15.37211	147.48192	370.05676	688.05164	78.34191	368.87931	677.44124	-49.76285	395.34348	364.9518	82.51161	385.29119	363.90874	-79.00584	429.76618	730.12059	9.8115	305.22057	57.65985	75.63069	303.59605	62.15261	-109.94348	
195	1.94	271.67986	1104.19053	-1.65178	282.18379	920.0702	-0.01128	386.15295	1088.26442	3.00551	428.98589	723.00501	-76.19552	430.54101	737.22826	95.84407	291.9774	770.40548	4.09241	388.52678	432.00866	-156.85994	384.08821	381.93347	-217.78601	475.53397	392.86814	-123.15121	407.4105	280.57854	-138.14236	384.90564	369.9569	-125.61494	318.71744	159.58727	-183.99078	295.02519	68.48444	-146.18801	316.47079	71.68928	-72.07296	245.54465	20.32701	-109.88467	421.79228	30.71839	-135.70733	416.94454	16.92812	-85.40097	381.53418	16.94051	-176.64534	401.73023	447.73489	168.01641	406.2508	356.10492	227.74297	479.68069	414.33583	122.87632	452.78875	285.10228	121.16215	398.91394	362.06001	129.79246	307.29337	148.46647	156.33252	293.49583	62.05496	112.1007	321.67672	69.41944	39.51327	250.89152	19.44685	68.4375	423.71259	28.56047	108.16613	414.03277	13.99461	52.699	384.0284	15.37741	147.47628	370.04448	688.04136	78.33359	368.88658	677.45112	-49.76231	395.37245	364.93452	82.51196	385.31898	363.90094	-79.00857	429.76345	730.11663	9.82428	305.21604	57.65888	75.62596	303.59958	62.15388	-109.94378	
196	1.95	271.59369	1104.11625	-1.71614	282.23573	920.03292	-0.04554	386.09937	1088.33245	2.99507	429.00474	723.01024	-76.17429	430.52965	737.20789	95.85637	291.97997	770.40225	4.09485	388.53977	432.00125	-156.85961	384.11429	381.91601	-217.78447	475.5621	392.85173	-123.1568	407.433	280.56659	-138.13802	384.93441	369.94535	-125.61519	318.72007	159.58316	-183.9914	295.02733	68.48627	-146.18828	316.47747	71.69031	-72.07311	245.53692	20.3292	-109.88576	421.79013	30.72424	-135.71594	416.94199	16.93235	-85.41079	381.53655	16.93925	-176.64986	401.75136	447.71458	168.01619	406.32105	356.06519	227.74046	479.72374	414.30717	122.86566	452.8313	285.08173	121.13527	398.96041	362.03558	129.79365	307.30808	148.4655	156.3294	293.49677	62.05427	112.09393	321.67106	69.41771	39.50717	250.87651	19.44729	68.43281	423.71276	28.56585	108.16189	414.03154	13.993	52.69885	384.02697	15.38126	147.46961	370.03569	688.0281	78.3298	368.90028	677.45684	-49.76041	395.40741	364.9175	82.51448	385.34912	363.89221	-79.00846	429.7672	730.10907	9.84104	305.21268	57.65809	75.61927	303.60329	62.15558	-109.94399	
197	1.96	271.51166	1104.0443	-1.778	282.29199	919.99559	-0.07696	386.05166	1088.39507	2.98161	429.03306	723.01134	-76.14905	430.52286	737.18619	95.87547	291.99345	770.39814	4.09893	388.5626	431.99214	-156.85267	384.14135	381.89828	-217.779	475.59071	392.83556	-123.15811	407.45713	280.5539	-138.13087	384.96384	369.93276	-125.61175	318.72147	159.57938	-183.98962	295.02878	68.48905	-146.18612	316.48311	71.6896	-72.07452	245.53185	20.32844	-109.8856	421.78662	30.72925	-135.72452	416.94075	16.93792	-85.41942	381.53913	16.93818	-176.65479	401.77909	447.69451	168.02261	406.38604	356.02824	227.74123	479.77155	414.27692	122.86256	452.87202	285.0587	121.11812	399.00835	362.01219	129.79803	307.32271	148.46463	156.32744	293.49935	62.05244	112.08723	321.66723	69.4165	39.50023	250.86498	19.44807	68.43047	423.71422	28.57005	108.15703	414.03203	13.99171	52.69615	384.02697	15.38314	147.46298	370.03147	688.01334	78.33129	368.9222	677.45901	-49.75504	395.44707	364.9007	82.51988	385.37976	363.88205	-79.00471	429.77796	730.09877	9.86321	305.21097	57.65698	75.61212	303.6061	62.15693	-109.94371	
198	1.97	271.43277	1103.9742	-1.8376	282.35051	919.95701	-0.10443	386.00825	1088.45226	2.96603	429.07148	723.00908	-76.11704	430.52077	737.16448	95.90169	292.01787	770.39312	4.10687	388.59547	431.98216	-156.83887	384.16903	381.88134	-217.76903	475.61959	392.81974	-123.15307	407.48195	280.54063	-138.12024	384.99306	369.91965	-125.60344	318.72099	159.57655	-183.98388	295.02913	68.49316	-146.18059	316.48638	71.68664	-72.07564	245.53034	20.32564	-109.88401	421.78141	30.73279	-135.73112	416.94037	16.94329	-85.42518	381.54159	16.93688	-176.65887	401.8123	447.67421	168.03679	406.44023	355.9974	227.74736	479.82071	414.24742	122.86973	452.90999	285.03435	121.11625	399.05502	361.9904	129.80724	307.33655	148.46217	156.32853	293.5032	62.04889	112.08323	321.66581	69.41592	39.49432	250.85857	19.44871	68.42995	423.71563	28.57141	108.15315	414.03305	13.99213	52.69174	384.02786	15.3836	147.45814	370.03264	687.99854	78.33882	368.95352	677.45863	-49.74384	395.49004	364.88334	82.52964	385.40976	363.87073	-78.99618	429.79613	730.08678	9.89232	305.21105	57.65533	75.60677	303.60715	62.15782	-109.94168	
199	1.98	271.35634	1103.90582	-1.89528	282.41103	919.91653	-0.12669	385.96808	1088.50563	2.94832	429.1207	723.00568	-76.07746	430.52551	737.1454	95.9342	292.05266	770.38715	4.12115	388.63751	431.97303	-156.81961	384.19802	381.8668	-217.755	475.64968	392.8051	-123.14183	407.50715	280.5281	-138.10641	385.02257	369.90766	-125.59054	318.71896	159.57576	-183.97378	295.0284	68.4991	-146.17212	316.48717	71.68314	-72.07489	245.53195	20.32243	-109.88183	421.77543	30.73549	-135.73551	416.9406	16.94743	-85.42807	381.54412	16.93625	-176.66178	401.84961	447.65418	168.05835	406.48143	355.97435	227.76002	479.8688	414.22089	122.88763	452.94634	285.0107	121.13059	399.09908	361.97083	129.8216	307.34964	148.45749	156.3334	293.50737	62.0445	112.08299	321.66678	69.4166	39.49016	250.85801	19.4489	68.43072	423.71648	28.57008	108.15092	414.03343	13.99521	52.68729	384.02911	15.38419	147.45617	370.04202	687.98556	78.35255	368.99601	677.45727	-49.72559	395.53541	364.8655	82.544	385.43954	363.85994	-78.98313	429.82311	730.07554	9.92837	305.21247	57.65391	75.60412	303.60637	62.15936	-109.93729	
200	1.99	271.28215	1103.83915	-1.95056	282.47486	919.87398	-0.14241	385.93069	1088.55664	2.92761	429.18111	723.00355	-76.03095	430.53966	737.13148	95.97142	292.09812	770.37978	4.14255	388.68751	431.96631	-156.79711	384.22924	381.85629	-217.73794	475.68209	392.79229	-123.12598	407.53301	280.51779	-138.09038	385.05352	369.89841	-125.57419	318.7163	159.57782	-183.96015	295.02687	68.50671	-146.16207	316.48627	71.68166	-72.07118	245.53551	20.31967	-109.87991	421.76963	30.7386	-135.7389	416.94143	16.95029	-85.42916	381.54688	16.93771	-176.66396	401.88962	447.63539	168.08582	406.51034	355.9586	227.77899	479.91475	414.19826	122.91472	452.98257	284.98951	121.15822	399.14032	361.95373	129.84016	307.36232	148.45116	156.34109	293.5104	62.04115	112.08576	321.66962	69.41868	39.48764	250.8626	19.44842	68.43248	423.71724	28.56787	108.15022	414.03233	14.00052	52.68438	384.03045	15.38631	147.45703	370.06304	687.97591	78.37194	369.05147	677.45631	-49.70017	395.58259	364.84777	82.56208	385.47037	363.85127	-78.9667	429.86038	730.06751	9.97023	305.21421	57.65374	75.60377	303.6043	62.16274	-109.93067	
201	2.0	271.21025	1103.77365	-2.00217	282.5438	919.82913	-0.15075	385.89526	1088.60516	2.90405	429.25233	723.00344	-75.9779	430.56346	737.12278	96.01218	292.15503	770.37052	4.17	388.74433	431.96237	-156.77289	384.26296	381.85047	-217.7182	475.71738	392.78036	-123.10653	407.55954	280.50957	-138.07278	385.0866	369.8919	-125.5548	318.71394	159.58255	-183.94408	295.02471	68.51466	-146.15136	316.48474	71.68298	-72.06369	245.53969	20.31731	-109.87811	421.76444	30.74244	-135.74156	416.94275	16.9519	-85.42904	381.54927	16.9413	-176.66534	401.93096	447.61775	168.11786	406.52962	355.94715	227.80325	479.9583	414.17802	122.94909	453.01926	284.97059	121.19502	399.1792	361.93791	129.86209	307.37504	148.44387	156.35037	293.5112	62.04	112.09039	321.67313	69.42059	39.48709	250.87056	19.44703	68.43494	423.71815	28.56642	108.15119	414.0295	14.00629	52.68402	384.03161	15.39011	147.46035	370.09638	687.96964	78.39602	369.12011	677.45636	-49.66807	395.63094	364.82982	82.58316	385.50311	363.8444	-78.94735	429.9079	730.06311	10.01714	305.21512	57.65461	75.60529	303.60152	62.16769	-109.92185	
202	2.01	271.14129	1103.70831	-2.04954	282.61913	919.7815	-0.15199	385.86078	1088.65034	2.87864	429.33339	723.00462	-75.91888	430.59506	737.117	96.05568	292.22356	770.35955	4.20166	388.80696	431.9604	-156.7479	384.29892	381.84855	-217.69583	475.75576	392.76733	-123.08403	407.58634	280.50195	-138.05401	385.12194	369.88683	-125.53241	318.7128	159.58909	-183.92695	295.02228	68.52107	-146.14044	316.4837	71.68539	-72.05286	245.54359	20.31502	-109.87594	421.76003	30.74619	-135.74252	416.94408	16.95235	-85.42754	381.55038	16.94554	-176.66567	401.97312	447.59976	168.15291	406.54344	355.93542	227.83091	479.99977	414.15708	122.98875	453.05626	284.95196	121.23651	399.21664	361.92102	129.88662	307.38842	148.43582	156.36022	293.50971	62.04063	112.09569	321.67559	69.42021	39.48853	250.88046	19.44422	68.43732	423.7186	28.56612	108.15389	414.02568	14.01027	52.68582	384.03202	15.39458	147.46532	370.13983	687.96554	78.42323	369.20037	677.45732	-49.63068	395.67983	364.8104	82.60669	385.53814	363.83777	-78.92516	429.96422	730.06081	10.0684	305.2143	57.65526	75.60812	303.59879	62.17239	-109.91128	
203	2.02	271.07714	1103.64191	-2.09376	282.70065	919.73048	-0.14711	385.82742	1088.6921	2.85184	429.42302	723.00582	-75.85593	430.6326	737.11155	96.10071	292.30223	770.34737	4.23566	388.87443	431.95889	-156.72321	384.33723	381.84853	-217.67165	475.79773	392.75189	-123.05995	407.61326	280.49341	-138.0351	385.1599	369.88179	-125.50806	318.71343	159.59654	-183.91063	295.02034	68.52444	-146.12997	316.48398	71.68598	-72.04118	245.54649	20.31229	-109.87366	421.75631	30.74882	-135.74132	416.94484	16.95218	-85.42476	381.54981	16.94876	-176.66548	402.01704	447.57982	168.18842	406.55683	355.91902	227.85934	480.04111	414.13245	123.03067	453.09376	284.93108	121.27768	399.25445	361.90092	129.9121	307.40325	148.42692	156.36921	293.50662	62.04167	112.10023	321.67546	69.41693	39.49055	250.89137	19.43969	68.43864	423.71761	28.56637	108.15735	414.02232	14.01077	52.68816	384.0311	15.39836	147.47001	370.19064	687.96194	78.45157	369.28996	677.45854	-49.59058	395.72946	364.7885	82.63117	385.57592	363.83023	-78.90113	430.02781	730.05869	10.12239	305.2113	57.6547	75.61083	303.59692	62.17463	-109.90056	
204	2.03	271.02022	1103.5733	-2.13704	282.78588	919.67571	-0.13702	385.7968	1088.73046	2.82375	429.51934	723.00554	-75.79159	430.67498	737.10443	96.14618	292.3876	770.33392	4.27032	388.94577	431.95542	-156.69899	384.37895	381.84768	-217.64674	475.84416	392.7334	-123.03591	407.64085	280.48289	-138.01716	385.20134	369.8755	-125.48338	318.71546	159.60384	-183.89647	295.01956	68.52401	-146.12034	316.48509	71.68209	-72.03125	245.54739	20.30882	-109.87185	421.75313	30.7496	-135.73824	416.94453	16.95174	-85.42128	381.54766	16.94977	-176.66544	402.06486	447.55677	168.22201	406.57489	355.89477	227.8865	480.08633	414.10162	123.07164	453.13296	284.9056	121.31458	399.29553	361.87626	129.93666	307.42023	148.41685	156.37612	293.50304	62.04151	112.10272	321.67234	69.41167	39.49142	250.90217	19.43363	68.43886	423.71488	28.56614	108.16019	414.02062	14.00734	52.68966	384.02887	15.40041	147.47243	370.2466	687.95709	78.47981	369.38608	677.45865	-49.54996	395.78168	364.76362	82.65489	385.61722	363.82123	-78.87681	430.09716	730.05498	10.1773	305.20645	57.65259	75.61191	303.59597	62.17266	-109.89117	
205	2.04	270.97272	1103.5019	-2.1817	282.87028	919.61801	-0.12233	385.77093	1088.76429	2.7951	429.61977	723.00205	-75.72655	430.72131	737.09394	96.1922	292.47584	770.31874	4.30467	389.02031	431.94696	-156.67343	384.42597	381.84329	-217.62107	475.89624	392.71119	-123.01197	407.67025	280.46933	-138.00007	385.24753	369.86665	-125.45887	318.71785	159.60979	-183.88389	295.02001	68.51993	-146.11079	316.48535	71.67231	-72.02345	245.54541	20.30508	-109.87028	421.75105	30.74803	-135.73272	416.94271	16.9502	-85.41733	381.54411	16.94773	-176.66519	402.1192	447.52945	168.2531	406.60228	355.86125	227.9122	480.13994	414.06247	123.11032	453.17599	284.87361	121.34606	399.34336	361.84612	129.96001	307.43977	148.40482	156.38108	293.5003	62.03865	112.1031	321.66736	69.40548	39.49119	250.91178	19.4268	68.4388	423.71104	28.56454	108.16201	414.02084	14.0011	52.68994	384.026	15.40023	147.47237	370.30578	687.94956	78.50846	369.48554	677.4562	-49.50882	395.83941	364.73507	82.6776	385.66299	363.81008	-78.85259	430.17054	730.04799	10.23282	305.20093	57.64871	75.61137	303.5951	62.16584	-109.88291	
206	2.05	270.93679	1103.42816	-2.22954	282.94947	919.55964	-0.10331	385.75144	1088.79203	2.76665	429.72186	722.99443	-75.66043	430.7714	737.07968	96.23935	292.56412	770.30168	4.33831	389.09791	431.93143	-156.64406	384.48068	381.83402	-217.59367	475.95641	392.68487	-122.98708	407.70331	280.4518	-137.98255	385.30059	369.85461	-125.43353	318.71989	159.61386	-183.87114	295.02119	68.5136	-146.10037	316.48336	71.65737	-72.01606	245.54076	20.30216	-109.86795	421.75132	30.74439	-135.72366	416.93938	16.94607	-85.41266	381.53972	16.94326	-176.66384	402.18287	447.4972	168.28278	406.6431	355.81918	227.93727	480.20548	414.01428	123.14712	453.22545	284.83448	121.37315	399.40128	361.8105	129.9832	307.46221	148.39046	156.38504	293.49933	62.03279	112.10241	321.66284	69.39921	39.49129	250.91952	19.42059	68.43908	423.7072	28.56161	108.16315	414.02249	13.99433	52.68897	384.02325	15.39779	147.4711	370.36726	687.93905	78.53902	369.58572	677.4505	-49.4658	395.90562	364.70254	82.70036	385.71523	363.79653	-78.82744	430.24663	730.03706	10.28946	305.19632	57.64337	75.61045	303.59327	62.15529	-109.87444	
207	2.06	270.91398	1103.35346	-2.281	283.02204	919.50318	-0.0796	385.73999	1088.81357	2.73811	429.82401	722.98323	-75.59428	430.82675	737.06414	96.28751	292.65033	770.28281	4.37117	389.17896	431.90909	-156.60981	384.54554	381.82036	-217.56412	476.02862	392.65521	-122.96147	407.74278	280.43021	-137.96339	385.36377	369.84028	-125.40638	318.72217	159.6171	-183.85716	295.02241	68.50773	-146.08901	316.47905	71.64034	-72.00713	245.53505	20.30084	-109.86409	421.75465	30.74046	-135.71125	416.9353	16.93861	-85.4076	381.53553	16.93946	-176.66144	402.25877	447.46106	168.31251	406.70061	355.77141	227.96189	480.28542	413.95923	123.18223	453.28388	284.78934	121.39688	399.47193	361.7712	130.00676	307.4878	148.37491	156.38845	293.5	62.02593	112.10132	321.66106	69.39438	39.49213	250.92566	19.41665	68.44008	423.70455	28.55878	108.16334	414.02492	13.98954	52.68672	384.02101	15.39396	147.46926	370.43234	687.92689	78.57284	369.68564	677.44144	-49.42015	395.98263	364.66731	82.7237	385.77756	363.78172	-78.80034	430.32538	730.02368	10.34661	305.19367	57.63831	75.60969	303.59001	62.14393	-109.86476	
208	2.07	270.90411	1103.27917	-2.33476	283.09003	919.44983	-0.05029	385.73806	1088.83021	2.70874	429.92501	722.96964	-75.53031	430.88924	737.05121	96.33599	292.73249	770.26183	4.40412	389.26389	431.88189	-156.57118	384.62263	381.80358	-217.53267	476.11645	392.62358	-122.93661	407.7919	280.4053	-137.94196	385.4404	369.82513	-125.37715	318.72643	159.62135	-183.84173	295.02315	68.50533	-146.07703	316.47325	71.62482	-71.99533	245.53054	20.30128	-109.85863	421.76042	30.73866	-135.6968	416.93109	16.92791	-85.40291	381.53232	16.94034	-176.65856	402.34902	447.42353	168.34381	406.77668	355.72165	227.98559	480.38116	413.90183	123.21533	453.35304	284.74062	121.4177	399.55671	361.73137	130.03041	307.51662	148.36033	156.3911	293.50135	62.02138	112.09953	321.66319	69.3928	39.49277	250.93133	19.41598	68.44238	423.70375	28.55812	108.16187	414.02728	13.98843	52.68385	384.01944	15.39047	147.46668	370.50322	687.91491	78.61092	369.78519	677.42886	-49.37185	396.07163	364.63227	82.74733	385.85397	363.76723	-78.77103	430.40713	730.01043	10.40284	305.19306	57.63611	75.60847	303.58534	62.13512	-109.85334	
209	2.08	270.9063	1103.20554	-2.38804	283.15744	919.39862	-0.01433	385.7457	1088.84275	2.6789	430.02314	722.95384	-75.46917	430.95812	737.04249	96.38455	292.80965	770.23761	4.43854	389.35339	431.8515	-156.52901	384.713	381.78402	-217.49921	476.22055	392.58967	-122.91273	407.85316	280.37738	-137.91747	385.53202	369.80899	-125.34565	318.73438	159.62741	-183.82429	295.0234	68.50801	-146.06395	316.46662	71.6124	-71.97963	245.52896	20.30347	-109.85176	421.76704	30.73987	-135.68067	416.92667	16.91387	-85.39792	381.52994	16.94787	-176.65472	402.45359	447.38644	168.3784	406.87067	355.67247	228.00843	480.49174	413.84623	123.24687	453.43305	284.69062	121.43631	399.65491	361.69348	130.05428	307.54848	148.34803	156.39341	293.50268	62.02096	112.09694	321.66913	69.39491	39.49286	250.93732	19.41861	68.44612	423.7044	28.56057	108.15919	414.02877	13.99141	52.68163	384.01854	15.38891	147.46383	370.57983	687.90354	78.65373	369.88358	677.41213	-49.32069	396.17183	364.59984	82.7714	385.94624	363.75266	-78.73933	430.49063	729.99816	10.45769	305.19409	57.63786	75.60653	303.57958	62.13051	-109.83942	
210	2.09	270.92022	1103.13182	-2.43755	283.22949	919.34697	0.02909	385.76157	1088.8509	2.65001	430.11665	722.93471	-75.40994	431.02941	737.03584	96.43298	292.88317	770.20805	4.47471	389.44932	431.81849	-156.48463	384.81637	381.76078	-217.46329	476.33818	392.55073	-122.88802	407.92735	280.34577	-137.88926	385.6376	369.78948	-125.31164	318.74688	159.6344	-183.80415	295.02401	68.51508	-146.04859	316.45998	71.60211	-71.9597	245.53048	20.30757	-109.8438	421.77317	30.7427	-135.6622	416.92209	16.89656	-85.39051	381.52773	16.96102	-176.6487	402.56935	447.34966	168.41745	406.97881	355.62432	228.0313	480.61307	413.7943	123.27782	453.52206	284.64073	121.45343	399.76315	361.65797	130.07899	307.58302	148.33746	156.39663	293.50424	62.0238	112.0942	321.67794	69.39916	39.49294	250.94305	19.42433	68.45001	423.70538	28.56524	108.1568	414.0291	13.99764	52.68072	384.01818	15.38988	147.462	370.65931	687.89106	78.70018	369.97961	677.39029	-49.26703	396.28009	364.57047	82.79649	386.05294	363.73489	-78.7051	430.57303	729.98527	10.51152	305.19648	57.64229	75.60449	303.5736	62.12933	-109.82222	
211	2.1	270.94462	1103.05706	-2.48038	283.31147	919.29199	0.07987	385.78415	1088.85444	2.6232	430.20545	722.91119	-75.35275	431.09887	737.02768	96.4797	292.95548	770.17096	4.51164	389.55443	431.78298	-156.44069	384.93095	381.73254	-217.42528	476.46481	392.50342	-122.86103	408.01347	280.3097	-137.85793	385.75435	369.76376	-125.27581	318.76434	159.64054	-183.78176	295.02607	68.52401	-146.03031	316.45502	71.5921	-71.93665	245.53375	20.31311	-109.83517	421.77836	30.74488	-135.64185	416.91858	16.87742	-85.37963	381.52561	16.97719	-176.6404	402.6903	447.31194	168.46015	407.09481	355.57634	228.05473	480.7387	413.74606	123.30809	453.61652	284.59165	121.46881	399.87592	361.62387	130.10433	307.61956	148.32715	156.4013	293.50705	62.02759	112.09183	321.68816	69.4033	39.4927	250.94663	19.43279	68.45153	423.70595	28.5704	108.15541	414.02881	14.00498	52.68059	384.01833	15.39302	147.46167	370.73865	687.8748	78.74681	370.07333	677.36254	-49.21339	396.39127	364.54309	82.82235	386.17081	363.71028	-78.66914	430.65216	729.96943	10.56347	305.20018	57.6471	75.60245	303.56893	62.12944	-109.80197	
212	2.11	270.97519	1102.98049	-2.51416	283.40576	919.23169	0.13643	385.81234	1088.85366	2.59876	430.29151	722.88294	-75.29948	431.16457	737.0154	96.52189	293.02765	770.12547	4.54834	389.67053	431.74507	-156.40022	385.0531	381.69834	-217.3865	476.59627	392.44615	-122.83246	408.10896	280.26867	-137.8253	385.87876	369.73018	-125.23966	318.78709	159.64404	-183.75865	295.03006	68.53155	-146.00973	316.45365	71.58085	-71.91258	245.53699	20.31822	-109.82616	421.78249	30.74455	-135.62157	416.9176	16.85894	-85.36643	381.5239	16.99358	-176.63092	402.8084	447.27242	168.50394	407.21075	355.5274	228.07861	480.86133	413.70054	123.33694	453.71163	284.54372	121.48166	399.98664	361.58975	130.12925	307.65683	148.31571	156.40666	293.51245	62.02996	112.08981	321.69808	69.40548	39.49087	250.94618	19.44213	68.44921	423.70629	28.57432	108.15465	414.02887	14.01026	52.68002	384.01904	15.3972	147.46208	370.81643	687.85287	78.78894	370.16628	677.32863	-49.16384	396.49947	364.51613	82.8479	386.29636	363.67683	-78.63298	430.72804	729.94917	10.6112	305.20512	57.65017	75.59978	303.56688	62.12844	-109.78002	
213	2.12	271.00552	1102.90199	-2.53699	283.50994	919.16575	0.19616	385.84478	1088.84833	2.57718	430.37764	722.84984	-75.25135	431.22659	736.99775	96.55804	293.09919	770.07338	4.58424	389.79668	431.70471	-156.36417	385.1781	381.65805	-217.34823	476.72949	392.37949	-122.80409	408.21016	280.22224	-137.79271	386.0071	369.68874	-125.20403	318.81511	159.64331	-183.73583	295.03564	68.53513	-145.98813	316.4565	71.56732	-71.88905	245.53886	20.32061	-109.81679	421.78479	30.74042	-135.60267	416.91916	16.84266	-85.35253	381.52248	17.00782	-176.62081	402.91561	447.23122	168.54636	407.31844	355.47677	228.10307	480.97398	413.6561	123.3653	453.80161	284.4966	121.49259	400.08888	361.55436	130.15368	307.69303	148.30189	156.41237	293.52093	62.02871	112.08834	321.706	69.4044	39.48728	250.94128	19.44895	68.44424	423.70689	28.57553	108.1545	414.02986	14.01066	52.67844	384.0201	15.40061	147.46248	370.89201	687.82503	78.82381	370.2598	677.28922	-49.12096	396.59914	364.48805	82.87297	386.4264	363.63466	-78.59746	430.80212	729.92379	10.65335	305.21085	57.64972	75.59651	303.5677	62.12447	-109.7578	
214	2.13	271.03052	1102.82256	-2.54775	283.61939	919.09588	0.25648	385.87966	1088.83814	2.55989	430.46637	722.812	-75.2071	431.28646	736.97497	96.58932	293.1705	770.01898	4.61854	389.92891	431.66208	-156.33079	385.30179	381.61309	-217.31104	476.86197	392.3056	-122.77699	408.31343	280.17069	-137.76034	386.1359	369.64103	-125.16883	318.84794	159.6376	-183.71294	295.04207	68.53404	-145.96663	316.46264	71.55149	-71.86652	245.5389	20.31937	-109.80687	421.78437	30.73228	-135.58488	416.92167	16.82842	-85.33863	381.52087	17.0188	-176.60974	403.00677	447.18971	168.58636	407.41127	355.42522	228.12882	481.07178	413.61115	123.39611	453.8809	284.44989	121.50409	400.17797	361.51752	130.17888	307.72644	148.28525	156.41956	293.53142	62.02277	112.08783	321.71071	69.39978	39.48352	250.93308	19.45078	68.43892	423.70796	28.57358	108.15558	414.03165	14.00536	52.67653	384.02107	15.4017	147.46277	370.96516	687.79324	78.85214	370.35444	677.24613	-49.08397	396.68648	364.45826	82.89874	386.5578	363.58545	-78.56248	430.87642	729.89349	10.69111	305.2163	57.64511	75.59362	303.57061	62.11711	-109.73613	
215	2.14	271.04867	1102.74376	-2.54638	283.73073	919.02528	0.31573	385.91587	1088.82429	2.54827	430.55975	722.77084	-75.16442	431.34812	736.94973	96.61838	293.24487	769.96723	4.64973	390.06141	431.61852	-156.29736	385.42194	381.56673	-217.27555	476.99175	392.22827	-122.75164	408.4163	280.11647	-137.7286	386.26268	369.5903	-125.13438	318.88494	159.62775	-183.68944	295.04876	68.52974	-145.94635	316.47031	71.53512	-71.84526	245.53753	20.31544	-109.79617	421.78144	30.72197	-135.56797	416.92315	16.81558	-85.32558	381.51919	17.02735	-176.59779	403.08159	447.15088	168.62386	407.48575	355.37579	228.15631	481.15352	413.5655	123.43146	453.94618	284.4045	121.51897	400.25226	361.481	130.20585	307.75592	148.26725	156.42929	293.54172	62.01349	112.08803	321.71228	69.39323	39.48122	250.9234	19.44805	68.43483	423.70964	28.56967	108.15778	414.0338	13.99606	52.67533	384.0217	15.40042	147.46299	371.03834	687.76134	78.87741	370.45125	677.20229	-49.04961	396.76072	364.42792	82.9261	386.68794	363.53249	-78.52835	430.95393	729.86029	10.72698	305.22039	57.63779	75.5918	303.57447	62.10793	-109.71573	
216	2.15	271.06172	1102.66672	-2.5339	283.84246	918.9576	0.37304	385.95355	1088.80923	2.54255	430.65953	722.72918	-75.12166	431.41797	736.92671	96.64787	293.32788	769.92185	4.67609	390.18849	431.57655	-156.26205	385.53847	381.52319	-217.24244	477.11837	392.15255	-122.7284	408.51798	280.06374	-137.6989	386.38671	369.5409	-125.10162	318.92545	159.61593	-183.66592	295.05501	68.52511	-145.92862	316.47797	71.52105	-71.82562	245.53557	20.31044	-109.78477	421.77718	30.71301	-135.55269	416.92213	16.80434	-85.31483	381.51834	17.0354	-176.58584	403.14445	447.11843	168.65902	407.54204	355.33286	228.18516	481.22151	413.5207	123.4709	453.99737	284.3628	121.53891	400.31311	361.44791	130.23427	307.78108	148.25088	156.44132	293.5498	62.00406	112.08817	321.71232	69.38766	39.48093	250.91423	19.44338	68.4325	423.71221	28.56583	108.16003	414.03601	13.98599	52.67507	384.02206	15.39803	147.46321	371.11731	687.73384	78.90422	370.5525	677.16083	-49.01391	396.8238	364.39957	82.95465	386.81576	363.48015	-78.496	431.03875	729.82794	10.76311	305.22286	57.63086	75.59095	303.57816	62.09974	-109.69741	
217	2.16	271.07329	1102.59161	-2.51231	283.95438	918.89537	0.42774	385.99321	1088.79432	2.54258	430.76689	722.68953	-75.07744	431.50142	736.90981	96.68022	293.42421	769.88512	4.69717	390.30651	431.53846	-156.22403	385.65289	381.48581	-217.21159	477.24257	392.08256	-122.70672	408.61941	280.01629	-137.67242	386.50877	369.49612	-125.071	318.96849	159.60433	-183.64361	295.05994	68.52268	-145.91422	316.48447	71.51104	-71.80726	245.53422	20.30544	-109.77333	421.77266	30.7085	-135.53956	416.91806	16.79504	-85.30682	381.51912	17.04409	-176.57429	403.20222	447.09487	168.69234	407.58323	355.29984	228.21472	481.27967	413.47894	123.51275	454.03686	284.32712	121.56447	400.36372	361.42102	130.2634	307.80226	148.23868	156.45513	293.5549	61.99738	112.08814	321.71285	69.38543	39.48291	250.90737	19.43993	68.43174	423.71572	28.56324	108.16178	414.03815	13.97866	52.67519	384.02239	15.39574	147.46403	371.20727	687.71408	78.93668	370.66026	677.12405	-48.97346	396.87896	364.37563	82.98363	386.94168	363.43168	-78.4659	431.13415	729.79967	10.80139	305.22425	57.62693	75.59117	303.58063	62.09466	-109.6814	
218	2.17	271.08779	1102.51784	-2.48464	284.06766	918.83894	0.47875	386.03492	1088.77898	2.54845	430.88211	722.65283	-75.0304	431.59988	736.90042	96.7171	293.53529	769.85809	4.71387	390.41505	431.50504	-156.18341	385.76729	381.45612	-217.18235	477.36514	392.01987	-122.6845	408.72252	279.97596	-137.64929	386.62995	369.45697	-125.04213	319.01273	159.59416	-183.62326	295.06308	68.52347	-145.90269	316.48861	71.50464	-71.78949	245.53488	20.30082	-109.76306	421.76846	30.70948	-135.52819	416.91148	16.78714	-85.30049	381.52135	17.05318	-176.56238	403.26163	447.08035	168.72445	407.61408	355.27754	228.24431	481.33204	413.44218	123.55538	454.06822	284.29872	121.59513	400.40785	361.4016	130.2927	307.82006	148.2316	156.47061	293.55745	61.99436	112.08884	321.7151	69.38721	39.48747	250.90386	19.44008	68.43195	423.71973	28.56205	108.16358	414.04022	13.97668	52.67515	384.02302	15.39391	147.46609	371.30955	687.70332	78.97692	370.77501	677.09291	-48.92633	396.92949	364.35761	83.01255	387.06628	363.38781	-78.43768	431.24099	729.77662	10.84335	305.22536	57.62678	75.5931	303.581	62.09296	-109.66712	
219	2.18	271.10906	1102.44459	-2.45469	284.18408	918.78671	0.52434	386.0785	1088.76269	2.55921	431.00499	722.61912	-74.98053	431.71192	736.89854	96.7579	293.65965	769.84028	4.7272	390.51688	431.47568	-156.14186	385.88343	381.43416	-217.15495	477.48647	391.96434	-122.65946	408.82875	279.94268	-137.62916	386.75059	369.42307	-125.01477	319.05676	159.58586	-183.60544	295.06493	68.52705	-145.89307	316.48916	71.50027	-71.77259	245.53813	20.29669	-109.75548	421.76496	30.71516	-135.5183	416.90371	16.77998	-85.2951	381.52431	17.06218	-176.54978	403.32704	447.07301	168.75486	407.63967	355.26419	228.27245	481.38228	413.41195	123.59639	454.0949	284.2777	121.62853	400.44884	361.3897	130.32085	307.83471	148.22916	156.48688	293.55826	61.99414	112.09079	321.71925	69.3923	39.49387	250.9034	19.44495	68.43254	423.72338	28.56208	108.16578	414.04249	13.98061	52.6746	384.02448	15.39264	147.46879	371.42307	687.70145	79.02401	370.8966	677.06728	-48.87302	396.97787	364.34645	83.0402	387.18919	363.34797	-78.41111	431.35845	729.75883	10.88869	305.2266	57.62958	75.59664	303.57891	62.09363	-109.65422	
220	2.19	271.13856	1102.37101	-2.4262	284.30483	918.73614	0.56293	386.12344	1088.7465	2.57248	431.13541	722.58853	-74.92963	431.8356	736.90379	96.79978	293.79466	769.82948	4.73791	390.61636	431.44934	-156.10207	386.00205	381.41857	-217.13065	477.60645	391.91532	-122.63078	408.93798	279.91498	-137.61153	386.87008	369.39359	-124.98937	319.09926	159.57935	-183.59095	295.06628	68.53205	-145.88446	316.48536	71.49643	-71.75769	245.54336	20.29307	-109.75165	421.7623	30.72361	-135.51006	416.89595	16.77367	-85.29097	381.52726	17.071	-176.53764	403.39925	447.06995	168.78194	407.6644	355.25634	228.29701	481.43293	413.38894	123.63218	454.11928	284.26297	121.66052	400.48872	361.38428	130.34558	307.84627	148.22998	156.50147	293.55783	61.99521	112.09323	321.7248	69.39938	39.50012	250.90469	19.45412	68.43308	423.72607	28.56325	108.16758	414.04541	13.9885	52.67321	384.02723	15.39207	147.47054	371.54693	687.7073	79.07462	371.02548	677.0464	-48.81621	397.02502	364.34223	83.06447	387.30911	363.31165	-78.38661	431.4855	729.74616	10.93508	305.22796	57.63388	75.60045	303.57442	62.09521	-109.64281	
221	2.2	271.17465	1102.29636	-2.40214	284.43077	918.68425	0.59423	386.16823	1088.73174	2.58641	431.27344	722.561	-74.87978	431.96902	736.91431	96.84042	293.93782	769.82224	4.74708	390.71708	431.42464	-156.06576	386.1222	381.4062	-217.10996	477.72408	391.87093	-122.59878	409.04804	279.89014	-137.59485	386.98685	369.36689	-124.96598	319.13902	159.57346	-183.57989	295.06725	68.53685	-145.87563	316.4771	71.49192	-71.74501	245.54939	20.28985	-109.75138	421.75985	30.73194	-135.50293	416.88855	16.76806	-85.28792	381.52914	17.07921	-176.52719	403.4757	447.06793	168.80452	407.69123	355.24987	228.3169	481.48462	413.37178	123.66022	454.14245	284.25184	121.6874	400.52802	361.3828	130.36551	307.85485	148.23194	156.51227	293.55644	61.99612	112.09541	321.73095	69.40671	39.50499	250.90638	19.46563	68.43307	423.7279	28.56515	108.16839	414.04893	13.99689	52.67102	384.03104	15.39216	147.47073	371.68039	687.71802	79.12537	371.16237	677.02874	-48.75911	397.07031	364.34318	83.08411	387.42414	363.27801	-78.36411	431.62123	729.73765	10.98032	305.22918	57.63809	75.60353	303.56757	62.09627	-109.63237	
222	2.21	271.21422	1102.22025	-2.38389	284.56308	918.62834	0.61935	386.21101	1088.71837	2.60146	431.4189	722.53522	-74.83215	432.11024	736.92632	96.88	294.08732	769.81506	4.75589	390.82108	431.39977	-156.03246	386.2416	381.39271	-217.0916	477.83754	391.82745	-122.56375	409.15518	279.86462	-137.57635	387.09888	369.34039	-124.94342	319.17506	159.56631	-183.57074	295.06717	68.54041	-145.86496	316.46518	71.48575	-71.73315	245.55495	20.28699	-109.75342	421.75646	30.73724	-135.49515	416.88127	16.76202	-85.28435	381.52871	17.08579	-176.51799	403.55241	447.06407	168.82306	407.72173	355.24106	228.33302	481.53661	413.35676	123.68081	454.16437	284.24051	121.70769	400.56642	361.38173	130.38147	307.86074	148.2326	156.51959	293.55467	61.99568	112.09784	321.7365	69.41225	39.50932	250.90763	19.47682	68.43201	423.72913	28.56667	108.16891	414.05188	14.00283	52.66891	384.03491	15.39245	147.47093	371.82198	687.72917	79.17499	371.30712	677.01171	-48.7039	397.11254	364.34585	83.10003	387.53242	363.24531	-78.34232	431.76457	729.73077	11.02393	305.22998	57.64063	75.60658	303.55849	62.09581	-109.62138	
223	2.22	271.25454	1102.14282	-2.3708	284.70274	918.56736	0.64012	386.25097	1088.70533	2.6194	431.57127	722.50959	-74.7876	432.2581	736.93648	96.91998	294.24234	769.80582	4.76486	390.92957	431.37326	-156.00076	386.3581	381.37473	-217.07354	477.94566	391.78108	-122.52635	409.25572	279.83569	-137.55395	387.20497	369.31189	-124.92031	319.20714	159.55697	-183.56135	295.06564	68.54284	-145.85145	316.45185	71.47776	-71.72073	245.55884	20.28481	-109.75606	421.75173	30.7385	-135.48534	416.87439	16.75455	-85.27873	381.52547	17.09043	-176.50879	403.62643	447.05708	168.8389	407.75705	355.22788	228.34688	481.58855	413.33975	123.69545	454.18479	284.22595	121.72158	400.60409	361.37833	130.39516	307.86499	148.23062	156.52531	293.55347	61.99383	112.10158	321.74045	69.41488	39.51447	250.90762	19.48612	68.42982	423.72985	28.56698	108.17007	414.05237	14.00526	52.6685	384.03786	15.39249	147.47314	371.97033	687.73706	79.22383	371.45882	676.99294	-48.65179	397.15137	364.34715	83.11393	387.63322	363.2119	-78.31981	431.91468	729.72304	11.06619	305.23034	57.641	75.61077	303.54813	62.09386	-109.60868	
224	2.23	271.29349	1102.06474	-2.36068	284.84957	918.50256	0.65841	386.28856	1088.69187	2.64135	431.73021	722.48394	-74.74687	432.41268	736.94402	96.96078	294.40306	769.79441	4.77401	391.04355	431.34511	-155.96969	386.47085	381.35135	-217.05438	478.04955	391.73052	-122.48834	409.34764	279.80274	-137.52782	387.30581	369.28125	-124.89617	319.2358	159.5465	-183.55041	295.06319	68.54513	-145.83548	316.43985	71.46922	-71.70807	245.56045	20.28407	-109.75749	421.74678	30.73714	-135.47388	416.86907	16.74608	-85.27122	381.52017	17.09413	-176.49922	403.69704	447.0477	168.85303	407.79883	355.21038	228.35922	481.64171	413.31834	123.70451	454.20449	284.20751	121.72936	400.64246	361.3719	130.40737	307.86973	148.2269	156.5306	293.55373	61.99208	112.10662	321.74263	69.41556	39.52021	250.90513	19.49392	68.42713	423.73036	28.56652	108.17193	414.0491	14.00487	52.67138	384.03984	15.39245	147.4775	372.12528	687.74084	79.27209	371.61703	676.97201	-48.60335	397.18813	364.34603	83.12659	387.72801	363.17795	-78.29605	432.07144	729.71398	11.10696	305.2306	57.64048	75.61596	303.53815	62.09156	-109.59462	
225	2.24	271.32917	1101.98721	-2.35127	285.00228	918.4364	0.67522	386.32441	1088.67787	2.66767	431.89537	722.45895	-74.70934	432.57344	736.9494	97.00182	294.56999	769.782	4.78327	391.16371	431.31613	-155.93858	386.58036	381.32359	-217.03315	478.1529	391.67701	-122.4516	409.43121	279.76669	-137.49908	387.40397	369.24998	-124.87055	319.2622	159.53676	-183.53756	295.0609	68.54797	-145.81835	316.43021	71.46163	-71.69648	245.55979	20.2856	-109.75611	421.74322	30.73515	-135.46164	416.86622	16.73769	-85.26274	381.51415	17.09803	-176.4895	403.7655	447.03725	168.86613	407.84872	355.18961	228.37051	481.69848	413.29184	123.70816	454.2255	284.18595	121.73167	400.68387	361.36289	130.41838	307.87712	148.22344	156.53564	293.55586	61.99232	112.11233	321.74355	69.41608	39.52543	250.89943	19.50156	68.42485	423.73125	28.56663	108.17445	414.0422	14.00293	52.67804	384.04108	15.39297	147.48275	372.28631	687.74162	79.31923	371.78134	676.95023	-48.55831	397.2255	364.34265	83.13825	387.82042	363.14523	-78.27057	432.23441	729.70418	11.14624	305.23116	57.64096	75.62125	303.52953	62.09001	-109.58056	
226	2.25	271.3604	1101.91127	-2.3414	285.15871	918.37076	0.69013	386.35867	1088.66322	2.69852	432.06552	722.43438	-74.67286	432.73782	736.95186	97.04287	294.74316	769.77001	4.79251	391.29046	431.28654	-155.9066	386.68805	381.29298	-217.00866	478.26046	391.62262	-122.41695	409.50921	279.72864	-137.46829	387.50316	369.21967	-124.84224	319.28815	159.5288	-183.52277	295.05978	68.55103	-145.80134	316.42113	71.45487	-71.68722	245.5572	20.29005	-109.7511	421.74179	30.73326	-135.44862	416.86565	16.72974	-85.25309	381.50873	17.1025	-176.4795	403.83415	447.026	168.87907	407.9075	355.16662	228.38164	481.76115	413.26003	123.7082	454.25027	284.16132	121.73039	400.73065	361.35145	130.42892	307.88809	148.22134	156.54056	293.55985	61.99511	112.11873	321.74405	69.417	39.52981	250.89149	19.50944	68.4235	423.733	28.56811	108.17802	414.03314	14.00042	52.68746	384.04147	15.39432	147.48803	372.45071	687.74033	79.36475	371.95004	676.92885	-48.51562	397.26657	364.33672	83.14955	387.91529	363.1153	-78.24217	432.40167	729.69312	11.18501	305.23236	57.64303	75.62649	303.52173	62.08892	-109.56784	
227	2.26	271.38758	1101.83662	-2.33129	285.31598	918.30614	0.7019	386.39121	1088.6479	2.73322	432.23898	722.40917	-74.63579	432.90303	736.94998	97.08381	294.92292	769.75896	4.801	391.42408	431.25568	-155.8733	386.79651	381.2612	-216.98036	478.37637	391.56934	-122.38477	409.58621	279.68981	-137.43609	387.60735	369.19133	-124.81067	319.31607	159.52269	-183.50683	295.06073	68.55345	-145.78563	316.40886	71.44663	-71.68206	245.55323	20.29759	-109.74306	421.74234	30.73158	-135.43476	416.86656	16.72195	-85.24165	381.50485	17.10781	-176.46926	403.9055	447.01296	168.89219	407.97482	355.14243	228.39302	481.83162	413.22339	123.70718	454.28104	284.13299	121.72799	400.78472	361.33756	130.43944	307.90246	148.22048	156.54528	293.56572	61.99958	112.12611	321.7453	69.41772	39.53333	250.88358	19.5166	68.42296	423.73583	28.57068	108.18239	414.02423	13.99799	52.69734	384.04124	15.39601	147.49289	372.6156	687.73698	79.40828	372.12107	676.90817	-48.47449	397.31432	364.32772	83.16084	388.0173	363.08888	-78.21032	432.57101	729.67957	11.22401	305.23473	57.64594	75.63178	303.51317	62.08664	-109.55798	
228	2.27	271.4121	1101.76127	-2.32219	285.47157	918.24155	0.70951	386.42205	1088.63246	2.76938	432.41527	722.38273	-74.5985	433.06827	736.94341	97.12378	295.11066	769.74758	4.8074	391.56453	431.22285	-155.83926	386.90925	381.22959	-216.94938	478.50313	391.51909	-122.35604	409.66665	279.65159	-137.40443	387.71972	369.16571	-124.77736	319.34809	159.51807	-183.49163	295.06492	68.55479	-145.77227	316.38996	71.43363	-71.68395	245.54884	20.30764	-109.73378	421.74417	30.73028	-135.42101	416.86824	16.71394	-85.22906	381.50269	17.11426	-176.4597	403.98124	446.99652	168.90458	408.04947	355.11819	228.40355	481.91127	413.18371	123.70642	454.31951	284.101	121.72584	400.84731	361.32183	130.44897	307.91981	148.22022	156.54903	293.57355	62.00441	112.13368	321.74846	69.41772	39.53509	250.87748	19.52191	68.42269	423.7395	28.57341	108.18602	414.01799	13.99618	52.70476	384.04138	15.39765	147.49633	372.78078	687.73115	79.449	372.29448	676.88757	-48.4354	397.37118	364.31603	83.17105	388.12948	363.06639	-78.17661	432.74177	729.66307	11.26264	305.23883	57.64873	75.6363	303.50258	62.08126	-109.553	
229	2.28	271.4349	1101.68289	-2.31543	285.62446	918.17474	0.71276	386.4511	1088.61772	2.80452	432.59569	722.35481	-74.56217	433.23398	736.93238	97.16178	295.30775	769.73328	4.81046	391.71116	431.18787	-155.80535	387.02954	381.19821	-216.91771	478.64139	391.47281	-122.33154	409.75318	279.61459	-137.37533	387.84176	369.14278	-124.74484	319.38486	159.51425	-183.47869	295.07323	68.55497	-145.76158	316.36279	71.41335	-71.69509	245.54501	20.31883	-109.72502	421.74607	30.72897	-135.40844	416.87016	16.70516	-85.2166	381.50165	17.12126	-176.45183	404.06178	446.97521	168.91494	408.12906	355.09436	228.41186	481.99975	413.14315	123.7063	454.36577	284.06601	121.72433	400.91794	361.30501	130.45619	307.93987	148.21955	156.5512	293.58328	62.00837	112.13976	321.75388	69.41664	39.53409	250.87399	19.52486	68.42233	423.74326	28.57507	108.18765	414.01609	13.99522	52.70743	384.04241	15.39903	147.4974	372.94783	687.72186	79.48578	372.47249	676.86573	-48.39961	397.43756	364.30252	83.17879	388.25241	363.04773	-78.14354	432.91484	729.64359	11.29981	305.24482	57.65057	75.6387	303.48958	62.07144	-109.55412	
230	2.29	271.45607	1101.60061	-2.31157	285.7754	918.10329	0.71224	386.47785	1088.60379	2.83811	432.78226	722.32458	-74.52716	433.40084	736.91667	97.19764	295.5138	769.71399	4.81008	391.86318	431.15104	-155.77178	387.15917	381.16578	-216.88672	478.78943	391.4291	-122.31009	409.84648	279.57791	-137.34883	387.97276	369.12106	-124.71447	319.42533	159.51015	-183.46768	295.0853	68.55405	-145.75258	316.32921	71.38619	-71.71323	245.54224	20.32966	-109.71755	421.74693	30.7265	-135.39685	416.87182	16.69496	-85.20482	381.5006	17.12724	-176.44545	404.14628	446.94866	168.92319	408.2101	355.07033	228.41797	482.0939	413.10281	123.70766	454.41762	284.0287	121.72419	400.9938	361.28708	130.46129	307.96189	148.21746	156.55234	293.59484	62.01042	112.14327	321.76098	69.41381	39.53065	250.87346	19.52548	68.42189	423.7461	28.57471	108.18769	414.01852	13.99486	52.70475	384.0438	15.39953	147.49633	373.11795	687.70799	79.5182	372.65728	676.84105	-48.36764	397.51098	364.28748	83.18426	388.3841	363.03129	-78.11247	433.09155	729.62062	11.33524	305.25242	57.65058	75.63858	303.47498	62.05747	-109.55966	
231	2.3	271.47532	1101.51566	-2.31048	285.926	918.02619	0.70879	386.50155	1088.59027	2.87111	432.97709	722.29152	-74.49355	433.57014	736.89667	97.23157	295.72629	769.68973	4.80765	392.02004	431.1132	-155.73846	387.29861	381.13118	-216.85723	478.94319	391.38441	-122.28881	409.94581	279.54012	-137.32308	388.11018	369.09829	-124.68652	319.46765	159.50537	-183.45723	295.09968	68.55245	-145.74377	316.29685	71.35745	-71.73047	245.54055	20.33927	-109.71138	421.74659	30.72241	-135.38543	416.87277	16.68373	-85.19396	381.49859	17.13112	-176.43946	404.23279	446.9184	168.93023	408.28902	355.04541	228.42276	482.18839	413.06279	123.71126	454.47154	283.99034	121.72618	401.07073	361.26771	130.46569	307.98386	148.21403	156.55345	293.60767	62.01045	112.14424	321.76864	69.40906	39.52589	250.87565	19.52428	68.42157	423.74761	28.57248	108.18726	414.02385	13.99469	52.698	384.0451	15.3985	147.4941	373.29197	687.68945	79.5464	372.85032	676.81281	-48.33957	397.58699	364.27076	83.1889	388.52052	363.0143	-78.08377	433.27362	729.59409	11.36901	305.26089	57.64861	75.63651	303.46206	62.04235	-109.56476	
232	2.31	271.49186	1101.43042	-2.31187	286.07681	917.9447	0.70283	386.52168	1088.57743	2.90443	433.18251	722.257	-74.46251	433.74421	736.87451	97.26313	295.94087	769.66297	4.80543	392.18096	431.07577	-155.70577	387.44737	381.09472	-216.83015	479.09754	391.33522	-122.26522	410.04933	279.50078	-137.29637	388.25076	369.07315	-124.66146	319.51009	159.50121	-183.44678	295.11479	68.55106	-145.73422	316.27704	71.33564	-71.73705	245.53996	20.34765	-109.70657	421.74595	30.71782	-135.37449	416.87299	16.67351	-85.18515	381.49543	17.13345	-176.43335	404.31943	446.88748	168.93623	408.36337	355.01986	228.42647	482.27806	413.0234	123.71625	454.52433	283.95326	121.72942	401.14496	361.24734	130.46996	308.00298	148.21088	156.55434	293.62008	62.00996	112.1431	321.77548	69.40371	39.52021	250.87922	19.52226	68.42144	423.74836	28.56998	108.18637	414.03006	13.99421	52.68978	384.04659	15.39649	147.49118	373.47116	687.66792	79.57005	373.05285	676.78208	-48.31619	397.66114	364.2529	83.19333	388.65698	362.99465	-78.05795	433.46336	729.56575	11.40031	305.26877	57.64609	75.63289	303.45597	62.03097	-109.56393	
233	2.32	271.50404	1101.347	-2.31577	286.226	917.86144	0.69419	386.53774	1088.56616	2.93909	433.3999	722.22303	-74.43519	433.92556	736.85278	97.29169	296.15269	769.63765	4.80526	392.34424	431.04031	-155.67404	387.60355	381.05756	-216.80588	479.24837	391.27983	-122.23835	410.15397	279.46025	-137.26789	388.39131	369.04569	-124.63945	319.55098	159.4997	-183.43643	295.12908	68.55083	-145.72373	316.27711	71.32677	-71.72747	245.54039	20.35531	-109.70308	421.74591	30.71444	-135.36522	416.87319	16.66649	-85.17919	381.49158	17.13559	-176.42742	404.4054	446.85859	168.94051	408.43221	354.99472	228.42858	482.35998	412.98511	123.72078	454.5738	283.91941	121.73165	401.21409	361.22712	130.4735	308.01747	148.20974	156.55428	293.62966	62.01089	112.1405	321.78048	69.3997	39.51336	250.88224	19.52069	68.42164	423.74916	28.56926	108.18415	414.0351	13.99298	52.68304	384.04811	15.39493	147.48761	373.65644	687.64601	79.58896	373.26497	676.75107	-48.29803	397.73039	364.23509	83.19702	388.78964	362.97186	-78.03527	433.66273	729.53791	11.42825	305.27439	57.64499	75.62793	303.45976	62.02691	-109.55424	
234	2.33	271.51019	1101.26656	-2.3227	286.37027	917.77866	0.68259	386.54885	1088.55712	2.97724	433.62828	722.19007	-74.41068	434.11515	736.832	97.31719	296.35991	769.61665	4.80713	392.5072	431.00739	-155.64278	387.76304	381.02019	-216.78349	479.39354	391.2179	-122.20781	410.25571	279.41821	-137.23709	388.52877	369.01622	-124.61917	319.589	159.50169	-183.42582	295.1414	68.55212	-145.71238	316.296	71.33054	-71.70256	245.54134	20.36281	-109.70044	421.74662	30.71277	-135.3581	416.8741	16.66263	-85.17473	381.48748	17.13831	-176.42141	404.49157	446.83221	168.9428	408.49612	354.97068	228.42894	482.43386	412.94744	123.72391	454.61869	283.88867	121.73161	401.27758	361.20758	130.47613	308.02809	148.21069	156.55347	293.63499	62.01388	112.13769	321.7836	69.3979	39.50591	250.88358	19.52032	68.42231	423.75008	28.57104	108.18084	414.03763	13.99081	52.67974	384.04883	15.39487	147.48414	373.84745	687.6255	79.60383	373.48487	676.7215	-48.28372	397.79359	364.21778	83.19981	388.91598	362.94616	-78.0144	433.87172	729.51104	11.45326	305.27701	57.64607	75.62259	303.47237	62.0302	-109.53618	
235	2.34	271.51068	1101.18909	-2.33385	286.50754	917.69721	0.66798	386.55443	1088.55059	3.02176	433.8649	722.15729	-74.38698	434.31213	736.8105	97.33942	296.56555	769.60016	4.80961	392.66671	430.97633	-155.61115	387.92056	380.98228	-216.76138	479.53241	391.14958	-122.17376	410.35101	279.37391	-137.20405	388.6608	368.98456	-124.59856	319.6239	159.50623	-183.41428	295.15157	68.55468	-145.70077	316.32798	71.34233	-71.66684	245.5422	20.37042	-109.69795	421.74778	30.71191	-135.35265	416.87597	16.65993	-85.16953	381.48337	17.14157	-176.4145	404.58078	446.80655	168.94335	408.55735	354.94765	228.42777	482.50183	412.90886	123.72515	454.65878	283.85918	121.7297	401.33665	361.18822	130.47823	308.03789	148.21202	156.5526	293.63663	62.01802	112.13587	321.78549	69.39757	39.49921	250.88343	19.52094	68.42312	423.75067	28.57419	108.17796	414.03746	13.98799	52.68001	384.04832	15.39661	147.48191	374.04325	687.60645	79.6152	373.7102	676.69405	-48.2713	397.85152	364.20028	83.20211	389.03513	362.9175	-77.9933	434.08851	729.48389	11.47622	305.27727	57.6485	75.61815	303.4908	62.03834	-109.51245	
236	2.35	271.50885	1101.11367	-2.35045	286.6391	917.61683	0.65039	386.5552	1088.54709	3.0746	434.10706	722.12455	-74.36377	434.516	736.78696	97.35711	296.77478	769.5865	4.8114	392.82034	430.94597	-155.57947	388.07144	380.94362	-216.73864	479.66522	391.07569	-122.13847	410.43827	279.32766	-137.1708	388.78659	368.95063	-124.57699	319.6566	159.51167	-183.40195	295.1604	68.55793	-145.69025	316.36689	71.35671	-71.62663	245.54258	20.37812	-109.69514	421.74936	30.71059	-135.34842	416.87908	16.65683	-85.16313	381.47983	17.14506	-176.40665	404.67704	446.77952	168.94202	408.61957	354.92555	228.42484	482.56789	412.86814	123.7225	454.69525	283.82909	121.72599	401.3939	361.16862	130.47936	308.05012	148.21172	156.5512	293.63665	62.02183	112.1347	321.78712	69.39749	39.49366	250.88286	19.52189	68.42334	423.75072	28.57704	108.17635	414.0356	13.9846	52.68219	384.04704	15.39982	147.48087	374.24443	687.58824	79.62252	373.93989	676.66895	-48.26029	397.90624	364.18199	83.20352	389.14824	362.88584	-77.97133	434.31153	729.45575	11.49667	305.27663	57.6509	75.61467	303.51226	62.04825	-109.48699	
237	2.36	271.50902	1101.03884	-2.37242	286.76904	917.53696	0.62979	386.55296	1088.54726	3.13628	434.35313	722.09289	-74.34258	434.72766	736.762	97.3692	296.9915	769.57364	4.81188	392.96678	430.91529	-155.54924	388.21246	380.90484	-216.71548	479.79267	390.99783	-122.1061	410.51794	279.28098	-137.14074	388.90684	368.91494	-124.55556	319.68843	159.51637	-183.38967	295.169	68.56115	-145.68199	316.40659	71.3689	-71.58917	245.54232	20.38559	-109.69182	421.75162	30.70793	-135.34511	416.88388	16.65321	-85.15679	381.47755	17.14823	-176.39882	404.78388	446.75038	168.93863	408.68706	354.9045	228.41966	482.63658	412.82506	123.7133	454.73057	283.79769	121.71912	401.45252	361.14905	130.47838	308.06635	148.20875	156.54797	293.63738	62.02412	112.13263	321.78943	69.39665	39.48841	250.88305	19.52282	68.42241	423.75037	28.57837	108.1755	414.03387	13.97996	52.68379	384.04553	15.4035	147.47979	374.45316	687.57048	79.62546	374.17424	676.64613	-48.2513	397.96047	364.16324	83.20291	389.25799	362.85157	-77.94963	434.54039	729.42744	11.51331	305.27673	57.65216	75.61092	303.5341	62.05709	-109.4641	
238	2.37	271.5136	1100.96342	-2.39772	286.90194	917.4574	0.6066	386.54957	1088.55108	3.20701	434.6017	722.06312	-74.32448	434.94789	736.73721	97.37676	297.21769	769.56015	4.81112	393.10554	430.88346	-155.5216	388.3418	380.86724	-216.69231	479.9158	390.9179	-122.08021	410.59164	279.23551	-137.11636	389.02285	368.87837	-124.53517	319.7201	159.51895	-183.37783	295.17837	68.56344	-145.67614	316.44169	71.37554	-71.55944	245.54154	20.39251	-109.68826	421.75488	30.70357	-135.34198	416.89017	16.64908	-85.15133	381.47657	17.15033	-176.39156	404.90277	446.71973	168.93405	408.7633	354.88424	228.41255	482.7109	412.77985	123.69686	454.76775	283.7652	121.70771	401.51529	361.12981	130.47504	308.08632	148.20326	156.54253	293.64021	62.02429	112.12887	321.79292	69.39448	39.48294	250.88472	19.52393	68.4203	423.74974	28.57751	108.17485	414.03393	13.97344	52.68293	384.04416	15.40631	147.4779	374.67106	687.55312	79.62581	374.41325	676.62499	-48.24395	398.01663	364.14458	83.20009	389.36728	362.81532	-77.92916	434.7748	729.40017	11.52614	305.27847	57.65163	75.60626	303.55399	62.06265	-109.44638	
239	2.38	271.52255	1100.88727	-2.42299	287.04164	917.37865	0.58205	386.54715	1088.55805	3.28707	434.85086	722.03543	-74.3088	435.17683	736.71452	97.38286	297.45389	769.54522	4.80996	393.23747	430.85037	-155.4968	388.45916	380.83259	-216.6692	480.03594	390.83818	-122.06195	410.66135	279.1926	-137.09816	389.13588	368.8423	-124.51566	319.75143	159.5192	-183.36613	295.18932	68.56449	-145.67174	316.4693	71.37589	-71.53767	245.54095	20.39906	-109.68507	421.75936	30.69797	-135.33822	416.89699	16.64408	-85.14654	381.47628	17.15106	-176.38478	405.03242	446.68902	168.92994	408.84971	354.86431	228.40448	482.79141	412.73322	123.67456	454.80938	283.73249	121.69133	401.58355	361.11095	130.47012	308.10897	148.19636	156.5358	293.64472	62.02274	112.1241	321.79725	69.39109	39.47783	250.88766	19.52594	68.41739	423.74893	28.5745	108.17447	414.03615	13.96586	52.67941	384.04304	15.40753	147.47546	374.89862	687.53657	79.62747	374.65586	676.60466	-48.23594	398.07608	364.12629	83.19586	389.47813	362.77831	-77.90975	435.01385	729.37497	11.53703	305.28139	57.64959	75.6013	303.5708	62.06437	-109.43347	
240	2.39	271.53513	1100.81141	-2.44419	287.19174	917.30168	0.55778	386.54886	1088.56799	3.37553	435.09897	722.01018	-74.29459	435.41494	736.69698	97.39047	297.69936	769.52858	4.80945	393.36553	430.81733	-155.47517	388.56631	380.80303	-216.64622	480.15467	390.76181	-122.05051	410.72946	279.15375	-137.08556	389.24724	368.80876	-124.49657	319.78205	159.51855	-183.35451	295.20208	68.56544	-145.66709	316.48925	71.37198	-71.52159	245.54173	20.40575	-109.68255	421.76497	30.69269	-135.33376	416.90342	16.63838	-85.14233	381.47633	17.15142	-176.37864	405.16912	446.66048	168.92722	408.94556	354.84487	228.396	482.87687	412.68696	123.64765	454.85687	283.7011	121.66973	401.65708	361.093	130.46393	308.1331	148.19028	156.52863	293.64938	62.0212	112.11917	321.80143	69.38774	39.47381	250.89091	19.52976	68.41437	423.74827	28.57052	108.17407	414.03965	13.95944	52.67451	384.04168	15.4077	147.47266	375.13653	687.52227	79.63459	374.90121	676.58457	-48.2244	398.13882	364.10907	83.19052	389.59162	362.74253	-77.89097	435.25695	729.35358	11.54794	305.28425	57.64755	75.59685	303.58452	62.06382	-109.42333	
241	2.4	271.5516	1100.73704	-2.45742	287.35491	917.2276	0.53495	386.55853	1088.58103	3.47032	435.34561	721.98805	-74.28159	435.6624	736.68839	97.40155	297.95196	769.51052	4.80964	393.49415	430.78638	-155.45727	388.66679	380.77997	-216.62347	480.27337	390.69175	-122.04382	410.79869	279.12001	-137.07739	389.35825	368.77933	-124.47762	319.81183	159.51902	-183.34345	295.21567	68.56829	-145.66044	316.50291	71.36711	-71.50917	245.54487	20.41291	-109.68026	421.77113	30.68958	-135.32893	416.90869	16.63226	-85.13933	381.47687	17.15319	-176.37363	405.30804	446.63659	168.92532	409.04829	354.82652	228.3869	482.96492	412.64328	123.61691	454.90981	283.67257	121.64267	401.73414	361.07683	130.45612	308.15728	148.18777	156.52135	293.65326	62.02193	112.11439	321.80459	69.38602	39.47115	250.89385	19.53587	68.41193	423.74827	28.56732	108.17283	414.04305	13.95621	52.67003	384.03951	15.40797	147.46948	375.38515	687.51223	79.64998	375.14923	676.56445	-48.20764	398.20351	364.09393	83.1837	389.70797	362.7097	-77.8725	435.50401	729.33822	11.55998	305.28611	57.64745	75.59322	303.59538	62.06366	-109.41404	
242	2.41	271.57346	1100.66417	-2.46008	287.53083	917.15738	0.51361	386.57908	1088.59649	3.56984	435.59092	721.96902	-74.26902	435.91647	736.69016	97.4177	298.20808	769.49214	4.80925	393.62798	430.75874	-155.4432	388.76433	380.76268	-216.60054	480.39257	390.62863	-122.03844	410.8709	279.09061	-137.07119	389.46955	368.75384	-124.45793	319.84068	159.52163	-183.33304	295.2281	68.57418	-145.65087	316.51206	71.36341	-71.49879	245.55059	20.42071	-109.67724	421.77692	30.68918	-135.32357	416.91188	16.6248	-85.13766	381.47792	17.15718	-176.36952	405.44494	446.61829	168.92336	409.1539	354.80915	228.37722	483.05239	412.60285	123.5839	454.96548	283.64693	121.61123	401.81178	361.06247	130.44703	308.17986	148.19033	156.51475	293.6567	62.02604	112.11028	321.80653	69.38648	39.47006	250.896	19.54416	68.41038	423.74926	28.56575	108.17064	414.0452	13.95672	52.66727	384.03685	15.40896	147.46655	375.64148	687.50754	79.67449	375.39903	676.54431	-48.18535	398.26771	364.08098	83.1757	389.82625	362.67992	-77.85342	435.75369	729.32959	11.57434	305.28714	57.65014	75.59076	303.60326	62.06559	-109.40431	
243	2.42	271.60294	1100.59151	-2.45175	287.71619	917.09121	0.49287	386.61182	1088.61289	3.67349	435.83472	721.95231	-74.25474	436.17075	736.69957	97.44005	298.46343	769.4753	4.80633	393.77117	430.73447	-155.43262	388.86179	380.74815	-216.57654	480.51183	390.57029	-122.03035	410.94599	279.06315	-137.06335	389.58071	368.73041	-124.43619	319.86864	159.52613	-183.32289	295.23785	68.58252	-145.63881	316.51828	71.36083	-71.48868	245.5585	20.42917	-109.67257	421.78159	30.69012	-135.31717	416.9125	16.61477	-85.1362	381.47937	17.16247	-176.36548	405.57713	446.60421	168.92113	409.25796	354.79177	228.36744	483.13688	412.56421	123.55109	455.01996	283.62252	121.57829	401.88716	361.04885	130.43783	308.19974	148.19711	156.50997	293.66074	62.0329	112.10748	321.80811	69.3883	39.47056	250.89611	19.55436	68.40959	423.75133	28.5653	108.1683	414.04597	13.96022	52.66608	384.03516	15.41036	147.46494	375.89839	687.50739	79.70658	375.64814	676.52478	-48.1584	398.32931	364.06911	83.16765	389.94433	362.65193	-77.83233	436.00274	729.32594	11.59266	305.28836	57.65492	75.5898	303.60828	62.0693	-109.39349	
244	2.43	271.64192	1100.51778	-2.43444	287.90758	917.02824	0.47179	386.65728	1088.62927	3.78022	436.07713	721.93758	-74.23682	436.41809	736.71159	97.46788	298.71501	769.4617	4.79874	393.92648	430.71322	-155.42563	388.96126	380.73252	-216.55124	480.63038	390.5136	-122.01718	411.02232	279.03526	-137.0511	389.69096	368.70707	-124.41213	319.89612	159.53205	-183.31313	295.24528	68.59177	-145.6258	316.52264	71.35811	-71.47781	245.56776	20.43809	-109.6661	421.78507	30.69029	-135.31007	416.91117	16.60258	-85.13377	381.48147	17.16775	-176.36143	405.70305	446.5917	168.91862	409.35699	354.7739	228.35726	483.21829	412.52551	123.52009	455.07034	283.59754	121.54694	401.95916	361.0351	130.42882	308.21656	148.2059	156.50688	293.66605	62.04123	112.10551	321.81074	69.39049	39.47169	250.89327	19.5658	68.4093	423.75458	28.56529	108.16614	414.04648	13.96528	52.66517	384.03603	15.41148	147.46477	376.14825	687.50983	79.742	375.89433	676.50738	-48.12932	398.3883	364.05731	83.15975	390.06004	362.62468	-77.80882	436.24761	729.32458	11.61553	305.29085	57.66064	75.58958	303.61121	62.0734	-109.38187	
245	2.44	271.69109	1100.44286	-2.41184	288.1041	916.96671	0.44997	386.71589	1088.64547	3.8877	436.31906	721.92522	-74.21489	436.65316	736.72166	97.49833	298.96196	769.45184	4.7846	394.09344	430.69438	-155.42237	389.06399	380.71266	-216.52585	480.74764	390.4561	-121.99893	411.09775	279.00566	-137.03348	389.79962	368.68286	-124.38706	319.92349	159.5392	-183.3045	295.25207	68.60051	-145.6135	316.52551	71.35399	-71.4667	245.57683	20.44705	-109.65876	421.78765	30.68822	-135.3034	416.9092	16.59036	-85.13001	381.48471	17.17239	-176.35836	405.82172	446.57831	168.91528	409.44874	354.75629	228.34523	483.29808	412.48567	123.4911	455.11609	283.57152	121.51884	402.02841	361.02121	130.41876	308.23033	148.21471	156.50393	293.6724	62.05003	112.10293	321.81561	69.39256	39.47186	250.88895	19.57689	68.40906	423.75898	28.5656	108.1635	414.04838	13.9701	52.66343	384.03964	15.41173	147.46464	376.38603	687.51282	79.77485	376.13722	676.49374	-48.10195	398.4467	364.04522	83.15062	390.1717	362.59829	-77.78406	436.48611	729.32344	11.64172	305.29504	57.66655	75.58859	303.61315	62.07648	-109.37052	
246	2.45	271.75013	1100.36786	-2.38761	288.30676	916.90506	0.4278	386.78757	1088.6615	3.99361	436.56134	721.91515	-74.18907	436.87279	736.72632	97.52855	299.20441	769.44523	4.76324	394.26738	430.67667	-155.42168	389.17018	380.68678	-216.50208	480.86268	390.39646	-121.97617	411.16992	278.9738	-137.01009	389.90545	368.65768	-124.36247	319.95005	159.54698	-183.29714	295.25949	68.60746	-145.60267	316.52691	71.34754	-71.45634	245.58387	20.45562	-109.65194	421.78928	30.68314	-135.29771	416.90754	16.57973	-85.12464	381.48895	17.17584	-176.35678	405.93306	446.56241	168.91058	409.53146	354.74021	228.3304	483.37706	412.44426	123.4644	455.15812	283.54484	121.49487	402.09574	361.00733	130.4065	308.24147	148.22242	156.49997	293.67891	62.05822	112.09904	321.82298	69.39395	39.4704	250.88661	19.58546	68.40809	423.76395	28.566	108.16018	414.05284	13.97314	52.66081	384.04468	15.4106	147.46323	376.60906	687.51456	79.80037	376.37712	676.48454	-48.07923	398.50655	364.03244	83.139	390.27734	362.57351	-77.75942	436.71706	729.32073	11.66974	305.30054	57.67181	75.58616	303.61483	62.07741	-109.3603	
247	2.46	271.81838	1100.29445	-2.3641	288.51608	916.84335	0.40604	386.87118	1088.67729	4.0969	436.80383	721.9064	-74.1588	437.07611	736.72364	97.55741	299.44224	769.4412	4.73589	394.44123	430.6588	-155.42107	389.27895	380.65497	-216.48077	480.97383	390.33481	-121.9484	411.23659	278.93962	-136.98041	390.0064	368.6321	-124.33872	319.97438	159.55424	-183.29003	295.26746	68.61177	-145.59327	316.52684	71.33848	-71.44708	245.58786	20.46382	-109.6466	421.78966	30.67511	-135.29248	416.90678	16.57062	-85.11727	381.49336	17.17719	-176.35588	406.03821	446.5437	168.90503	409.60339	354.72644	228.31366	483.45435	412.40154	123.44104	455.19703	283.51799	121.47608	402.16065	360.9934	130.39239	308.25091	148.22869	156.49493	293.68471	62.06467	112.09444	321.83225	69.39385	39.46796	250.88907	19.59019	68.40565	423.76847	28.56578	108.15713	414.06003	13.974	52.65807	384.04981	15.40787	147.46089	376.81654	687.51396	79.81718	376.61376	676.47942	-48.06145	398.568	364.0185	83.12515	390.37433	362.55119	-77.73521	436.93997	729.31502	11.69931	305.30662	57.67545	75.58291	303.61626	62.07557	-109.35137	
248	2.47	271.895	1100.2246	-2.34248	288.7315	916.7839	0.38539	386.96505	1088.69325	4.19701	437.04548	721.8986	-74.12405	437.26523	736.71459	97.58512	299.6757	769.43977	4.70478	394.60869	430.64049	-155.41834	389.38844	380.62003	-216.46177	481.07912	390.27349	-121.9148	411.29647	278.90458	-136.94526	390.10038	368.60766	-124.31551	319.99583	159.56058	-183.28193	295.27488	68.61377	-145.58525	316.52537	71.32779	-71.43898	245.58898	20.4723	-109.64296	421.78909	30.66589	-135.28747	416.90766	16.56268	-85.10842	381.49732	17.17645	-176.35464	406.13819	446.52368	168.89952	409.6631	354.7154	228.29676	483.5281	412.35939	123.42158	455.23247	283.49179	121.46302	402.22136	360.97997	130.37733	308.25944	148.23425	156.48884	293.68919	62.06942	112.08976	321.84277	69.39254	39.4648	250.89635	19.59182	68.40176	423.77184	28.5647	108.15526	414.06907	13.97359	52.65626	384.05446	15.40399	147.45903	377.01028	687.51169	79.82692	376.84662	676.47804	-48.04707	398.6291	364.00399	83.10999	390.46046	362.53224	-77.71122	437.15536	729.3066	11.73054	305.31268	57.67761	75.57929	303.61699	62.07162	-109.34374	
249	2.48	271.97885	1100.16049	-2.32307	288.95197	916.73022	0.36626	387.06731	1088.71	4.29307	437.28501	721.89282	-74.08629	437.44463	736.70312	97.6122	299.90588	769.44209	4.67175	394.76582	430.62293	-155.41252	389.49608	380.58696	-216.44441	481.1771	390.21658	-121.87526	411.3498	278.87204	-136.90773	390.18615	368.5867	-124.29262	320.01523	159.56677	-183.27258	295.28071	68.61511	-145.57874	316.52312	71.31795	-71.43228	245.58802	20.48191	-109.64053	421.78871	30.65859	-135.28329	416.91084	16.55649	-85.09976	381.50079	17.17535	-176.35301	406.2321	446.50515	168.89416	409.71016	354.70762	228.28091	483.5963	412.32096	123.40555	455.26334	283.46786	121.45491	402.27569	360.96861	130.36193	308.26701	148.24101	156.48127	293.69191	62.074	112.0849	321.85429	69.39198	39.46001	250.90565	19.59294	68.39723	423.77401	28.56348	108.15446	414.07832	13.97329	52.65617	384.05797	15.40024	147.45844	377.19435	687.51027	79.83264	377.07548	676.48077	-48.03435	398.6869	363.99093	83.09422	390.53516	362.51764	-77.68741	437.36482	729.29797	11.76295	305.31843	57.68003	75.57477	303.61682	62.06765	-109.3376	
250	2.49	272.06805	1100.10412	-2.30549	289.17615	916.6851	0.34896	387.17546	1088.72696	4.38459	437.52121	721.89012	-74.04746	437.61856	736.69328	97.63967	300.13336	769.44988	4.63801	394.91053	430.60744	-155.40328	389.59895	380.56053	-216.42757	481.26688	390.16779	-121.83011	411.39764	278.84536	-136.87138	390.2632	368.57102	-124.26961	320.03409	159.57354	-183.26233	295.2849	68.61774	-145.5733	316.52119	71.31154	-71.42686	245.58618	20.49292	-109.63872	421.78959	30.65558	-135.28019	416.91561	16.55273	-85.09276	381.50383	17.17591	-176.35096	406.31674	446.4906	168.88852	409.74504	354.7035	228.26707	483.65686	412.28877	123.39287	455.28791	283.4477	121.45055	402.32166	360.96098	130.34722	308.27251	148.25049	156.47235	293.69271	62.08001	112.08005	321.86669	69.39428	39.45312	250.91348	19.59653	68.39288	423.77502	28.5628	108.15451	414.08626	13.97408	52.6579	384.05935	15.3979	147.45915	377.37229	687.51222	79.83759	377.29979	676.48795	-48.02195	398.73821	363.98161	83.079	390.59913	362.5077	-77.66356	437.56988	729.2917	11.7961	305.32382	57.68455	75.56915	303.61625	62.06598	-109.33267	
251	2.5	272.16003	1100.05672	-2.2894	289.40233	916.6492	0.33362	387.28649	1088.74201	4.47179	437.75308	721.89007	-74.00868	437.78851	736.68666	97.669	300.35656	769.46441	4.60473	395.04189	430.59403	-155.39015	389.69454	380.54287	-216.40989	481.3475	390.12846	-121.78061	411.4409	278.82571	-136.83803	390.33142	368.56074	-124.24593	320.05318	159.58054	-183.25119	295.28831	68.62267	-145.56803	316.52033	71.30954	-71.42172	245.58482	20.50488	-109.63723	421.79184	30.65703	-135.27725	416.91994	16.5509	-85.08755	381.50626	17.17882	-176.34772	406.38791	446.48092	168.8827	409.76844	354.7027	228.25625	483.70764	412.26325	123.38448	455.30412	283.43152	121.44922	402.3576	360.95757	130.33487	308.27438	148.26244	156.46345	293.69195	62.08785	112.07635	321.87952	69.39999	39.44535	250.91806	19.60438	68.38898	423.77459	28.56239	108.15595	414.09212	13.97622	52.66092	384.05809	15.39723	147.46121	377.54456	687.51838	79.84422	377.51817	676.49893	-48.00912	398.78023	363.97693	83.0661	390.65349	362.50147	-77.63926	437.77079	729.28837	11.83016	305.32889	57.69163	75.56361	303.61609	62.06765	-109.32798	
252	2.51	272.25368	1100.01769	-2.27508	289.62874	916.621	0.31993	387.39823	1088.75317	4.55424	437.97982	721.89118	-73.97078	437.95352	736.68297	97.70061	300.57202	769.48632	4.57301	395.16044	430.58143	-155.37333	389.78132	380.5332	-216.39081	481.41836	390.09712	-121.73009	411.48018	278.81217	-136.80791	390.39156	368.55454	-124.22187	320.07199	159.58705	-183.23908	295.29223	68.62956	-145.56276	316.52061	71.3111	-71.41602	245.58485	20.51703	-109.63607	421.79466	30.66172	-135.27357	416.92221	16.54978	-85.08365	381.50782	17.18381	-176.34306	406.44241	446.47563	168.8771	409.78082	354.70408	228.24861	483.74727	412.24341	123.38081	455.31108	283.41861	121.45003	402.38275	360.9576	130.32549	308.27171	148.27533	156.45605	293.69051	62.09673	112.07433	321.89189	69.40823	39.43835	250.91981	19.61622	68.38525	423.77263	28.56158	108.15908	414.09584	13.97928	52.66457	384.05456	15.39764	147.46469	377.70923	687.52839	79.85295	377.72882	676.51247	-47.99627	398.81156	363.97629	83.05622	390.70015	362.4973	-77.61485	437.96667	729.28708	11.86492	305.33365	57.70044	75.55925	303.61699	62.0721	-109.323	
253	2.52	272.351	1099.98413	-2.26328	289.85378	916.59767	0.30672	387.51046	1088.76011	4.63036	438.20085	721.8917	-73.93508	438.11227	736.68142	97.73284	300.77619	769.51585	4.54328	395.26888	430.56819	-155.35444	389.85931	380.52876	-216.37115	481.48073	390.07054	-121.68316	411.51638	278.80269	-136.78088	390.44579	368.55056	-124.19872	320.08954	159.5929	-183.22678	295.29768	68.63728	-145.5582	316.52167	71.31449	-71.41016	245.58626	20.5283	-109.63538	421.79702	30.66816	-135.26931	416.92231	16.54838	-85.08106	381.50841	17.19056	-176.33805	406.47971	446.47354	168.8716	409.78267	354.70635	228.24305	483.77582	412.22804	123.38065	455.30989	283.40846	121.45156	402.39768	360.95978	130.31795	308.26459	148.28768	156.45035	293.68935	62.10526	112.07284	321.90252	69.41762	39.43274	250.91997	19.62966	68.3811	423.76975	28.5603	108.16295	414.09783	13.98218	52.66833	384.04981	15.39847	147.46894	377.86427	687.54184	79.86216	377.93023	676.52744	-47.98478	398.83284	363.9784	83.04819	390.74235	362.49376	-77.59156	438.15656	729.28656	11.89888	305.33794	57.70958	75.55581	303.6192	62.0779	-109.31828	
254	2.53	272.45569	1099.95197	-2.25471	290.07579	916.57603	0.29216	387.6244	1088.76333	4.69923	438.41583	721.88941	-73.90244	438.26381	736.68016	97.76345	300.96788	769.5524	4.51484	395.37153	430.55301	-155.33555	389.93072	380.52575	-216.35204	481.53794	390.04467	-121.64311	411.55104	278.79424	-136.75627	390.49747	368.54651	-124.17756	320.10546	159.59816	-183.21561	295.30489	68.64453	-145.55473	316.52235	71.31746	-71.40487	245.58827	20.53737	-109.63526	421.79837	30.67462	-135.26455	416.92098	16.54598	-85.07946	381.50771	17.19823	-176.33371	406.50277	446.47293	168.86571	409.77549	354.70859	228.23842	483.79452	412.21578	123.38251	455.30279	283.40054	121.45314	402.40416	360.96268	130.31111	308.25393	148.29813	156.44568	293.68918	62.11155	112.07051	321.91	69.42624	39.42866	250.91914	19.64129	68.37619	423.76688	28.55863	108.16651	414.09861	13.98344	52.67183	384.04516	15.39918	147.47284	378.00833	687.55777	79.86966	378.12155	676.54259	-47.97592	398.84597	363.98157	83.04087	390.78404	362.48931	-77.57039	438.33982	729.28479	11.93051	305.34134	57.71715	75.55272	303.62212	62.08327	-109.31435	
255	2.54	272.57018	1099.91801	-2.24975	290.29335	916.55326	0.27467	387.74156	1088.76264	4.76175	438.62497	721.88184	-73.87224	438.40671	736.67595	97.79179	301.14941	769.59397	4.48594	395.47292	430.53474	-155.31736	389.99962	380.52022	-216.33383	481.59418	390.01518	-121.61065	411.58628	278.78317	-136.73209	390.55037	368.53985	-124.15829	320.12026	159.60248	-183.20591	295.31313	68.65038	-145.55175	316.52122	71.31781	-71.39979	245.58994	20.54333	-109.63563	421.79909	30.67933	-135.25807	416.91884	16.54209	-85.07751	381.5051	17.20504	-176.32948	406.51743	446.47219	168.85957	409.76217	354.7107	228.2345	483.80512	412.2047	123.38613	455.29215	283.39368	121.45565	402.40476	360.96476	130.30533	308.24111	148.30546	156.44193	293.69016	62.11374	112.06757	321.91331	69.43162	39.42687	250.91704	19.64851	68.37078	423.76458	28.55614	108.16999	414.0986	13.98189	52.67509	384.04178	15.39903	147.4759	378.14032	687.57392	79.8742	378.30286	676.55622	-47.97013	398.85331	363.98361	83.03458	390.82885	362.48215	-77.55114	438.51584	729.2789	11.95978	305.34334	57.72099	75.55046	303.62456	62.08665	-109.31074	
256	2.55	272.69452	1099.88088	-2.24808	290.50626	916.52734	0.25373	387.86315	1088.75731	4.81918	438.8292	721.86772	-73.8432	438.5397	736.66657	97.81878	301.32474	769.63747	4.45449	395.57757	430.51317	-155.29927	390.07094	380.50935	-216.31617	481.65373	389.97897	-121.58489	411.62476	278.76678	-136.70618	390.60844	368.5288	-124.14026	320.13483	159.60548	-183.19687	295.32162	68.6545	-145.54806	316.51823	71.31488	-71.39383	245.59076	20.54626	-109.6362	421.80043	30.68149	-135.24879	416.91644	16.53688	-85.07421	381.50055	17.20969	-176.32428	406.53062	446.47077	168.85401	409.74679	354.71353	228.23142	483.8104	412.19328	123.39148	455.28067	283.38683	121.46005	402.40273	360.96529	130.30134	308.22811	148.30945	156.43933	293.69178	62.11163	112.06505	321.91249	69.43229	39.42804	250.91343	19.65079	68.36566	423.76302	28.55247	108.17396	414.09816	13.97762	52.67861	384.04038	15.3976	147.47821	378.26018	687.58801	79.87573	378.47578	676.56676	-47.9672	398.85771	363.98305	83.03003	390.88021	362.47104	-77.53307	438.68445	729.26714	11.98779	305.34364	57.72026	75.54989	303.626	62.08756	-109.30627	
257	2.56	272.82775	1099.84068	-2.24854	290.71512	916.49751	0.22984	387.98997	1088.74725	4.8719	439.02927	721.84797	-73.8148	438.66322	736.65301	97.84536	301.49618	769.67998	4.41893	395.68981	430.48938	-155.28051	390.14925	380.49218	-216.29853	481.7208	389.93566	-121.5645	411.66969	278.74487	-136.67813	390.67544	368.5131	-124.12307	320.1502	159.60753	-183.1876	295.32992	68.65722	-145.54265	316.51479	71.3104	-71.38622	245.59069	20.54716	-109.6364	421.80372	30.6818	-135.23765	416.91452	16.5314	-85.07018	381.49541	17.21282	-176.31829	406.54826	446.4692	168.84953	409.73409	354.71838	228.22881	483.81467	412.18167	123.39685	455.27135	283.38017	121.46566	402.40181	360.96514	130.2986	308.21753	148.3115	156.43754	293.69328	62.10776	112.06312	321.90883	69.42924	39.43143	250.9089	19.64971	68.36187	423.76254	28.54843	108.17787	414.09736	13.97206	52.6828	384.04099	15.3954	147.47944	378.36998	687.59943	79.87517	378.64259	676.57357	-47.96651	398.86245	363.98052	83.02672	390.9415	362.45604	-77.51576	438.84624	729.25049	12.01528	305.3424	57.71677	75.55073	303.62684	62.08706	-109.30005	
258	2.57	272.9691	1099.79849	-2.24974	290.91942	916.46471	0.20358	388.12199	1088.73276	4.92028	439.22453	721.82464	-73.78702	438.77919	736.638	97.87236	301.66301	769.71941	4.37928	395.81271	430.46446	-155.26045	390.23742	380.46912	-216.28013	481.79859	389.88705	-121.5466	411.72379	278.71864	-136.64894	390.75359	368.49325	-124.10597	320.16773	159.60916	-183.17765	295.3374	68.65937	-145.53478	316.51227	71.30677	-71.37644	245.58993	20.54738	-109.63561	421.80913	30.68131	-135.22678	416.91366	16.52637	-85.06666	381.49148	17.21616	-176.31224	406.57413	446.4679	168.84626	409.72874	354.72539	228.22603	483.82299	412.1705	123.39975	455.26706	283.37404	121.47106	402.40575	360.96533	130.29598	308.2116	148.31365	156.43593	293.69439	62.10573	112.06134	321.90428	69.42495	39.43549	250.90456	19.64782	68.36017	423.7634	28.54537	108.1808	414.09584	13.96675	52.68746	384.0427	15.39316	147.47909	378.47275	687.60874	79.87444	378.80441	676.57669	-47.96664	398.87082	363.97745	83.02356	391.01459	362.4377	-77.49844	439.00186	729.23132	12.04267	305.3404	57.71361	75.55199	303.62741	62.0868	-109.29145	
259	2.58	273.11758	1099.75613	-2.2511	291.117	916.43099	0.17504	388.25827	1088.71364	4.96576	439.41305	721.79895	-73.75893	438.88918	736.62294	97.90133	301.82278	769.75407	4.33709	395.94701	430.4382	-155.23801	390.33648	380.44099	-216.25967	481.88841	389.83501	-121.52611	411.78841	278.68866	-136.61901	390.84277	368.46926	-124.08703	320.18922	159.6102	-183.16658	295.34299	68.66175	-145.52398	316.51087	71.30492	-71.36365	245.5887	20.54812	-109.63349	421.81539	30.68021	-135.2174	416.91386	16.52122	-85.06368	381.48967	17.22059	-176.3058	406.6097	446.46634	168.84484	409.73435	354.7322	228.22335	483.83929	412.15851	123.39958	455.27016	283.36717	121.47566	402.41755	360.96485	130.29352	308.21133	148.3168	156.4347	293.69552	62.10747	112.05976	321.90084	69.42096	39.43947	250.90142	19.64733	68.36062	423.76515	28.54384	108.18315	414.09348	13.96241	52.69185	384.04431	15.39118	147.47794	378.57038	687.61588	79.8764	378.96052	676.57592	-47.96517	398.88558	363.97348	83.02066	391.09878	362.41567	-77.47921	439.15111	729.21095	12.0712	305.33882	57.71256	75.5533	303.62729	62.08766	-109.27986	
260	2.59	273.27157	1099.71571	-2.25324	291.30564	916.39855	0.14388	388.39775	1088.68952	5.00989	439.59312	721.77092	-73.7289	438.99405	736.60728	97.93393	301.97385	769.78218	4.29391	396.09147	430.4096	-155.21222	390.44696	380.4088	-216.23598	481.98976	389.78042	-121.49846	411.86405	278.65476	-136.58802	390.94187	368.44076	-124.06447	320.21643	159.6101	-183.15413	295.34594	68.66492	-145.51048	316.50996	71.30402	-71.34751	245.5872	20.55022	-109.63007	421.82092	30.6784	-135.20928	416.9146	16.51487	-85.06017	381.48983	17.22592	-176.29825	406.65434	446.46336	168.84615	409.75302	354.73481	228.22174	483.86571	412.14301	123.39771	455.28256	283.35715	121.47937	402.43925	360.96108	130.29222	308.2167	148.32063	156.43423	293.69736	62.11259	112.05864	321.90061	69.41737	39.44312	250.90028	19.64913	68.36248	423.76697	28.54345	108.18592	414.09131	13.95923	52.6951	384.04552	15.38947	147.47755	378.66385	687.61971	79.88349	379.10999	676.57056	-47.95966	398.9087	363.96666	83.01906	391.19213	362.38892	-77.45639	439.29359	729.1891	12.10251	305.33902	57.71353	75.55464	303.62582	62.08955	-109.26526	
261	2.6	273.42985	1099.6788	-2.25743	291.48469	916.36876	0.1096	388.54019	1088.66084	5.05273	439.7647	721.74039	-73.69653	439.09471	736.5899	97.97	302.11674	769.80179	4.25012	396.24376	430.37821	-155.18341	390.56969	380.37393	-216.20939	482.10104	389.72363	-121.46257	411.95089	278.61757	-136.55626	391.05009	368.40802	-124.03877	320.25027	159.6087	-183.14105	295.34675	68.66925	-145.49577	316.50892	71.3026	-71.32959	245.58584	20.55405	-109.62581	421.82487	30.67629	-135.20195	416.91516	16.50703	-85.05557	381.49156	17.23188	-176.29012	406.70536	446.45778	168.84977	409.78568	354.72982	228.22126	483.90325	412.12236	123.39523	455.30569	283.34238	121.48109	402.47198	360.95213	130.29212	308.2267	148.32455	156.43376	293.70036	62.1196	112.05742	321.90531	69.41435	39.44539	250.90179	19.65273	68.36433	423.76841	28.54392	108.189	414.09112	13.95771	52.69621	384.047	15.38819	147.47822	378.75449	687.6189	79.89579	379.25345	676.56	-47.94969	398.94145	363.95582	83.01884	391.29302	362.35717	-77.43053	439.4297	729.16514	12.13674	305.34209	57.71587	75.55519	303.62297	62.0919	-109.2492	
262	2.61	273.59216	1099.64591	-2.26469	291.65497	916.34191	0.07162	388.6858	1088.62854	5.09358	439.92952	721.70737	-73.66271	439.19156	736.56978	98.00785	302.25397	769.81105	4.20541	396.401	430.34415	-155.15309	390.70506	380.33727	-216.18192	482.21993	389.66488	-121.42026	412.04806	278.57825	-136.52451	391.16639	368.37199	-124.01238	320.28995	159.6059	-183.12871	295.34725	68.67444	-145.48188	316.50757	71.29935	-71.31265	245.58509	20.5595	-109.62156	421.82715	30.67445	-135.19536	416.91514	16.49815	-85.04997	381.49427	17.23824	-176.28276	406.75836	446.44838	168.85384	409.83187	354.71572	228.22098	483.95179	412.09657	123.39254	455.33989	283.32256	121.47902	402.51576	360.93764	130.29234	308.23963	148.32791	156.43175	293.7046	62.12681	112.05504	321.91524	69.41252	39.44493	250.90589	19.65688	68.36446	423.76946	28.54518	108.191	414.09367	13.9584	52.69458	384.04923	15.38748	147.47866	378.84371	687.6122	79.91104	379.39329	676.54373	-47.93698	398.98404	363.94115	83.01913	391.39967	362.32138	-77.40406	439.56054	729.13858	12.17257	305.34822	57.71903	75.55372	303.61966	62.09386	-109.23409	
263	2.62	273.75788	1099.61679	-2.27547	291.81793	916.31786	0.0296	388.83423	1088.59301	5.13299	440.08991	721.67163	-73.62809	439.2843	736.54586	98.04631	302.38982	769.80831	4.15891	396.55978	430.30748	-155.12267	390.85208	380.29852	-216.1557	482.34386	389.6044	-121.37382	412.15275	278.53693	-136.49294	391.28857	368.33354	-123.98752	320.33311	159.60106	-183.1176	295.34973	68.67946	-145.4702	316.50604	71.29304	-71.29832	245.585	20.56649	-109.61837	421.82797	30.67295	-135.18933	416.91463	16.48872	-85.0431	381.49706	17.24429	-176.27692	406.80816	446.43382	168.85656	409.8893	354.69279	228.22044	484.0094	412.06624	123.39073	455.38364	283.29793	121.47251	402.5689	360.91814	130.29255	308.25412	148.33001	156.42731	293.70983	62.13248	112.05099	321.92891	69.41196	39.44177	250.91119	19.66018	68.36135	423.77027	28.54676	108.19055	414.09771	13.96121	52.69066	384.05217	15.38711	147.47767	378.93239	687.59847	79.92706	379.53235	676.52123	-47.92339	399.03511	363.92332	83.0196	391.50929	362.28299	-77.37912	439.6871	729.10874	12.20911	305.35655	57.72214	75.55001	303.61719	62.09424	-109.2214	
264	2.63	273.92613	1099.59148	-2.28981	291.9755	916.29695	-0.01633	388.98432	1088.55483	5.17262	440.24814	721.6335	-73.59284	439.37295	736.5181	98.08506	302.52976	769.79285	4.10907	396.71667	430.26859	-155.09336	391.00868	380.2572	-216.1319	482.47068	389.54284	-121.32512	412.26088	278.49334	-136.46127	391.41394	368.29376	-123.9653	320.37689	159.59402	-183.10719	295.3557	68.68376	-145.46084	316.50475	71.28327	-71.28633	245.58492	20.57542	-109.61702	421.82758	30.67216	-135.18382	416.91393	16.47906	-85.03478	381.49933	17.24955	-176.27292	406.85076	446.41356	168.85682	409.95423	354.66293	228.21986	484.07333	412.03258	123.39103	455.43367	283.26925	121.46229	402.62841	360.89513	130.29302	308.26955	148.3307	156.42032	293.7157	62.13525	112.04539	321.94422	69.4121	39.43732	250.91597	19.66132	68.35403	423.77106	28.54826	108.1869	414.10139	13.96572	52.686	384.05611	15.38718	147.47489	379.02169	687.57761	79.94267	379.67346	676.49268	-47.90999	399.09199	363.90362	83.02048	391.61889	362.24387	-77.35676	439.81055	729.0758	12.24611	305.36588	57.72417	75.54482	303.61664	62.09249	-109.21104	
265	2.64	274.0972	1099.57043	-2.30727	292.12951	916.28012	-0.06549	389.13465	1088.51597	5.21281	440.40631	721.59509	-73.55826	439.45873	736.48866	98.12318	302.67922	769.7655	4.05409	396.86911	430.2291	-155.06686	391.17233	380.21404	-216.11106	482.59886	389.48189	-121.27648	412.36877	278.44887	-136.42983	391.54054	368.2548	-123.94662	320.41917	159.5861	-183.09728	295.36528	68.68808	-145.45308	316.50444	71.27145	-71.2761	245.58375	20.58727	-109.61778	421.82648	30.67352	-135.17992	416.9134	16.46974	-85.02625	381.50169	17.2549	-176.27193	406.88483	446.38859	168.85359	410.02308	354.62952	228.21902	484.14156	411.99812	123.39305	455.48625	283.23852	121.44874	402.69128	360.87165	130.2932	308.28582	148.33097	156.41027	293.72157	62.13514	112.03795	321.95989	69.41297	39.43233	250.9198	19.65924	68.34253	423.7724	28.55015	108.17946	414.10389	13.97194	52.68238	384.06213	15.38882	147.47028	379.11383	687.55131	79.95664	379.81951	676.45974	-47.89827	399.15198	363.88492	83.02119	391.72675	362.20685	-77.33774	439.93252	729.04187	12.28246	305.37533	57.72506	75.53842	303.61848	62.08963	-109.20231	
266	2.65	274.27104	1099.5537	-2.32684	292.28032	916.2679	-0.11659	389.28348	1088.47893	5.25218	440.56534	721.55913	-73.52651	439.54305	736.4607	98.15916	302.84073	769.72848	3.99324	397.01563	430.19125	-155.04486	391.33975	380.17083	-216.09337	482.72697	389.42355	-121.23044	412.474	278.40619	-136.39972	391.66695	368.21902	-123.93218	320.45892	159.5791	-183.08839	295.37742	68.69335	-145.44615	316.50567	71.25995	-71.26771	245.58062	20.60283	-109.62022	421.82527	30.67855	-135.17918	416.91337	16.46172	-85.01946	381.50529	17.26176	-176.27522	406.91144	446.36103	168.84616	410.09339	354.59613	228.21722	484.21271	411.96566	123.39516	455.53866	283.20845	121.43154	402.75528	360.85092	130.29198	308.30277	148.33224	156.39642	293.72673	62.1334	112.02816	321.97549	69.41535	39.42624	250.92347	19.65362	68.32782	423.77509	28.55331	108.16788	414.10528	13.98	52.68085	384.07104	15.39329	147.46369	379.21059	687.52223	79.96766	379.9719	676.42475	-47.88994	399.21296	363.8703	83.02058	391.83242	362.17454	-77.32277	440.0542	729.00991	12.31633	305.38434	57.72579	75.53028	303.62249	62.08731	-109.19485	
267	2.66	274.44399	1099.54023	-2.34707	292.42647	916.25926	-0.16779	389.42823	1088.44468	5.28965	440.72287	721.52649	-73.49822	439.62562	736.43547	98.1924	303.00931	769.68591	3.92886	397.15514	430.15602	-155.02706	391.50594	380.12896	-216.07833	482.85245	389.36871	-121.1881	412.57494	278.36658	-136.37154	391.79078	368.18692	-123.92133	320.49585	159.57344	-183.08067	295.39074	68.69945	-145.43976	316.50819	71.24977	-71.26101	245.57581	20.6211	-109.62357	421.82422	30.68665	-135.18135	416.91388	16.45527	-85.0148	381.51014	17.27009	-176.282	406.93276	446.33291	168.83557	410.16292	354.56462	228.21439	484.28423	411.93614	123.39666	455.58927	283.1804	121.41167	402.81835	360.83368	130.28933	308.31978	148.33478	156.37966	293.73099	62.13113	112.01659	321.99062	69.41919	39.41898	250.92736	19.64547	68.31146	423.77908	28.55767	108.1533	414.10577	13.98927	52.68111	384.08204	15.40012	147.45563	379.30989	687.49263	79.97588	380.12703	676.38967	-47.8849	399.27295	363.85991	83.0186	391.93484	362.14702	-77.31126	440.17425	728.98098	12.34709	305.39268	57.72687	75.52067	303.62786	62.08595	-109.18844	
