Walking01.mot
version=1
nRows=831
nColumns=19
inDegrees=yes
endheader
time	ground_force1_vx	ground_force1_vy	ground_force1_vz	ground_force1_px	ground_force1_py	ground_force1_pz	ground_force2_vx	ground_force2_vy	ground_force2_vz	ground_force2_px	ground_force2_py	ground_force2_pz	ground_torque1_x	ground_torque1_y	ground_torque1_z	ground_torque2_x	ground_torque2_y	ground_torque2_z
      1.24000000	     -9.87899310	    206.93858985	     15.40696567	      0.27325779	      0.00000000	     -0.07292772	     73.16002542	    205.38524345	     -1.73781932	     -0.17344987	      0.00000000	     -0.11813994	      0.00000000	     -0.15511347	      0.00000000	      0.00000000	     -0.81651721	      0.00000000
      1.24100000	    -11.06023469	    212.58037240	     15.62966151	      0.27395996	      0.00000000	     -0.07280969	     71.67025097	    199.94413438	     -2.12297013	     -0.17301236	      0.00000000	     -0.11799667	      0.00000000	     -0.16767291	      0.00000000	      0.00000000	     -0.81491417	      0.00000000
      1.24200000	    -12.39546615	    217.69814637	     15.72307047	      0.27473571	      0.00000000	     -0.07266664	     70.06597394	    194.45670115	     -2.50938410	     -0.17254223	      0.00000000	     -0.11784348	      0.00000000	     -0.17998153	      0.00000000	      0.00000000	     -0.81269319	      0.00000000
      1.24300000	    -13.89794806	    222.38967984	     15.68635807	      0.27558979	      0.00000000	     -0.07249723	     68.35039311	    188.93855841	     -2.89495137	     -0.17204004	      0.00000000	     -0.11768123	      0.00000000	     -0.19186291	      0.00000000	      0.00000000	     -0.80972499	      0.00000000
      1.24400000	    -15.57929306	    226.74377091	     15.51968544	      0.27652601	      0.00000000	     -0.07230065	     66.52795535	    183.40519210	     -3.27741054	     -0.17150663	      0.00000000	     -0.11751051	      0.00000000	     -0.20313945	      0.00000000	      0.00000000	     -0.80589918	      0.00000000
      1.24500000	    -17.44888181	    230.83799248	     15.22389529	      0.27754706	      0.00000000	     -0.07207666	     64.60442287	    177.87159799	     -3.65439661	     -0.17094290	      0.00000000	     -0.11733153	      0.00000000	     -0.21363788	      0.00000000	      0.00000000	     -0.80113570	      0.00000000
      1.24600000	    -19.51321501	    234.73811192	     14.80036894	      0.27865436	      0.00000000	     -0.07182558	     62.58696930	    172.35206860	     -4.02343463	     -0.17034959	      0.00000000	     -0.11714420	      0.00000000	     -0.22319582	      0.00000000	      0.00000000	     -0.79537162	      0.00000000
      1.24700000	    -21.77524193	    238.49857024	     14.25104677	      0.27984788	      0.00000000	     -0.07154830	     60.48418878	    166.86014270	     -4.38194292	     -0.16972728	      0.00000000	     -0.11694834	      0.00000000	     -0.23166990	      0.00000000	      0.00000000	     -0.78854068	      0.00000000
      1.24800000	    -24.23375163	    242.16356544	     13.57862121	      0.28112611	      0.00000000	     -0.07124629	     58.30603805	    161.40881017	     -4.72731151	     -0.16907683	      0.00000000	     -0.11674396	      0.00000000	     -0.23894910	      0.00000000	      0.00000000	     -0.78056876	      0.00000000
      1.24900000	    -26.88291272	    245.76837208	     12.78690209	      0.28248603	      0.00000000	     -0.07092157	     56.06377591	    156.01075092	     -5.05699174	     -0.16839970	      0.00000000	     -0.11653141	      0.00000000	     -0.24497534	      0.00000000	      0.00000000	     -0.77137994	      0.00000000
      1.25000000	    -29.71198543	    249.34055068	     11.88126906	      0.28392311	      0.00000000	     -0.07057665	     53.76992235	    150.67839020	     -5.36854876	     -0.16769794	      0.00000000	     -0.11631162	      0.00000000	     -0.24976652	      0.00000000	      0.00000000	     -0.76090172	      0.00000000
      1.25100000	    -32.70520413	    252.90084351	     10.86907834	      0.28543125	      0.00000000	     -0.07021451	     51.43819565	    145.42377127	     -5.65968571	     -0.16697432	      0.00000000	     -0.11608610	      0.00000000	     -0.25343247	      0.00000000	      0.00000000	     -0.74906772	      0.00000000
      1.25200000	    -35.84186421	    256.46376383	      9.75995833	      0.28700278	      0.00000000	     -0.06983859	     49.08333280	    140.25813902	     -5.92820271	     -0.16623242	      0.00000000	     -0.11585685	      0.00000000	     -0.25617745	      0.00000000	      0.00000000	     -0.73581928	      0.00000000
      1.25300000	    -39.09664402	    260.03794692	      8.56598285	      0.28862857	      0.00000000	     -0.06945272	     46.72079502	    135.19120354	     -6.17190329	     -0.16547638	      0.00000000	     -0.11562610	      0.00000000	     -0.25828821	      0.00000000	      0.00000000	     -0.72110889	      0.00000000
      1.25400000	    -42.44013354	    263.62631221	      7.30170498	      0.29029828	      0.00000000	     -0.06906109	     44.36644839	    130.23045532	     -6.38855116	     -0.16471059	      0.00000000	     -0.11539593	      0.00000000	     -0.26011021	      0.00000000	      0.00000000	     -0.70490500	      0.00000000
      1.25500000	    -45.83952383	    267.22622791	      5.98403982	      0.29200063	      0.00000000	     -0.06866816	     42.03624170	    125.38094362	     -6.57594842	     -0.16393944	      0.00000000	     -0.11516822	      0.00000000	     -0.26201723	      0.00000000	      0.00000000	     -0.68720464	      0.00000000
      1.25600000	    -49.25945525	    270.83002553	      4.63199384	      0.29372371	      0.00000000	     -0.06827858	     39.74587267	    120.64545902	     -6.73206910	     -0.16316718	      0.00000000	     -0.11494461	      0.00000000	     -0.26437848	      0.00000000	      0.00000000	     -0.66805106	      0.00000000
      1.25700000	    -52.66306520	    274.42609083	      3.26622358	      0.29545537	      0.00000000	     -0.06789712	     37.51047269	    116.02475412	     -6.85512580	     -0.16239782	      0.00000000	     -0.11472648	      0.00000000	     -0.26752563	      0.00000000	      0.00000000	     -0.64754190	      0.00000000
      1.25800000	    -56.01328233	    278.00047245	      1.90839700	      0.29718354	      0.00000000	     -0.06752848	     35.34425949	    111.51779479	     -6.94362248	     -0.16163481	      0.00000000	     -0.11451502	      0.00000000	     -0.27172359	      0.00000000	      0.00000000	     -0.62583206	      0.00000000
      1.25900000	    -59.27434438	    281.53875530	      0.58037981	      0.29889667	      0.00000000	     -0.06717712	     33.25991688	    107.12224209	     -6.99650487	     -0.16088107	      0.00000000	     -0.11431137	      0.00000000	     -0.27714970	      0.00000000	      0.00000000	     -0.60312386	      0.00000000
      1.26000000	    -62.41339591	    285.02788587	     -0.69664625	      0.30058407	      0.00000000	     -0.06684710	     31.26761940	    102.83501540	     -7.01334121	     -0.16013935	      0.00000000	     -0.11411673	      0.00000000	     -0.28388465	      0.00000000	      0.00000000	     -0.57963425	      0.00000000
      1.26100000	    -65.40196924	    288.45760805	     -1.90301797	      0.30223616	      0.00000000	     -0.06654189	     29.37418134	     98.65271293	     -6.99442617	     -0.15941254	      0.00000000	     -0.11393250	      0.00000000	     -0.29191752	      0.00000000	      0.00000000	     -0.55557516	      0.00000000
      1.26200000	    -68.21717824	    291.82125023	     -3.02133398	      0.30384468	      0.00000000	     -0.06626432	     27.58287260	     94.57181623	     -6.94075138	     -0.15870367	      0.00000000	     -0.11375999	      0.00000000	     -0.30116347	      0.00000000	      0.00000000	     -0.53115638	      0.00000000
      1.26300000	    -70.84249878	    295.11591149	     -4.03709236	      0.30540270	      0.00000000	     -0.06601650	     25.89381633	     90.58862696	     -6.85383386	     -0.15801528	      0.00000000	     -0.11359980	      0.00000000	     -0.31148486	      0.00000000	      0.00000000	     -0.50657575	      0.00000000
      1.26400000	    -73.26807081	    298.34229534	     -4.93919697	      0.30690472	      0.00000000	     -0.06579987	     24.30456687	     86.69910074	     -6.73554011	     -0.15734805	      0.00000000	     -0.11345123	      0.00000000	     -0.32270647	      0.00000000	      0.00000000	     -0.48200874	      0.00000000
      1.26500000	    -75.49053949	    301.50435188	     -5.72032680	      0.30834669	      0.00000000	     -0.06561509	     22.81068925	     82.89900653	     -6.58801829	     -0.15669988	      0.00000000	     -0.11331220	      0.00000000	     -0.33462313	      0.00000000	      0.00000000	     -0.45761898	      0.00000000
      1.26600000	    -77.51254446	    304.60877141	     -6.37715280	      0.30972599	      0.00000000	     -0.06546207	     21.40631567	     79.18447385	     -6.41366537	     -0.15606669	      0.00000000	     -0.11317965	      0.00000000	     -0.34700529	      0.00000000	      0.00000000	     -0.43356654	      0.00000000
      1.26700000	    -79.34199289	    307.66430631	     -6.91034583	      0.31104129	      0.00000000	     -0.06533992	     20.08465271	     75.55247353	     -6.21506197	     -0.15544377	      0.00000000	     -0.11305017	      0.00000000	     -0.35960887	      0.00000000	      0.00000000	     -0.40999576	      0.00000000
      1.26800000	    -80.99116741	    310.68090688	     -7.32433571	      0.31229244	      0.00000000	     -0.06524709	     18.83843573	     72.00104492	     -5.99493132	     -0.15482662	      0.00000000	     -0.11292036	      0.00000000	     -0.37219235	      0.00000000	      0.00000000	     -0.38701764	      0.00000000
      1.26900000	    -82.47563580	    313.66876051	     -7.62682862	      0.31348018	      0.00000000	     -0.06518144	     17.66034119	     68.52940974	     -5.75613837	     -0.15421145	      0.00000000	     -0.11278747	      0.00000000	     -0.38453950	      0.00000000	      0.00000000	     -0.36471460	      0.00000000
      1.27000000	    -83.81296119	    316.63738882	     -7.82811798	      0.31460596	      0.00000000	     -0.06514046	     16.54336194	     65.13800043	     -5.50166010	     -0.15359541	      0.00000000	     -0.11264972	      0.00000000	     -0.39648144	      0.00000000	      0.00000000	     -0.34316408	      0.00000000
      1.27100000	    -85.02131329	    319.59491255	     -7.94026266	      0.31567177	      0.00000000	     -0.06512142	     15.48111606	     61.82838206	     -5.23451831	     -0.15297708	      0.00000000	     -0.11250641	      0.00000000	     -0.40791096	      0.00000000	      0.00000000	     -0.32245173	      0.00000000
      1.27200000	    -86.11815243	    322.54750538	     -7.97623700	      0.31667985	      0.00000000	     -0.06512146	     14.46801216	     58.60291814	     -4.95768093	     -0.15235663	      0.00000000	     -0.11235764	      0.00000000	     -0.41878805	      0.00000000	      0.00000000	     -0.30266264	      0.00000000
      1.27300000	    -87.11915355	    325.49902159	     -7.94914013	      0.31763263	      0.00000000	     -0.06513774	     13.49924538	     55.46413469	     -4.67392723	     -0.15173484	      0.00000000	     -0.11220415	      0.00000000	     -0.42914037	      0.00000000	      0.00000000	     -0.28386348	      0.00000000
      1.27400000	    -88.03746554	    328.45081036	     -7.87152311	      0.31853249	      0.00000000	     -0.06516752	     12.57070925	     52.41416214	     -4.38573753	     -0.15111214	      0.00000000	     -0.11204701	      0.00000000	     -0.43906052	      0.00000000	      0.00000000	     -0.26608389	      0.00000000
      1.27500000	    -88.88332573	    331.40176838	     -7.75488337	      0.31938166	      0.00000000	     -0.06520828	     11.67891890	     49.45446958	     -4.09525756	     -0.15048861	      0.00000000	     -0.11188734	      0.00000000	     -0.44869794	      0.00000000	      0.00000000	     -0.24930083	      0.00000000
      1.27600000	    -89.66400426	    334.34860900	     -7.60935801	      0.32018218	      0.00000000	     -0.06525772	     10.82098160	     46.58573425	     -3.80433553	     -0.14986390	      0.00000000	     -0.11172603	      0.00000000	     -0.45824430	      0.00000000	      0.00000000	     -0.23343943	      0.00000000
      1.27700000	    -90.38401555	    337.28624953	     -7.44360865	      0.32093577	      0.00000000	     -0.06531385	      9.99464590	     43.80776131	     -3.51460592	     -0.14923653	      0.00000000	     -0.11156323	      0.00000000	     -0.46791474	      0.00000000	      0.00000000	     -0.21839252	      0.00000000
      1.27800000	    -91.04551298	    340.20829904	     -7.26486405	      0.32164389	      0.00000000	     -0.06537490	      9.19839482	     41.11957976	     -3.22757084	     -0.14860361	      0.00000000	     -0.11139805	      0.00000000	     -0.47792538	      0.00000000	      0.00000000	     -0.20404521	      0.00000000
      1.27900000	    -91.64878579	    343.10763311	     -7.07908313	      0.32230770	      0.00000000	     -0.06543939	      0.00000000	      0.00000000	      0.00000000	      0.00000000	      0.00000000	      0.00000000	      0.00000000	     -0.48846889	      0.00000000	      0.00000000	      0.00000000	      0.00000000
      1.28000000	    -92.19278922	    345.97697228	     -6.89120072	      0.32292818	      0.00000000	     -0.06550599	      0.00000000	      0.00000000	      0.00000000	      0.00000000	      0.00000000	      0.00000000	      0.00000000	     -0.49969223	      0.00000000	      0.00000000	      0.00000000	      0.00000000
      1.28100000	    -92.67565199	    348.80939786	     -6.70540949	      0.32350621	      0.00000000	     -0.06557355	      0.00000000	      0.00000000	      0.00000000	      0.00000000	      0.00000000	      0.00000000	      0.00000000	     -0.51168078	      0.00000000	      0.00000000	      0.00000000	      0.00000000
      1.28200000	    -93.09512328	    351.59872241	     -6.52542728	      0.32404266	      0.00000000	     -0.06564106	      0.00000000	      0.00000000	      0.00000000	      0.00000000	      0.00000000	      0.00000000	      0.00000000	     -0.52445051	      0.00000000	      0.00000000	      0.00000000	      0.00000000
      1.28300000	    -93.44893864	    354.33967237	     -6.35471057	      0.32453843	      0.00000000	     -0.06570765	      0.00000000	      0.00000000	      0.00000000	      0.00000000	      0.00000000	      0.00000000	      0.00000000	     -0.53794790	      0.00000000	      0.00000000	      0.00000000	      0.00000000
      1.28400000	    -93.73509926	    357.02796171	     -6.19659649	      0.32499453	      0.00000000	     -0.06577257	      0.00000000	      0.00000000	      0.00000000	      0.00000000	      0.00000000	      0.00000000	      0.00000000	     -0.55205575	      0.00000000	      0.00000000	      0.00000000	      0.00000000
      1.28500000	    -93.95207161	    359.66031812	     -6.05436708	      0.32541205	      0.00000000	     -0.06583516	      0.00000000	      0.00000000	      0.00000000	      0.00000000	      0.00000000	      0.00000000	      0.00000000	     -0.56660323	      0.00000000	      0.00000000	      0.00000000	      0.00000000
      1.28600000	    -94.09892018	    362.23444938	     -5.93123174	      0.32579216	      0.00000000	     -0.06589486	      0.00000000	      0.00000000	      0.00000000	      0.00000000	      0.00000000	      0.00000000	      0.00000000	     -0.58138059	      0.00000000	      0.00000000	      0.00000000	      0.00000000
      1.28700000	    -94.17538184	    364.74892043	     -5.83023145	      0.32613612	      0.00000000	     -0.06595116	      0.00000000	      0.00000000	      0.00000000	      0.00000000	      0.00000000	      0.00000000	      0.00000000	     -0.59615811	      0.00000000	      0.00000000	      0.00000000	      0.00000000
      1.28800000	    -94.18188759	    367.20291706	     -5.75408925	      0.32644526	      0.00000000	     -0.06600363	      0.00000000	      0.00000000	      0.00000000	      0.00000000	      0.00000000	      0.00000000	      0.00000000	     -0.61070593	      0.00000000	      0.00000000	      0.00000000	      0.00000000
      1.28900000	    -94.11953672	    369.59591211	     -5.70504629	      0.32672092	      0.00000000	     -0.06605186	      0.00000000	      0.00000000	      0.00000000	      0.00000000	      0.00000000	      0.00000000	      0.00000000	     -0.62481163	      0.00000000	      0.00000000	      0.00000000	      0.00000000
      1.29000000	    -93.99002754	    371.92729789	     -5.68471248	      0.32696450	      0.00000000	     -0.06609552	      0.00000000	      0.00000000	      0.00000000	      0.00000000	      0.00000000	      0.00000000	      0.00000000	     -0.63829419	      0.00000000	      0.00000000	      0.00000000	      0.00000000
      1.29100000	    -93.79555641	    374.19607659	     -5.69394777	      0.32717746	      0.00000000	     -0.06613433	      0.00000000	      0.00000000	      0.00000000	      0.00000000	      0.00000000	      0.00000000	      0.00000000	     -0.65101288	      0.00000000	      0.00000000	      0.00000000	      0.00000000
      1.29200000	    -93.53870998	    376.40061968	     -5.73279026	      0.32736132	      0.00000000	     -0.06616805	      0.00000000	      0.00000000	      0.00000000	      0.00000000	      0.00000000	      0.00000000	      0.00000000	     -0.66287168	      0.00000000	      0.00000000	      0.00000000	      0.00000000
      1.29300000	    -93.22236974	    378.53841009	     -5.80044130	      0.32751771	      0.00000000	     -0.06619653	      0.00000000	      0.00000000	      0.00000000	      0.00000000	      0.00000000	      0.00000000	      0.00000000	     -0.67382216	      0.00000000	      0.00000000	      0.00000000	      0.00000000
      1.29400000	    -92.84962255	    380.60582059	     -5.89531036	      0.32764839	      0.00000000	     -0.06621970	      0.00000000	      0.00000000	      0.00000000	      0.00000000	      0.00000000	      0.00000000	      0.00000000	     -0.68386341	      0.00000000	      0.00000000	      0.00000000	      0.00000000
      1.29500000	    -92.42366906	    382.59809947	     -6.01512527	      0.32775516	      0.00000000	     -0.06623758	      0.00000000	      0.00000000	      0.00000000	      0.00000000	      0.00000000	      0.00000000	      0.00000000	     -0.69303659	      0.00000000	      0.00000000	      0.00000000	      0.00000000
      1.29600000	    -91.94773996	    384.50957475	     -6.15709995	      0.32783986	      0.00000000	     -0.06625026	      0.00000000	      0.00000000	      0.00000000	      0.00000000	      0.00000000	      0.00000000	      0.00000000	     -0.70141549	      0.00000000	      0.00000000	      0.00000000	      0.00000000
      1.29700000	    -91.42503220	    386.33398525	     -6.31812941	      0.32790433	      0.00000000	     -0.06625790	      0.00000000	      0.00000000	      0.00000000	      0.00000000	      0.00000000	      0.00000000	      0.00000000	     -0.70909497	      0.00000000	      0.00000000	      0.00000000	      0.00000000
      1.29800000	    -90.85867238	    388.06493134	     -6.49498479	      0.32795039	      0.00000000	     -0.06626070	      0.00000000	      0.00000000	      0.00000000	      0.00000000	      0.00000000	      0.00000000	      0.00000000	     -0.71617856	      0.00000000	      0.00000000	      0.00000000	      0.00000000
      1.29900000	    -90.25170524	    389.69643413	     -6.68449338	      0.32797986	      0.00000000	     -0.06625890	      0.00000000	      0.00000000	      0.00000000	      0.00000000	      0.00000000	      0.00000000	      0.00000000	     -0.72276749	      0.00000000	      0.00000000	      0.00000000	      0.00000000
      1.30000000	    -89.60709428	    391.22350016	     -6.88368644	      0.32799447	      0.00000000	     -0.06625273	      0.00000000	      0.00000000	      0.00000000	      0.00000000	      0.00000000	      0.00000000	      0.00000000	     -0.72895130	      0.00000000	      0.00000000	      0.00000000	      0.00000000
      1.30100000	    -88.92772372	    392.64257082	     -7.08989953	      0.32799585	      0.00000000	     -0.06624242	      0.00000000	      0.00000000	      0.00000000	      0.00000000	      0.00000000	      0.00000000	      0.00000000	     -0.73480023	      0.00000000	      0.00000000	      0.00000000	      0.00000000
      1.30200000	    -88.21639021	    393.95173471	     -7.30082697	      0.32798551	      0.00000000	     -0.06622818	      0.00000000	      0.00000000	      0.00000000	      0.00000000	      0.00000000	      0.00000000	      0.00000000	     -0.74036074	      0.00000000	      0.00000000	      0.00000000	      0.00000000
      1.30300000	    -87.47577315	    395.15065868	     -7.51454199	      0.32796485	      0.00000000	     -0.06621019	      0.00000000	      0.00000000	      0.00000000	      0.00000000	      0.00000000	      0.00000000	      0.00000000	     -0.74565471	      0.00000000	      0.00000000	      0.00000000	      0.00000000
      1.30400000	    -86.70838403	    396.24036917	     -7.72949006	      0.32793509	      0.00000000	     -0.06618866	      0.00000000	      0.00000000	      0.00000000	      0.00000000	      0.00000000	      0.00000000	      0.00000000	     -0.75068192	      0.00000000	      0.00000000	      0.00000000	      0.00000000
      1.30500000	    -85.91649827	    397.22301459	     -7.94446322	      0.32789725	      0.00000000	     -0.06616378	      0.00000000	      0.00000000	      0.00000000	      0.00000000	      0.00000000	      0.00000000	      0.00000000	     -0.75542465	      0.00000000	      0.00000000	      0.00000000	      0.00000000
      1.30600000	    -85.10207910	    398.10161411	     -8.15856571	      0.32785216	      0.00000000	     -0.06613572	      0.00000000	      0.00000000	      0.00000000	      0.00000000	      0.00000000	      0.00000000	      0.00000000	     -0.75985174	      0.00000000	      0.00000000	      0.00000000	      0.00000000
      1.30700000	    -84.26671660	    398.87979177	     -8.37117667	      0.32780054	      0.00000000	     -0.06610468	      0.00000000	      0.00000000	      0.00000000	      0.00000000	      0.00000000	      0.00000000	      0.00000000	     -0.76392153	      0.00000000	      0.00000000	      0.00000000	      0.00000000
      1.30800000	    -83.41159504	    399.56152397	     -8.58191027	      0.32774295	      0.00000000	     -0.06607082	      0.00000000	      0.00000000	      0.00000000	      0.00000000	      0.00000000	      0.00000000	      0.00000000	     -0.76758560	      0.00000000	      0.00000000	      0.00000000	      0.00000000
      1.30900000	    -82.53748998	    400.15094348	     -8.79057511	      0.32767987	      0.00000000	     -0.06603431	      0.00000000	      0.00000000	      0.00000000	      0.00000000	      0.00000000	      0.00000000	      0.00000000	     -0.77079374	      0.00000000	      0.00000000	      0.00000000	      0.00000000
      1.31000000	    -81.64480068	    400.65222120	     -8.99713729	      0.32761166	      0.00000000	     -0.06599528	      0.00000000	      0.00000000	      0.00000000	      0.00000000	      0.00000000	      0.00000000	      0.00000000	     -0.77349833	      0.00000000	      0.00000000	      0.00000000	      0.00000000
      1.31100000	    -80.73361318	    401.06947118	     -9.20168181	      0.32753863	      0.00000000	     -0.06595387	      0.00000000	      0.00000000	      0.00000000	      0.00000000	      0.00000000	      0.00000000	      0.00000000	     -0.77565696	      0.00000000	      0.00000000	      0.00000000	      0.00000000
      1.31200000	    -79.80378451	    401.40662798	     -9.40436276	      0.32746105	      0.00000000	     -0.06591019	      0.00000000	      0.00000000	      0.00000000	      0.00000000	      0.00000000	      0.00000000	      0.00000000	     -0.77723458	      0.00000000	      0.00000000	      0.00000000	      0.00000000
      1.31300000	    -78.85504264	    401.66731673	     -9.60534185	      0.32737916	      0.00000000	     -0.06586437	      0.00000000	      0.00000000	      0.00000000	      0.00000000	      0.00000000	      0.00000000	      0.00000000	     -0.77820619	      0.00000000	      0.00000000	      0.00000000	      0.00000000
      1.31400000	    -77.88708323	    401.85478083	     -9.80472306	      0.32729317	      0.00000000	     -0.06581653	      0.00000000	      0.00000000	      0.00000000	      0.00000000	      0.00000000	      0.00000000	      0.00000000	     -0.77855886	      0.00000000	      0.00000000	      0.00000000	      0.00000000
      1.31500000	    -76.89964434	    401.97188772	    -10.00249550	      0.32720329	      0.00000000	     -0.06576683	      0.00000000	      0.00000000	      0.00000000	      0.00000000	      0.00000000	      0.00000000	      0.00000000	     -0.77829169	      0.00000000	      0.00000000	      0.00000000	      0.00000000
      1.31600000	    -75.89255994	    402.02113414	    -10.19849286	      0.32710966	      0.00000000	     -0.06571544	      0.00000000	      0.00000000	      0.00000000	      0.00000000	      0.00000000	      0.00000000	      0.00000000	     -0.77741586	      0.00000000	      0.00000000	      0.00000000	      0.00000000
      1.31700000	    -74.86580042	    402.00462987	    -10.39236735	      0.32701245	      0.00000000	     -0.06566256	      0.00000000	      0.00000000	      0.00000000	      0.00000000	      0.00000000	      0.00000000	      0.00000000	     -0.77595477	      0.00000000	      0.00000000	      0.00000000	      0.00000000
      1.31800000	    -73.81949785	    401.92413307	    -10.58357076	      0.32691177	      0.00000000	     -0.06560842	      0.00000000	      0.00000000	      0.00000000	      0.00000000	      0.00000000	      0.00000000	      0.00000000	     -0.77394229	      0.00000000	      0.00000000	      0.00000000	      0.00000000
      1.31900000	    -72.75395143	    401.78113184	    -10.77134028	      0.32680774	      0.00000000	     -0.06555329	      0.00000000	      0.00000000	      0.00000000	      0.00000000	      0.00000000	      0.00000000	      0.00000000	     -0.77141888	      0.00000000	      0.00000000	      0.00000000	      0.00000000
      1.32000000	    -71.66962391	    401.57690756	    -10.95469396	      0.32670045	      0.00000000	     -0.06549739	      0.00000000	      0.00000000	      0.00000000	      0.00000000	      0.00000000	      0.00000000	      0.00000000	     -0.76842779	      0.00000000	      0.00000000	      0.00000000	      0.00000000
      1.32100000	    -70.56714385	    401.31257037	    -11.13244583	      0.32659001	      0.00000000	     -0.06544098	      0.00000000	      0.00000000	      0.00000000	      0.00000000	      0.00000000	      0.00000000	      0.00000000	     -0.76501252	      0.00000000	      0.00000000	      0.00000000	      0.00000000
      1.32200000	    -69.44731762	    400.98905376	    -11.30324190	      0.32647656	      0.00000000	     -0.06538425	      0.00000000	      0.00000000	      0.00000000	      0.00000000	      0.00000000	      0.00000000	      0.00000000	     -0.76121547	      0.00000000	      0.00000000	      0.00000000	      0.00000000
      1.32300000	    -68.31114771	    400.60701534	    -11.46561109	      0.32636029	      0.00000000	     -0.06532741	      0.00000000	      0.00000000	      0.00000000	      0.00000000	      0.00000000	      0.00000000	      0.00000000	     -0.75707905	      0.00000000	      0.00000000	      0.00000000	      0.00000000
      1.32400000	    -67.15984941	    400.16667161	    -11.61802970	      0.32624150	      0.00000000	     -0.06527068	      0.00000000	      0.00000000	      0.00000000	      0.00000000	      0.00000000	      0.00000000	      0.00000000	     -0.75264857	      0.00000000	      0.00000000	      0.00000000	      0.00000000
      1.32500000	    -65.99485784	    399.66769983	    -11.75899895	      0.32612057	      0.00000000	     -0.06521431	      0.00000000	      0.00000000	      0.00000000	      0.00000000	      0.00000000	      0.00000000	      0.00000000	     -0.74797311	      0.00000000	      0.00000000	      0.00000000	      0.00000000
      1.32600000	    -64.81782270	    399.10927450	    -11.88712592	      0.32599802	      0.00000000	     -0.06515856	      0.00000000	      0.00000000	      0.00000000	      0.00000000	      0.00000000	      0.00000000	      0.00000000	     -0.74310328	      0.00000000	      0.00000000	      0.00000000	      0.00000000
      1.32700000	    -63.63059453	    398.49018745	    -12.00119756	      0.32587439	      0.00000000	     -0.06510367	      0.00000000	      0.00000000	      0.00000000	      0.00000000	      0.00000000	      0.00000000	      0.00000000	     -0.73808798	      0.00000000	      0.00000000	      0.00000000	      0.00000000
      1.32800000	    -62.43520377	    397.80900427	    -12.10024254	      0.32575025	      0.00000000	     -0.06504985	      0.00000000	      0.00000000	      0.00000000	      0.00000000	      0.00000000	      0.00000000	      0.00000000	     -0.73297197	      0.00000000	      0.00000000	      0.00000000	      0.00000000
      1.32900000	    -61.23382519	    397.06423949	    -12.18358065	      0.32562624	      0.00000000	     -0.06499725	      0.00000000	      0.00000000	      0.00000000	      0.00000000	      0.00000000	      0.00000000	      0.00000000	     -0.72779439	      0.00000000	      0.00000000	      0.00000000	      0.00000000
      1.33000000	    -60.02872420	    396.25450213	    -12.25086033	      0.32550299	      0.00000000	     -0.06494591	      0.00000000	      0.00000000	      0.00000000	      0.00000000	      0.00000000	      0.00000000	      0.00000000	     -0.72258750	      0.00000000	      0.00000000	      0.00000000	      0.00000000
      1.33100000	    -58.82219782	    395.37858371	    -12.30208295	      0.32538115	      0.00000000	     -0.06489584	      0.00000000	      0.00000000	      0.00000000	      0.00000000	      0.00000000	      0.00000000	      0.00000000	     -0.71737566	      0.00000000	      0.00000000	      0.00000000	      0.00000000
      1.33200000	    -57.61652314	    394.43549420	    -12.33760636	      0.32526137	      0.00000000	     -0.06484696	      0.00000000	      0.00000000	      0.00000000	      0.00000000	      0.00000000	      0.00000000	      0.00000000	     -0.71217475	      0.00000000	      0.00000000	      0.00000000	      0.00000000
      1.33300000	    -56.41391421	    393.42442566	    -12.35812363	      0.32514423	      0.00000000	     -0.06479913	      0.00000000	      0.00000000	      0.00000000	      0.00000000	      0.00000000	      0.00000000	      0.00000000	     -0.70699282	      0.00000000	      0.00000000	      0.00000000	      0.00000000
      1.33400000	    -55.21648681	    392.34468606	    -12.36462741	      0.32503035	      0.00000000	     -0.06475215	      0.00000000	      0.00000000	      0.00000000	      0.00000000	      0.00000000	      0.00000000	      0.00000000	     -0.70183213	      0.00000000	      0.00000000	      0.00000000	      0.00000000
      1.33500000	    -54.02623088	    391.19569233	    -12.35837317	      0.32492034	      0.00000000	     -0.06470579	      0.00000000	      0.00000000	      0.00000000	      0.00000000	      0.00000000	      0.00000000	      0.00000000	     -0.69669062	      0.00000000	      0.00000000	      0.00000000	      0.00000000
      1.33600000	    -52.84498735	    389.97701862	    -12.34083996	      0.32481478	      0.00000000	     -0.06465979	      0.00000000	      0.00000000	      0.00000000	      0.00000000	      0.00000000	      0.00000000	      0.00000000	     -0.69156177	      0.00000000	      0.00000000	      0.00000000	      0.00000000
      1.33700000	    -51.67442874	    388.68843243	    -12.31368560	      0.32471419	      0.00000000	     -0.06461384	      0.00000000	      0.00000000	      0.00000000	      0.00000000	      0.00000000	      0.00000000	      0.00000000	     -0.68643404	      0.00000000	      0.00000000	      0.00000000	      0.00000000
      1.33800000	    -50.51604789	    387.32986811	    -12.27869966	      0.32461903	      0.00000000	     -0.06456764	      0.00000000	      0.00000000	      0.00000000	      0.00000000	      0.00000000	      0.00000000	      0.00000000	     -0.68129188	      0.00000000	      0.00000000	      0.00000000	      0.00000000
      1.33900000	    -49.37115585	    385.90136772	    -12.23775521	      0.32452963	      0.00000000	     -0.06452084	      0.00000000	      0.00000000	      0.00000000	      0.00000000	      0.00000000	      0.00000000	      0.00000000	     -0.67611765	      0.00000000	      0.00000000	      0.00000000	      0.00000000
      1.34000000	    -48.24088835	    384.40309586	    -12.19275963	      0.32444626	      0.00000000	     -0.06447312	      0.00000000	      0.00000000	      0.00000000	      0.00000000	      0.00000000	      0.00000000	      0.00000000	     -0.67089296	      0.00000000	      0.00000000	      0.00000000	      0.00000000
      1.34100000	    -47.12622097	    382.83541333	    -12.14560911	      0.32436914	      0.00000000	     -0.06442414	      0.00000000	      0.00000000	      0.00000000	      0.00000000	      0.00000000	      0.00000000	      0.00000000	     -0.66559917	      0.00000000	      0.00000000	      0.00000000	      0.00000000
      1.34200000	    -46.02799023	    381.19887922	    -12.09814937	      0.32429846	      0.00000000	     -0.06437358	      0.00000000	      0.00000000	      0.00000000	      0.00000000	      0.00000000	      0.00000000	      0.00000000	     -0.66021863	      0.00000000	      0.00000000	      0.00000000	      0.00000000
      1.34300000	    -44.94691697	    379.49417201	    -12.05214042	      0.32423443	      0.00000000	     -0.06432114	      0.00000000	      0.00000000	      0.00000000	      0.00000000	      0.00000000	      0.00000000	      0.00000000	     -0.65473697	      0.00000000	      0.00000000	      0.00000000	      0.00000000
      1.34400000	    -43.88363008	    377.72198945	    -12.00922556	      0.32417730	      0.00000000	     -0.06426651	      0.00000000	      0.00000000	      0.00000000	      0.00000000	      0.00000000	      0.00000000	      0.00000000	     -0.64914476	      0.00000000	      0.00000000	      0.00000000	      0.00000000
      1.34500000	    -42.83868565	    375.88296139	    -11.97091058	      0.32412729	      0.00000000	     -0.06420946	      0.00000000	      0.00000000	      0.00000000	      0.00000000	      0.00000000	      0.00000000	      0.00000000	     -0.64343783	      0.00000000	      0.00000000	      0.00000000	      0.00000000
      1.34600000	    -41.81257927	    373.97763649	    -11.93855377	      0.32408470	      0.00000000	     -0.06414981	      0.00000000	      0.00000000	      0.00000000	      0.00000000	      0.00000000	      0.00000000	      0.00000000	     -0.63761684	      0.00000000	      0.00000000	      0.00000000	      0.00000000
      1.34700000	    -40.80575498	    372.00656657	    -11.91336189	      0.32404982	      0.00000000	     -0.06408741	      0.00000000	      0.00000000	      0.00000000	      0.00000000	      0.00000000	      0.00000000	      0.00000000	     -0.63168674	      0.00000000	      0.00000000	      0.00000000	      0.00000000
      1.34800000	    -39.81861391	    369.97043566	    -11.89639052	      0.32402299	      0.00000000	     -0.06402210	      0.00000000	      0.00000000	      0.00000000	      0.00000000	      0.00000000	      0.00000000	      0.00000000	     -0.62565650	      0.00000000	      0.00000000	      0.00000000	      0.00000000
      1.34900000	    -38.85152110	    367.87016446	    -11.88854890	      0.32400459	      0.00000000	     -0.06395373	      0.00000000	      0.00000000	      0.00000000	      0.00000000	      0.00000000	      0.00000000	      0.00000000	     -0.61953892	      0.00000000	      0.00000000	      0.00000000	      0.00000000
      1.35000000	    -37.90480455	    365.70696274	    -11.89060571	      0.32399502	      0.00000000	     -0.06388212	      0.00000000	      0.00000000	      0.00000000	      0.00000000	      0.00000000	      0.00000000	      0.00000000	     -0.61335010	      0.00000000	      0.00000000	      0.00000000	      0.00000000
      1.35100000	    -36.97875215	    363.48233957	    -11.90319941	      0.32399468	      0.00000000	     -0.06380707	      0.00000000	      0.00000000	      0.00000000	      0.00000000	      0.00000000	      0.00000000	      0.00000000	     -0.60710846	      0.00000000	      0.00000000	      0.00000000	      0.00000000
      1.35200000	    -36.07362113	    361.19805727	    -11.92685620	      0.32400400	      0.00000000	     -0.06372835	      0.00000000	      0.00000000	      0.00000000	      0.00000000	      0.00000000	      0.00000000	      0.00000000	     -0.60083455	      0.00000000	      0.00000000	      0.00000000	      0.00000000
      1.35300000	    -35.18965452	    358.85601895	    -11.96200228	      0.32402345	      0.00000000	     -0.06364571	      0.00000000	      0.00000000	      0.00000000	      0.00000000	      0.00000000	      0.00000000	      0.00000000	     -0.59455140	      0.00000000	      0.00000000	      0.00000000	      0.00000000
      1.35400000	    -34.32708978	    356.45814291	    -12.00896345	      0.32405349	      0.00000000	     -0.06355892	      0.00000000	      0.00000000	      0.00000000	      0.00000000	      0.00000000	      0.00000000	      0.00000000	     -0.58828545	      0.00000000	      0.00000000	      0.00000000	      0.00000000
      1.35500000	    -33.48615867	    354.00630189	    -12.06796101	      0.32409461	      0.00000000	     -0.06346781	      0.00000000	      0.00000000	      0.00000000	      0.00000000	      0.00000000	      0.00000000	      0.00000000	     -0.58206805	      0.00000000	      0.00000000	      0.00000000	      0.00000000
      1.35600000	    -32.66707868	    351.50236236	    -12.13910895	      0.32414734	      0.00000000	     -0.06337225	      0.00000000	      0.00000000	      0.00000000	      0.00000000	      0.00000000	      0.00000000	      0.00000000	     -0.57593588	      0.00000000	      0.00000000	      0.00000000	      0.00000000
      1.35700000	    -31.87003748	    348.94829248	    -12.22241367	      0.32421228	      0.00000000	     -0.06327215	      0.00000000	      0.00000000	      0.00000000	      0.00000000	      0.00000000	      0.00000000	      0.00000000	     -0.56992858	      0.00000000	      0.00000000	      0.00000000	      0.00000000
      1.35800000	    -31.09518121	    346.34627170	    -12.31778240	      0.32429008	      0.00000000	     -0.06316744	      0.00000000	      0.00000000	      0.00000000	      0.00000000	      0.00000000	      0.00000000	      0.00000000	     -0.56408619	      0.00000000	      0.00000000	      0.00000000	      0.00000000
      1.35900000	    -30.34260663	    343.69876318	    -12.42503757	      0.32438137	      0.00000000	     -0.06305810	      0.00000000	      0.00000000	      0.00000000	      0.00000000	      0.00000000	      0.00000000	      0.00000000	     -0.55844776	      0.00000000	      0.00000000	      0.00000000	      0.00000000
      1.36000000	    -29.61234898	    341.00856428	    -12.54392620	      0.32448678	      0.00000000	     -0.06294410	      0.00000000	      0.00000000	      0.00000000	      0.00000000	      0.00000000	      0.00000000	      0.00000000	     -0.55305020	      0.00000000	      0.00000000	      0.00000000	      0.00000000
      1.36100000	    -28.90436910	    338.27883960	    -12.67412402	      0.32460687	      0.00000000	     -0.06282541	      0.00000000	      0.00000000	      0.00000000	      0.00000000	      0.00000000	      0.00000000	      0.00000000	     -0.54792712	      0.00000000	      0.00000000	      0.00000000	      0.00000000
      1.36200000	    -28.21854266	    335.51311381	    -12.81523790	      0.32474210	      0.00000000	     -0.06270203	      0.00000000	      0.00000000	      0.00000000	      0.00000000	      0.00000000	      0.00000000	      0.00000000	     -0.54310905	      0.00000000	      0.00000000	      0.00000000	      0.00000000
      1.36300000	    -27.55464968	    332.71521483	    -12.96680531	      0.32489290	      0.00000000	     -0.06257396	      0.00000000	      0.00000000	      0.00000000	      0.00000000	      0.00000000	      0.00000000	      0.00000000	     -0.53862419	      0.00000000	      0.00000000	      0.00000000	      0.00000000
      1.36400000	    -26.91236535	    329.88918340	    -13.12829132	      0.32505966	      0.00000000	     -0.06244125	      0.00000000	      0.00000000	      0.00000000	      0.00000000	      0.00000000	      0.00000000	      0.00000000	     -0.53449875	      0.00000000	      0.00000000	      0.00000000	      0.00000000
      1.36500000	    -26.29125046	    327.03919751	    -13.29909111	      0.32524274	      0.00000000	     -0.06230397	      0.00000000	      0.00000000	      0.00000000	      0.00000000	      0.00000000	      0.00000000	      0.00000000	     -0.53075668	      0.00000000	      0.00000000	      0.00000000	      0.00000000
      1.36600000	    -25.69074203	    324.16957092	    -13.47854328	      0.32544243	      0.00000000	     -0.06216225	      0.00000000	      0.00000000	      0.00000000	      0.00000000	      0.00000000	      0.00000000	      0.00000000	     -0.52741847	      0.00000000	      0.00000000	      0.00000000	      0.00000000
      1.36700000	    -25.11015358	    321.28482462	    -13.66594634	      0.32565893	      0.00000000	     -0.06201620	      0.00000000	      0.00000000	      0.00000000	      0.00000000	      0.00000000	      0.00000000	      0.00000000	     -0.52449909	      0.00000000	      0.00000000	      0.00000000	      0.00000000
      1.36800000	    -24.54869323	    318.38973117	    -13.86057217	      0.32589231	      0.00000000	     -0.06186593	      0.00000000	      0.00000000	      0.00000000	      0.00000000	      0.00000000	      0.00000000	      0.00000000	     -0.52200697	      0.00000000	      0.00000000	      0.00000000	      0.00000000
      1.36900000	    -24.00549810	    315.48926619	    -14.06168059	      0.32614249	      0.00000000	     -0.06171157	      0.00000000	      0.00000000	      0.00000000	      0.00000000	      0.00000000	      0.00000000	      0.00000000	     -0.51994421	      0.00000000	      0.00000000	      0.00000000	      0.00000000
      1.37000000	    -23.47966831	    312.58854055	    -14.26853670	      0.32640929	      0.00000000	     -0.06155322	      0.00000000	      0.00000000	      0.00000000	      0.00000000	      0.00000000	      0.00000000	      0.00000000	     -0.51830715	      0.00000000	      0.00000000	      0.00000000	      0.00000000
      1.37100000	    -22.97028622	    309.69277772	    -14.48042597	      0.32669245	      0.00000000	     -0.06139102	      0.00000000	      0.00000000	      0.00000000	      0.00000000	      0.00000000	      0.00000000	      0.00000000	     -0.51708665	      0.00000000	      0.00000000	      0.00000000	      0.00000000
      1.37200000	    -22.47642949	    306.80728237	    -14.69666564	      0.32699163	      0.00000000	     -0.06122508	      0.00000000	      0.00000000	      0.00000000	      0.00000000	      0.00000000	      0.00000000	      0.00000000	     -0.51626888	      0.00000000	      0.00000000	      0.00000000	      0.00000000
      1.37300000	    -21.99718664	    303.93734578	    -14.91661106	      0.32730645	      0.00000000	     -0.06105553	      0.00000000	      0.00000000	      0.00000000	      0.00000000	      0.00000000	      0.00000000	      0.00000000	     -0.51583664	      0.00000000	      0.00000000	      0.00000000	      0.00000000
      1.37400000	    -21.53167055	    301.08813323	    -15.13965644	      0.32763656	      0.00000000	     -0.06088248	      0.00000000	      0.00000000	      0.00000000	      0.00000000	      0.00000000	      0.00000000	      0.00000000	     -0.51577040	      0.00000000	      0.00000000	      0.00000000	      0.00000000
      1.37500000	    -21.07903320	    298.26460528	    -15.36523577	      0.32798172	      0.00000000	     -0.06070601	      0.00000000	      0.00000000	      0.00000000	      0.00000000	      0.00000000	      0.00000000	      0.00000000	     -0.51604935	      0.00000000	      0.00000000	      0.00000000	      0.00000000
      1.37600000	    -20.63848511	    295.47146866	    -15.59282806	      0.32834174	      0.00000000	     -0.06052621	      0.00000000	      0.00000000	      0.00000000	      0.00000000	      0.00000000	      0.00000000	      0.00000000	     -0.51665273	      0.00000000	      0.00000000	      0.00000000	      0.00000000
      1.37700000	    -20.20931025	    292.71315657	    -15.82196263	      0.32871649	      0.00000000	     -0.06034316	      0.00000000	      0.00000000	      0.00000000	      0.00000000	      0.00000000	      0.00000000	      0.00000000	     -0.51756062	      0.00000000	      0.00000000	      0.00000000	      0.00000000
      1.37800000	    -19.79087166	    289.99383563	    -16.05222010	      0.32910579	      0.00000000	     -0.06015697	      0.00000000	      0.00000000	      0.00000000	      0.00000000	      0.00000000	      0.00000000	      0.00000000	     -0.51875318	      0.00000000	      0.00000000	      0.00000000	      0.00000000
      1.37900000	    -19.38261535	    287.31738721	    -16.28323177	      0.32950939	      0.00000000	     -0.05996775	      0.00000000	      0.00000000	      0.00000000	      0.00000000	      0.00000000	      0.00000000	      0.00000000	     -0.52020977	      0.00000000	      0.00000000	      0.00000000	      0.00000000
      1.38000000	    -18.98407494	    284.68734280	    -16.51467768	      0.32992707	      0.00000000	     -0.05977558	      0.00000000	      0.00000000	      0.00000000	      0.00000000	      0.00000000	      0.00000000	      0.00000000	     -0.52190951	      0.00000000	      0.00000000	      0.00000000	      0.00000000
      1.38100000	    -18.59487327	    282.10682935	    -16.74627996	      0.33035856	      0.00000000	     -0.05958054	      0.00000000	      0.00000000	      0.00000000	      0.00000000	      0.00000000	      0.00000000	      0.00000000	     -0.52383234	      0.00000000	      0.00000000	      0.00000000	      0.00000000
      1.38200000	    -18.21472222	    279.57851365	    -16.97779068	      0.33080359	      0.00000000	     -0.05938273	      0.00000000	      0.00000000	      0.00000000	      0.00000000	      0.00000000	      0.00000000	      0.00000000	     -0.52596026	      0.00000000	      0.00000000	      0.00000000	      0.00000000
      1.38300000	    -17.84342719	    277.10448219	    -17.20897232	      0.33126188	      0.00000000	     -0.05918225	      0.00000000	      0.00000000	      0.00000000	      0.00000000	      0.00000000	      0.00000000	      0.00000000	     -0.52827936	      0.00000000	      0.00000000	      0.00000000	      0.00000000
      1.38400000	    -17.48089731	    274.68613309	    -17.43956953	      0.33173320	      0.00000000	     -0.05897924	      0.00000000	      0.00000000	      0.00000000	      0.00000000	      0.00000000	      0.00000000	      0.00000000	     -0.53078096	      0.00000000	      0.00000000	      0.00000000	      0.00000000
      1.38500000	    -17.12715333	    272.32419575	    -17.66928394	      0.33221731	      0.00000000	     -0.05877392	      0.00000000	      0.00000000	      0.00000000	      0.00000000	      0.00000000	      0.00000000	      0.00000000	     -0.53346020	      0.00000000	      0.00000000	      0.00000000	      0.00000000
      1.38600000	    -16.78232802	    270.01883529	    -17.89776386	      0.33271393	      0.00000000	     -0.05856655	      0.00000000	      0.00000000	      0.00000000	      0.00000000	      0.00000000	      0.00000000	      0.00000000	     -0.53631367	      0.00000000	      0.00000000	      0.00000000	      0.00000000
      1.38700000	    -16.44665947	    267.76975749	    -18.12460114	      0.33322272	      0.00000000	     -0.05835750	      0.00000000	      0.00000000	      0.00000000	      0.00000000	      0.00000000	      0.00000000	      0.00000000	     -0.53933844	      0.00000000	      0.00000000	      0.00000000	      0.00000000
      1.38800000	    -16.12047420	    265.57632452	    -18.34932094	      0.33374327	      0.00000000	     -0.05814720	      0.00000000	      0.00000000	      0.00000000	      0.00000000	      0.00000000	      0.00000000	      0.00000000	     -0.54253153	      0.00000000	      0.00000000	      0.00000000	      0.00000000
      1.38900000	    -15.80415555	    263.43769198	    -18.57136521	      0.33427513	      0.00000000	     -0.05793601	      0.00000000	      0.00000000	      0.00000000	      0.00000000	      0.00000000	      0.00000000	      0.00000000	     -0.54588869	      0.00000000	      0.00000000	      0.00000000	      0.00000000
      1.39000000	    -15.49809332	    261.35293491	    -18.79007528	      0.33481782	      0.00000000	     -0.05772427	      0.00000000	      0.00000000	      0.00000000	      0.00000000	      0.00000000	      0.00000000	      0.00000000	     -0.54940370	      0.00000000	      0.00000000	      0.00000000	      0.00000000
      1.39100000	    -15.20262146	    259.32114786	    -19.00467850	      0.33537089	      0.00000000	     -0.05751226	      0.00000000	      0.00000000	      0.00000000	      0.00000000	      0.00000000	      0.00000000	      0.00000000	     -0.55306794	      0.00000000	      0.00000000	      0.00000000	      0.00000000
      1.39200000	    -14.91796891	    257.34149147	    -19.21428566	      0.33593390	      0.00000000	     -0.05730025	      0.00000000	      0.00000000	      0.00000000	      0.00000000	      0.00000000	      0.00000000	      0.00000000	     -0.55687020	      0.00000000	      0.00000000	      0.00000000	      0.00000000
      1.39300000	    -14.64423930	    255.41316167	    -19.41789797	      0.33650641	      0.00000000	     -0.05708851	      0.00000000	      0.00000000	      0.00000000	      0.00000000	      0.00000000	      0.00000000	      0.00000000	     -0.56079630	      0.00000000	      0.00000000	      0.00000000	      0.00000000
      1.39400000	    -14.38140977	    253.53535442	    -19.61441624	      0.33708799	      0.00000000	     -0.05687739	      0.00000000	      0.00000000	      0.00000000	      0.00000000	      0.00000000	      0.00000000	      0.00000000	     -0.56482780	      0.00000000	      0.00000000	      0.00000000	      0.00000000
      1.39500000	    -14.12933543	    251.70730417	    -19.80265282	      0.33767814	      0.00000000	     -0.05666733	      0.00000000	      0.00000000	      0.00000000	      0.00000000	      0.00000000	      0.00000000	      0.00000000	     -0.56894032	      0.00000000	      0.00000000	      0.00000000	      0.00000000
      1.39600000	    -13.88775759	    249.92837857	    -19.98135350	      0.33827626	      0.00000000	     -0.05645881	      0.00000000	      0.00000000	      0.00000000	      0.00000000	      0.00000000	      0.00000000	      0.00000000	     -0.57310239	      0.00000000	      0.00000000	      0.00000000	      0.00000000
      1.39700000	    -13.65631755	    248.19817154	    -20.14922919	      0.33888174	      0.00000000	     -0.05625232	      0.00000000	      0.00000000	      0.00000000	      0.00000000	      0.00000000	      0.00000000	      0.00000000	     -0.57727509	      0.00000000	      0.00000000	      0.00000000	      0.00000000
      1.39800000	    -13.43457322	    246.51654391	    -20.30498801	      0.33949397	      0.00000000	     -0.05604836	      0.00000000	      0.00000000	      0.00000000	      0.00000000	      0.00000000	      0.00000000	      0.00000000	     -0.58141158	      0.00000000	      0.00000000	      0.00000000	      0.00000000
      1.39900000	    -13.22201811	    244.88362690	    -20.44736490	      0.34011235	      0.00000000	     -0.05584738	      0.00000000	      0.00000000	      0.00000000	      0.00000000	      0.00000000	      0.00000000	      0.00000000	     -0.58545650	      0.00000000	      0.00000000	      0.00000000	      0.00000000
      1.40000000	    -13.01810494	    243.29985604	    -20.57515106	      0.34073623	      0.00000000	     -0.05564983	      0.00000000	      0.00000000	      0.00000000	      0.00000000	      0.00000000	      0.00000000	      0.00000000	     -0.58934480	      0.00000000	      0.00000000	      0.00000000	      0.00000000
      1.40100000	    -12.82226645	    241.76601740	    -20.68721775	      0.34136486	      0.00000000	     -0.05545614	      0.00000000	      0.00000000	      0.00000000	      0.00000000	      0.00000000	      0.00000000	      0.00000000	     -0.59300102	      0.00000000	      0.00000000	      0.00000000	      0.00000000
      1.40200000	    -12.63392818	    240.28321592	    -20.78253184	      0.34199737	      0.00000000	     -0.05526670	      0.00000000	      0.00000000	      0.00000000	      0.00000000	      0.00000000	      0.00000000	      0.00000000	     -0.59634126	      0.00000000	      0.00000000	      0.00000000	      0.00000000
      1.40300000	    -12.45251949	    238.85274434	    -20.86017096	      0.34263282	      0.00000000	     -0.05508192	      0.00000000	      0.00000000	      0.00000000	      0.00000000	      0.00000000	      0.00000000	      0.00000000	     -0.59927748	      0.00000000	      0.00000000	      0.00000000	      0.00000000
      1.40400000	    -12.27748170	    237.47590911	    -20.91933948	      0.34327024	      0.00000000	     -0.05490222	      0.00000000	      0.00000000	      0.00000000	      0.00000000	      0.00000000	      0.00000000	      0.00000000	     -0.60172106	      0.00000000	      0.00000000	      0.00000000	      0.00000000
      1.40500000	    -12.10826379	    236.15387699	    -20.95937897	      0.34390865	      0.00000000	     -0.05472802	      0.00000000	      0.00000000	      0.00000000	      0.00000000	      0.00000000	      0.00000000	      0.00000000	     -0.60358368	      0.00000000	      0.00000000	      0.00000000	      0.00000000
      1.40600000	    -11.94430799	    234.88759568	    -20.97977315	      0.34454714	      0.00000000	     -0.05455968	      0.00000000	      0.00000000	      0.00000000	      0.00000000	      0.00000000	      0.00000000	      0.00000000	     -0.60477820	      0.00000000	      0.00000000	      0.00000000	      0.00000000
      1.40700000	    -11.78503287	    233.67780710	    -20.98015183	      0.34518483	      0.00000000	     -0.05439757	      0.00000000	      0.00000000	      0.00000000	      0.00000000	      0.00000000	      0.00000000	      0.00000000	     -0.60522168	      0.00000000	      0.00000000	      0.00000000	      0.00000000
      1.40800000	    -11.62981399	    232.52510801	    -20.96029593	      0.34582092	      0.00000000	     -0.05424200	      0.00000000	      0.00000000	      0.00000000	      0.00000000	      0.00000000	      0.00000000	      0.00000000	     -0.60483827	      0.00000000	      0.00000000	      0.00000000	      0.00000000
      1.40900000	    -11.47796534	    231.42999123	    -20.92014419	      0.34645471	      0.00000000	     -0.05409324	      0.00000000	      0.00000000	      0.00000000	      0.00000000	      0.00000000	      0.00000000	      0.00000000	     -0.60356007	      0.00000000	      0.00000000	      0.00000000	      0.00000000
      1.41000000	    -11.32872770	    230.39285991	    -20.85979778	      0.34708548	      0.00000000	     -0.05395151	      0.00000000	      0.00000000	      0.00000000	      0.00000000	      0.00000000	      0.00000000	      0.00000000	     -0.60132753	      0.00000000	      0.00000000	      0.00000000	      0.00000000
      1.41100000	    -11.18126348	    229.41404118	    -20.77951734	      0.34771252	      0.00000000	     -0.05381697	      0.00000000	      0.00000000	      0.00000000	      0.00000000	      0.00000000	      0.00000000	      0.00000000	     -0.59809032	      0.00000000	      0.00000000	      0.00000000	      0.00000000
      1.41200000	    -11.03465788	    228.49376332	    -20.67971331	      0.34833508	      0.00000000	     -0.05368971	      0.00000000	      0.00000000	      0.00000000	      0.00000000	      0.00000000	      0.00000000	      0.00000000	     -0.59380775	      0.00000000	      0.00000000	      0.00000000	      0.00000000
      1.41300000	    -10.88793102	    227.63205091	    -20.56093414	      0.34895238	      0.00000000	     -0.05356973	      0.00000000	      0.00000000	      0.00000000	      0.00000000	      0.00000000	      0.00000000	      0.00000000	     -0.58844884	      0.00000000	      0.00000000	      0.00000000	      0.00000000
      1.41400000	    -10.74005979	    226.82859660	    -20.42385335	      0.34956366	      0.00000000	     -0.05345697	      0.00000000	      0.00000000	      0.00000000	      0.00000000	      0.00000000	      0.00000000	      0.00000000	     -0.58199371	      0.00000000	      0.00000000	      0.00000000	      0.00000000
      1.41500000	    -10.58999927	    226.08269944	    -20.26924936	      0.35016825	      0.00000000	     -0.05335131	      0.00000000	      0.00000000	      0.00000000	      0.00000000	      0.00000000	      0.00000000	      0.00000000	     -0.57443544	      0.00000000	      0.00000000	      0.00000000	      0.00000000
      1.41600000	    -10.43669997	    225.39327731	    -20.09797991	      0.35076560	      0.00000000	     -0.05325262	      0.00000000	      0.00000000	      0.00000000	      0.00000000	      0.00000000	      0.00000000	      0.00000000	     -0.56577967	      0.00000000	      0.00000000	      0.00000000	      0.00000000
      1.41700000	    -10.27912649	    224.75892414	    -19.91096150	      0.35135523	      0.00000000	     -0.05316079	      0.00000000	      0.00000000	      0.00000000	      0.00000000	      0.00000000	      0.00000000	      0.00000000	     -0.55604256	      0.00000000	      0.00000000	      0.00000000	      0.00000000
      1.41800000	    -10.11627714	    224.17800785	    -19.70915403	      0.35193674	      0.00000000	     -0.05307568	      0.00000000	      0.00000000	      0.00000000	      0.00000000	      0.00000000	      0.00000000	      0.00000000	     -0.54524915	      0.00000000	      0.00000000	      0.00000000	      0.00000000
      1.41900000	     -9.94720053	    223.64877548	    -19.49354738	      0.35250981	      0.00000000	     -0.05299717	      0.00000000	      0.00000000	      0.00000000	      0.00000000	      0.00000000	      0.00000000	      0.00000000	     -0.53343218	      0.00000000	      0.00000000	      0.00000000	      0.00000000
      1.42000000	     -9.77101425	    223.16940635	    -19.26515074	      0.35307410	      0.00000000	     -0.05292508	      0.00000000	      0.00000000	      0.00000000	      0.00000000	      0.00000000	      0.00000000	      0.00000000	     -0.52063062	      0.00000000	      0.00000000	      0.00000000	      0.00000000
      1.42100000	     -9.58692553	    222.73801144	    -19.02497998	      0.35362936	      0.00000000	     -0.05285917	      0.00000000	      0.00000000	      0.00000000	      0.00000000	      0.00000000	      0.00000000	      0.00000000	     -0.50688832	      0.00000000	      0.00000000	      0.00000000	      0.00000000
      1.42200000	     -9.39424704	    222.35261153	    -18.77404049	      0.35417536	      0.00000000	     -0.05279917	      0.00000000	      0.00000000	      0.00000000	      0.00000000	      0.00000000	      0.00000000	      0.00000000	     -0.49225355	      0.00000000	      0.00000000	      0.00000000	      0.00000000
      1.42300000	     -9.19241369	    222.01109370	    -18.51330937	      0.35471200	      0.00000000	     -0.05274483	      0.00000000	      0.00000000	      0.00000000	      0.00000000	      0.00000000	      0.00000000	      0.00000000	     -0.47677932	      0.00000000	      0.00000000	      0.00000000	      0.00000000
      1.42400000	     -8.98100350	    221.71115646	    -18.24371815	      0.35523929	      0.00000000	     -0.05269590	      0.00000000	      0.00000000	      0.00000000	      0.00000000	      0.00000000	      0.00000000	      0.00000000	     -0.46052310	      0.00000000	      0.00000000	      0.00000000	      0.00000000
      1.42500000	     -8.75974983	    221.45031533	    -17.96613836	      0.35575739	      0.00000000	     -0.05265220	      0.00000000	      0.00000000	      0.00000000	      0.00000000	      0.00000000	      0.00000000	      0.00000000	     -0.44354502	      0.00000000	      0.00000000	      0.00000000	      0.00000000
      1.42600000	     -8.52854492	    221.22600016	    -17.68137765	      0.35626657	      0.00000000	     -0.05261357	      0.00000000	      0.00000000	      0.00000000	      0.00000000	      0.00000000	      0.00000000	      0.00000000	     -0.42590551	      0.00000000	      0.00000000	      0.00000000	      0.00000000
      1.42700000	     -8.28744297	    221.03567970	    -17.39018431	      0.35676720	      0.00000000	     -0.05257984	      0.00000000	      0.00000000	      0.00000000	      0.00000000	      0.00000000	      0.00000000	      0.00000000	     -0.40766356	      0.00000000	      0.00000000	      0.00000000	      0.00000000
      1.42800000	     -8.03665867	    220.87696856	    -17.09325144	      0.35725967	      0.00000000	     -0.05255083	      0.00000000	      0.00000000	      0.00000000	      0.00000000	      0.00000000	      0.00000000	      0.00000000	     -0.38887594	      0.00000000	      0.00000000	      0.00000000	      0.00000000
      1.42900000	     -7.77655767	    220.74772696	    -16.79121922	      0.35774447	      0.00000000	     -0.05252632	      0.00000000	      0.00000000	      0.00000000	      0.00000000	      0.00000000	      0.00000000	      0.00000000	     -0.36959727	      0.00000000	      0.00000000	      0.00000000	      0.00000000
      1.43000000	     -7.50764122	    220.64613518	    -16.48467615	      0.35822212	      0.00000000	     -0.05250603	      0.00000000	      0.00000000	      0.00000000	      0.00000000	      0.00000000	      0.00000000	      0.00000000	     -0.34987985	      0.00000000	      0.00000000	      0.00000000	      0.00000000
      1.43100000	     -7.23052732	    220.57071110	    -16.17415923	      0.35869313	      0.00000000	     -0.05248965	      0.00000000	      0.00000000	      0.00000000	      0.00000000	      0.00000000	      0.00000000	      0.00000000	     -0.32977195	      0.00000000	      0.00000000	      0.00000000	      0.00000000
      1.43200000	     -6.94593082	    220.52025085	    -15.86015679	      0.35915800	      0.00000000	     -0.05247687	      0.00000000	      0.00000000	      0.00000000	      0.00000000	      0.00000000	      0.00000000	      0.00000000	     -0.30931610	      0.00000000	      0.00000000	      0.00000000	      0.00000000
      1.43300000	     -6.65464172	    220.49367552	    -15.54311303	      0.35961724	      0.00000000	     -0.05246736	      0.00000000	      0.00000000	      0.00000000	      0.00000000	      0.00000000	      0.00000000	      0.00000000	     -0.28854936	      0.00000000	      0.00000000	      0.00000000	      0.00000000
      1.43400000	     -6.35750439	    220.48986712	    -15.22343078	      0.36007142	      0.00000000	     -0.05246085	      0.00000000	      0.00000000	      0.00000000	      0.00000000	      0.00000000	      0.00000000	      0.00000000	     -0.26750488	      0.00000000	      0.00000000	      0.00000000	      0.00000000
      1.43500000	     -6.05540053	    220.50762211	    -14.90147280	      0.36052122	      0.00000000	     -0.05245709	      0.00000000	      0.00000000	      0.00000000	      0.00000000	      0.00000000	      0.00000000	      0.00000000	     -0.24621271	      0.00000000	      0.00000000	      0.00000000	      0.00000000
      1.43600000	     -5.74923252	    220.54569158	    -14.57756512	      0.36096733	      0.00000000	     -0.05245590	      0.00000000	      0.00000000	      0.00000000	      0.00000000	      0.00000000	      0.00000000	      0.00000000	     -0.22470014	      0.00000000	      0.00000000	      0.00000000	      0.00000000
      1.43700000	     -5.43990869	    220.60280826	    -14.25200748	      0.36141048	      0.00000000	     -0.05245711	      0.00000000	      0.00000000	      0.00000000	      0.00000000	      0.00000000	      0.00000000	      0.00000000	     -0.20299247	      0.00000000	      0.00000000	      0.00000000	      0.00000000
      1.43800000	     -5.12833306	    220.67770890	    -13.92508859	      0.36185140	      0.00000000	     -0.05246058	      0.00000000	      0.00000000	      0.00000000	      0.00000000	      0.00000000	      0.00000000	      0.00000000	     -0.18111374	      0.00000000	      0.00000000	      0.00000000	      0.00000000
      1.43900000	     -4.81539444	    220.76917186	    -13.59709885	      0.36229079	      0.00000000	     -0.05246619	      0.00000000	      0.00000000	      0.00000000	      0.00000000	      0.00000000	      0.00000000	      0.00000000	     -0.15908707	      0.00000000	      0.00000000	      0.00000000	      0.00000000
      1.44000000	     -4.50195754	    220.87606056	    -13.26834127	      0.36272935	      0.00000000	     -0.05247378	      0.00000000	      0.00000000	      0.00000000	      0.00000000	      0.00000000	      0.00000000	      0.00000000	     -0.13693512	      0.00000000	      0.00000000	      0.00000000	      0.00000000
      1.44100000	     -4.18885846	    220.99738226	    -12.93914250	      0.36316772	      0.00000000	     -0.05248313	      0.00000000	      0.00000000	      0.00000000	      0.00000000	      0.00000000	      0.00000000	      0.00000000	     -0.11468033	      0.00000000	      0.00000000	      0.00000000	      0.00000000
      1.44200000	     -3.87689573	    221.13231195	    -12.60985781	      0.36360656	      0.00000000	     -0.05249393	      0.00000000	      0.00000000	      0.00000000	      0.00000000	      0.00000000	      0.00000000	      0.00000000	     -0.09234512	      0.00000000	      0.00000000	      0.00000000	      0.00000000
      1.44300000	     -3.56682068	    221.28012649	    -12.28086714	      0.36404653	      0.00000000	     -0.05250582	      0.00000000	      0.00000000	      0.00000000	      0.00000000	      0.00000000	      0.00000000	      0.00000000	     -0.06995219	      0.00000000	      0.00000000	      0.00000000	      0.00000000
      1.44400000	     -3.25933899	    221.44009140	    -11.95256996	      0.36448838	      0.00000000	     -0.05251844	      0.00000000	      0.00000000	      0.00000000	      0.00000000	      0.00000000	      0.00000000	      0.00000000	     -0.04752504	      0.00000000	      0.00000000	      0.00000000	      0.00000000
      1.44500000	     -2.95511794	    221.61139243	    -11.62538316	      0.36493290	      0.00000000	     -0.05253148	      0.00000000	      0.00000000	      0.00000000	      0.00000000	      0.00000000	      0.00000000	      0.00000000	     -0.02508850	      0.00000000	      0.00000000	      0.00000000	      0.00000000
      1.44600000	     -2.65478930	    221.79318409	    -11.29974096	      0.36538096	      0.00000000	     -0.05254468	      0.00000000	      0.00000000	      0.00000000	      0.00000000	      0.00000000	      0.00000000	      0.00000000	     -0.00266867	      0.00000000	      0.00000000	      0.00000000	      0.00000000
      1.44700000	     -2.35894734	    221.98470195	    -10.97609760	      0.36583340	      0.00000000	     -0.05255784	      0.00000000	      0.00000000	      0.00000000	      0.00000000	      0.00000000	      0.00000000	      0.00000000	      0.01970739	      0.00000000	      0.00000000	      0.00000000	      0.00000000
      1.44800000	     -2.06814924	    222.18533392	    -10.65493173	      0.36629097	      0.00000000	     -0.05257072	      0.00000000	      0.00000000	      0.00000000	      0.00000000	      0.00000000	      0.00000000	      0.00000000	      0.04201208	      0.00000000	      0.00000000	      0.00000000	      0.00000000
      1.44900000	     -1.78292239	    222.39466917	    -10.33674981	      0.36675435	      0.00000000	     -0.05258312	      0.00000000	      0.00000000	      0.00000000	      0.00000000	      0.00000000	      0.00000000	      0.00000000	      0.06421778	      0.00000000	      0.00000000	      0.00000000	      0.00000000
      1.45000000	     -1.50377077	    222.61256246	    -10.02208685	      0.36722409	      0.00000000	     -0.05259482	      0.00000000	      0.00000000	      0.00000000	      0.00000000	      0.00000000	      0.00000000	      0.00000000	      0.08629701	      0.00000000	      0.00000000	      0.00000000	      0.00000000
      1.45100000	     -1.23117922	    222.83917651	     -9.71150399	      0.36770065	      0.00000000	     -0.05260558	      0.00000000	      0.00000000	      0.00000000	      0.00000000	      0.00000000	      0.00000000	      0.00000000	      0.10822236	      0.00000000	      0.00000000	      0.00000000	      0.00000000
      1.45200000	     -0.96562356	    223.07496373	     -9.40557969	      0.36818438	      0.00000000	     -0.05261518	      0.00000000	      0.00000000	      0.00000000	      0.00000000	      0.00000000	      0.00000000	      0.00000000	      0.12996685	      0.00000000	      0.00000000	      0.00000000	      0.00000000
      1.45300000	     -0.70758558	    223.32056301	     -9.10489408	      0.36867554	      0.00000000	     -0.05262341	      0.00000000	      0.00000000	      0.00000000	      0.00000000	      0.00000000	      0.00000000	      0.00000000	      0.15150501	      0.00000000	      0.00000000	      0.00000000	      0.00000000
      1.45400000	     -0.45756728	    223.57662791	     -8.81001785	      0.36917441	      0.00000000	     -0.05263011	      0.00000000	      0.00000000	      0.00000000	      0.00000000	      0.00000000	      0.00000000	      0.00000000	      0.17281273	      0.00000000	      0.00000000	      0.00000000	      0.00000000
      1.45500000	     -0.21610206	    223.84369388	     -8.52151373	      0.36968128	      0.00000000	     -0.05263516	      0.00000000	      0.00000000	      0.00000000	      0.00000000	      0.00000000	      0.00000000	      0.00000000	      0.19386582	      0.00000000	      0.00000000	      0.00000000	      0.00000000
      1.45600000	      0.01624124	    224.12215618	     -8.23994027	      0.37019651	      0.00000000	     -0.05263846	      0.00000000	      0.00000000	      0.00000000	      0.00000000	      0.00000000	      0.00000000	      0.00000000	      0.21463916	      0.00000000	      0.00000000	      0.00000000	      0.00000000
      1.45700000	      0.23886353	    224.41229056	     -7.96584728	      0.37072040	      0.00000000	     -0.05264001	      0.00000000	      0.00000000	      0.00000000	      0.00000000	      0.00000000	      0.00000000	      0.00000000	      0.23510734	      0.00000000	      0.00000000	      0.00000000	      0.00000000
      1.45800000	      0.45114250	    224.71429714	     -7.69976507	      0.37125316	      0.00000000	     -0.05263984	      0.00000000	      0.00000000	      0.00000000	      0.00000000	      0.00000000	      0.00000000	      0.00000000	      0.25524621	      0.00000000	      0.00000000	      0.00000000	      0.00000000
      1.45900000	      0.65243834	    225.02842117	     -7.44219499	      0.37179489	      0.00000000	     -0.05263799	      0.00000000	      0.00000000	      0.00000000	      0.00000000	      0.00000000	      0.00000000	      0.00000000	      0.27503443	      0.00000000	      0.00000000	      0.00000000	      0.00000000
      1.46000000	      0.84210117	    225.35506804	     -7.19360532	      0.37234560	      0.00000000	     -0.05263449	      0.00000000	      0.00000000	      0.00000000	      0.00000000	      0.00000000	      0.00000000	      0.00000000	      0.29445398	      0.00000000	      0.00000000	      0.00000000	      0.00000000
      1.46100000	      1.01947569	    225.69481047	     -6.95443225	      0.37290522	      0.00000000	     -0.05262934	      0.00000000	      0.00000000	      0.00000000	      0.00000000	      0.00000000	      0.00000000	      0.00000000	      0.31348910	      0.00000000	      0.00000000	      0.00000000	      0.00000000
      1.46200000	      1.18390278	    226.04832649	     -6.72508130	      0.37347359	      0.00000000	     -0.05262250	      0.00000000	      0.00000000	      0.00000000	      0.00000000	      0.00000000	      0.00000000	      0.00000000	      0.33212504	      0.00000000	      0.00000000	      0.00000000	      0.00000000
      1.46300000	      1.33472827	    226.41630705	     -6.50592354	      0.37405056	      0.00000000	     -0.05261392	      0.00000000	      0.00000000	      0.00000000	      0.00000000	      0.00000000	      0.00000000	      0.00000000	      0.35034678	      0.00000000	      0.00000000	      0.00000000	      0.00000000
      1.46400000	      1.47132373	    226.79933419	     -6.29728424	      0.37463597	      0.00000000	     -0.05260357	      0.00000000	      0.00000000	      0.00000000	      0.00000000	      0.00000000	      0.00000000	      0.00000000	      0.36813791	      0.00000000	      0.00000000	      0.00000000	      0.00000000
      1.46500000	      1.59311460	    227.19778348	     -6.09942842	      0.37522963	      0.00000000	     -0.05259143	      0.00000000	      0.00000000	      0.00000000	      0.00000000	      0.00000000	      0.00000000	      0.00000000	      0.38548031	      0.00000000	      0.00000000	      0.00000000	      0.00000000
      1.46600000	      1.69960320	    227.61181936	     -5.91255183	      0.37583134	      0.00000000	     -0.05257758	      0.00000000	      0.00000000	      0.00000000	      0.00000000	      0.00000000	      0.00000000	      0.00000000	      0.40235448	      0.00000000	      0.00000000	      0.00000000	      0.00000000
      1.46700000	      1.79038076	    228.04148316	     -5.73677660	      0.37644083	      0.00000000	     -0.05256215	      0.00000000	      0.00000000	      0.00000000	      0.00000000	      0.00000000	      0.00000000	      0.00000000	      0.41874012	      0.00000000	      0.00000000	      0.00000000	      0.00000000
      1.46800000	      1.86513840	    228.48680318	     -5.57214819	      0.37705781	      0.00000000	     -0.05254532	      0.00000000	      0.00000000	      0.00000000	      0.00000000	      0.00000000	      0.00000000	      0.00000000	      0.43461696	      0.00000000	      0.00000000	      0.00000000	      0.00000000
      1.46900000	      1.92368668	    228.94786232	     -5.41863479	      0.37768191	      0.00000000	     -0.05252726	      0.00000000	      0.00000000	      0.00000000	      0.00000000	      0.00000000	      0.00000000	      0.00000000	      0.44996479	      0.00000000	      0.00000000	      0.00000000	      0.00000000
      1.47000000	      1.96598439	    229.42483065	     -5.27612608	      0.37831277	      0.00000000	     -0.05250815	      0.00000000	      0.00000000	      0.00000000	      0.00000000	      0.00000000	      0.00000000	      0.00000000	      0.46476375	      0.00000000	      0.00000000	      0.00000000	      0.00000000
      1.47100000	      1.99216781	    229.91798695	     -5.14442748	      0.37894998	      0.00000000	     -0.05248809	      0.00000000	      0.00000000	      0.00000000	      0.00000000	      0.00000000	      0.00000000	      0.00000000	      0.47899581	      0.00000000	      0.00000000	      0.00000000	      0.00000000
      1.47200000	      2.00256535	    230.42767506	     -5.02325477	      0.37959306	      0.00000000	     -0.05246715	      0.00000000	      0.00000000	      0.00000000	      0.00000000	      0.00000000	      0.00000000	      0.00000000	      0.49264600	      0.00000000	      0.00000000	      0.00000000	      0.00000000
      1.47300000	      1.99769600	    230.95416344	     -4.91223430	      0.38024142	      0.00000000	     -0.05244541	      0.00000000	      0.00000000	      0.00000000	      0.00000000	      0.00000000	      0.00000000	      0.00000000	      0.50570223	      0.00000000	      0.00000000	      0.00000000	      0.00000000
      1.47400000	      1.97826908	    231.49750660	     -4.81091021	      0.38089447	      0.00000000	     -0.05242298	      0.00000000	      0.00000000	      0.00000000	      0.00000000	      0.00000000	      0.00000000	      0.00000000	      0.51815412	      0.00000000	      0.00000000	      0.00000000	      0.00000000
      1.47500000	      1.94519084	    232.05747756	     -4.71875882	      0.38155161	      0.00000000	     -0.05240001	      0.00000000	      0.00000000	      0.00000000	      0.00000000	      0.00000000	      0.00000000	      0.00000000	      0.52999190	      0.00000000	      0.00000000	      0.00000000	      0.00000000
      1.47600000	      1.89956838	    232.63355147	     -4.63520723	      0.38221228	      0.00000000	     -0.05237673	      0.00000000	      0.00000000	      0.00000000	      0.00000000	      0.00000000	      0.00000000	      0.00000000	      0.54120603	      0.00000000	      0.00000000	      0.00000000	      0.00000000
      1.47700000	      1.84270889	    233.22495732	     -4.55965129	      0.38287591	      0.00000000	     -0.05235338	      0.00000000	      0.00000000	      0.00000000	      0.00000000	      0.00000000	      0.00000000	      0.00000000	      0.55178785	      0.00000000	      0.00000000	      0.00000000	      0.00000000
      1.47800000	      1.77611358	    233.83079185	     -4.49147279	      0.38354184	      0.00000000	     -0.05233021	      0.00000000	      0.00000000	      0.00000000	      0.00000000	      0.00000000	      0.00000000	      0.00000000	      0.56172995	      0.00000000	      0.00000000	      0.00000000	      0.00000000
      1.47900000	      1.70146624	    234.45014529	     -4.43005914	      0.38420929	      0.00000000	     -0.05230746	      0.00000000	      0.00000000	      0.00000000	      0.00000000	      0.00000000	      0.00000000	      0.00000000	      0.57102625	      0.00000000	      0.00000000	      0.00000000	      0.00000000
      1.48000000	      1.62062217	    235.08221225	     -4.37482120	      0.38487734	      0.00000000	     -0.05228531	      0.00000000	      0.00000000	      0.00000000	      0.00000000	      0.00000000	      0.00000000	      0.00000000	      0.57967265	      0.00000000	      0.00000000	      0.00000000	      0.00000000
      1.48100000	      1.53559690	    235.72633441	     -4.32520511	      0.38554503	      0.00000000	     -0.05226393	      0.00000000	      0.00000000	      0.00000000	      0.00000000	      0.00000000	      0.00000000	      0.00000000	      0.58766742	      0.00000000	      0.00000000	      0.00000000	      0.00000000
      1.48200000	      1.44854785	    236.38194555	     -4.28070200	      0.38621132	      0.00000000	     -0.05224342	      0.00000000	      0.00000000	      0.00000000	      0.00000000	      0.00000000	      0.00000000	      0.00000000	      0.59501015	      0.00000000	      0.00000000	      0.00000000	      0.00000000
      1.48300000	      1.36174448	    237.04846713	     -4.24085439	      0.38687521	      0.00000000	     -0.05222385	      0.00000000	      0.00000000	      0.00000000	      0.00000000	      0.00000000	      0.00000000	      0.00000000	      0.60170089	      0.00000000	      0.00000000	      0.00000000	      0.00000000
      1.48400000	      1.27753269	    237.72520601	     -4.20525223	      0.38753571	      0.00000000	     -0.05220532	      0.00000000	      0.00000000	      0.00000000	      0.00000000	      0.00000000	      0.00000000	      0.00000000	      0.60774056	      0.00000000	      0.00000000	      0.00000000	      0.00000000
      1.48500000	      1.19830276	    238.41130245	     -4.17352193	      0.38819193	      0.00000000	     -0.05218792	      0.00000000	      0.00000000	      0.00000000	      0.00000000	      0.00000000	      0.00000000	      0.00000000	      0.61313216	      0.00000000	      0.00000000	      0.00000000	      0.00000000
      1.48600000	      1.12646045	    239.10574558	     -4.14531575	      0.38884295	      0.00000000	     -0.05217175	      0.00000000	      0.00000000	      0.00000000	      0.00000000	      0.00000000	      0.00000000	      0.00000000	      0.61788124	      0.00000000	      0.00000000	      0.00000000	      0.00000000
      1.48700000	      1.06439803	    239.80743856	     -4.12029940	      0.38948790	      0.00000000	     -0.05215694	      0.00000000	      0.00000000	      0.00000000	      0.00000000	      0.00000000	      0.00000000	      0.00000000	      0.62199599	      0.00000000	      0.00000000	      0.00000000	      0.00000000
      1.48800000	      1.01446302	    240.51529183	     -4.09814111	      0.39012589	      0.00000000	     -0.05214361	      0.00000000	      0.00000000	      0.00000000	      0.00000000	      0.00000000	      0.00000000	      0.00000000	      0.62548727	      0.00000000	      0.00000000	      0.00000000	      0.00000000
      1.48900000	      0.97892497	    241.22828789	     -4.07851280	      0.39075607	      0.00000000	     -0.05213184	      0.00000000	      0.00000000	      0.00000000	      0.00000000	      0.00000000	      0.00000000	      0.00000000	      0.62836786	      0.00000000	      0.00000000	      0.00000000	      0.00000000
      1.49000000	      0.95995312	    241.94552583	     -4.06109799	      0.39137761	      0.00000000	     -0.05212174	      0.00000000	      0.00000000	      0.00000000	      0.00000000	      0.00000000	      0.00000000	      0.00000000	      0.63065132	      0.00000000	      0.00000000	      0.00000000	      0.00000000
      1.49100000	      0.95960503	    242.66628222	     -4.04559411	      0.39198971	      0.00000000	     -0.05211340	      0.00000000	      0.00000000	      0.00000000	      0.00000000	      0.00000000	      0.00000000	      0.00000000	      0.63235207	      0.00000000	      0.00000000	      0.00000000	      0.00000000
      1.49200000	      0.97980861	    243.39000035	     -4.03170521	      0.39259161	      0.00000000	     -0.05210689	      0.00000000	      0.00000000	      0.00000000	      0.00000000	      0.00000000	      0.00000000	      0.00000000	      0.63348696	      0.00000000	      0.00000000	      0.00000000	      0.00000000
      1.49300000	      1.02233628	    244.11615890	     -4.01912758	      0.39318258	      0.00000000	     -0.05210225	      0.00000000	      0.00000000	      0.00000000	      0.00000000	      0.00000000	      0.00000000	      0.00000000	      0.63407746	      0.00000000	      0.00000000	      0.00000000	      0.00000000
      1.49400000	      1.08878599	    244.84413271	     -4.00753822	      0.39376194	      0.00000000	     -0.05209955	      0.00000000	      0.00000000	      0.00000000	      0.00000000	      0.00000000	      0.00000000	      0.00000000	      0.63415026	      0.00000000	      0.00000000	      0.00000000	      0.00000000
      1.49500000	      1.18057083	    245.57314962	     -3.99659836	      0.39432909	      0.00000000	     -0.05209888	      0.00000000	      0.00000000	      0.00000000	      0.00000000	      0.00000000	      0.00000000	      0.00000000	      0.63373574	      0.00000000	      0.00000000	      0.00000000	      0.00000000
      1.49600000	      1.29891206	    246.30232725	     -3.98597115	      0.39488356	      0.00000000	     -0.05210037	      0.00000000	      0.00000000	      0.00000000	      0.00000000	      0.00000000	      0.00000000	      0.00000000	      0.63286620	      0.00000000	      0.00000000	      0.00000000	      0.00000000
      1.49700000	      1.44483552	    247.03074061	     -3.97534151	      0.39542498	      0.00000000	     -0.05210412	      0.00000000	      0.00000000	      0.00000000	      0.00000000	      0.00000000	      0.00000000	      0.00000000	      0.63157562	      0.00000000	      0.00000000	      0.00000000	      0.00000000
      1.49800000	      1.61916709	    247.75750317	     -3.96442995	      0.39595306	      0.00000000	     -0.05211022	      0.00000000	      0.00000000	      0.00000000	      0.00000000	      0.00000000	      0.00000000	      0.00000000	      0.62990017	      0.00000000	      0.00000000	      0.00000000	      0.00000000
      1.49900000	      1.82252865	    248.48185286	     -3.95299991	      0.39646758	      0.00000000	     -0.05211870	      0.00000000	      0.00000000	      0.00000000	      0.00000000	      0.00000000	      0.00000000	      0.00000000	      0.62787759	      0.00000000	      0.00000000	      0.00000000	      0.00000000
      1.50000000	      2.05534068	    249.20323157	     -3.94086556	      0.39696835	      0.00000000	     -0.05212955	      0.00000000	      0.00000000	      0.00000000	      0.00000000	      0.00000000	      0.00000000	      0.00000000	      0.62554567	      0.00000000	      0.00000000	      0.00000000	      0.00000000
      1.50100000	      2.31782903	    249.92132849	     -3.92790624	      0.39745518	      0.00000000	     -0.05214272	      0.00000000	      0.00000000	      0.00000000	      0.00000000	      0.00000000	      0.00000000	      0.00000000	      0.62294107	      0.00000000	      0.00000000	      0.00000000	      0.00000000
      1.50200000	      2.61003480	    250.63605777	     -3.91408158	      0.39792785	      0.00000000	     -0.05215808	      0.00000000	      0.00000000	      0.00000000	      0.00000000	      0.00000000	      0.00000000	      0.00000000	      0.62009850	      0.00000000	      0.00000000	      0.00000000	      0.00000000
      1.50300000	      2.93182496	    251.34746309	     -3.89943918	      0.39838619	      0.00000000	     -0.05217545	      0.00000000	      0.00000000	      0.00000000	      0.00000000	      0.00000000	      0.00000000	      0.00000000	      0.61704927	      0.00000000	      0.00000000	      0.00000000	      0.00000000
      1.50400000	      3.28289964	    252.05558378	     -3.88411772	      0.39883017	      0.00000000	     -0.05219464	      0.00000000	      0.00000000	      0.00000000	      0.00000000	      0.00000000	      0.00000000	      0.00000000	      0.61381957	      0.00000000	      0.00000000	      0.00000000	      0.00000000
      1.50500000	      3.66280220	    252.76036788	     -3.86834976	      0.39925988	      0.00000000	     -0.05221546	      0.00000000	      0.00000000	      0.00000000	      0.00000000	      0.00000000	      0.00000000	      0.00000000	      0.61042939	      0.00000000	      0.00000000	      0.00000000	      0.00000000
      1.50600000	      4.07093441	    253.46168477	     -3.85246283	      0.39967551	      0.00000000	     -0.05223771	      0.00000000	      0.00000000	      0.00000000	      0.00000000	      0.00000000	      0.00000000	      0.00000000	      0.60689268	      0.00000000	      0.00000000	      0.00000000	      0.00000000
      1.50700000	      4.50657212	    254.15940428	     -3.83687322	      0.40007733	      0.00000000	     -0.05226117	      0.00000000	      0.00000000	      0.00000000	      0.00000000	      0.00000000	      0.00000000	      0.00000000	      0.60321768	      0.00000000	      0.00000000	      0.00000000	      0.00000000
      1.50800000	      4.96888233	    254.85347940	     -3.82207347	      0.40046564	      0.00000000	     -0.05228556	      0.00000000	      0.00000000	      0.00000000	      0.00000000	      0.00000000	      0.00000000	      0.00000000	      0.59940685	      0.00000000	      0.00000000	      0.00000000	      0.00000000
      1.50900000	      5.45694425	    255.54401471	     -3.80862374	      0.40084070	      0.00000000	     -0.05231059	      0.00000000	      0.00000000	      0.00000000	      0.00000000	      0.00000000	      0.00000000	      0.00000000	      0.59545594	      0.00000000	      0.00000000	      0.00000000	      0.00000000
      1.51000000	      5.96977045	    256.23131743	     -3.79714859	      0.40120273	      0.00000000	     -0.05233594	      0.00000000	      0.00000000	      0.00000000	      0.00000000	      0.00000000	      0.00000000	      0.00000000	      0.59135364	      0.00000000	      0.00000000	      0.00000000	      0.00000000
      1.51100000	      6.50632599	    256.91588756	     -3.78833649	      0.40155181	      0.00000000	     -0.05236126	      0.00000000	      0.00000000	      0.00000000	      0.00000000	      0.00000000	      0.00000000	      0.00000000	      0.58708240	      0.00000000	      0.00000000	      0.00000000	      0.00000000
      1.51200000	      7.06554451	    257.59834400	     -3.78295162	      0.40188799	      0.00000000	     -0.05238621	      0.00000000	      0.00000000	      0.00000000	      0.00000000	      0.00000000	      0.00000000	      0.00000000	      0.58261752	      0.00000000	      0.00000000	      0.00000000	      0.00000000
      1.51300000	      7.64633174	    258.27934174	     -3.78185724	      0.40221132	      0.00000000	     -0.05241050	      0.00000000	      0.00000000	      0.00000000	      0.00000000	      0.00000000	      0.00000000	      0.00000000	      0.57792349	      0.00000000	      0.00000000	      0.00000000	      0.00000000
      1.51400000	      8.24756018	    258.95952186	     -3.78602757	      0.40252187	      0.00000000	     -0.05243389	      0.00000000	      0.00000000	      0.00000000	      0.00000000	      0.00000000	      0.00000000	      0.00000000	      0.57295159	      0.00000000	      0.00000000	      0.00000000	      0.00000000
      1.51500000	      8.86807192	    259.63950139	     -3.79654174	      0.40281978	      0.00000000	     -0.05245620	      0.00000000	      0.00000000	      0.00000000	      0.00000000	      0.00000000	      0.00000000	      0.00000000	      0.56764030	      0.00000000	      0.00000000	      0.00000000	      0.00000000
      1.51600000	      9.50668828	    260.31988764	     -3.81457736	      0.40310522	      0.00000000	     -0.05247736	      0.00000000	      0.00000000	      0.00000000	      0.00000000	      0.00000000	      0.00000000	      0.00000000	      0.56191483	      0.00000000	      0.00000000	      0.00000000	      0.00000000
      1.51700000	     10.16222258	    261.00130620	     -3.84140736	      0.40337842	      0.00000000	     -0.05249732	      0.00000000	      0.00000000	      0.00000000	      0.00000000	      0.00000000	      0.00000000	      0.00000000	      0.55568439	      0.00000000	      0.00000000	      0.00000000	      0.00000000
      1.51800000	     10.83349869	    261.68442715	     -3.87839461	      0.40363954	      0.00000000	     -0.05251601	      0.00000000	      0.00000000	      0.00000000	      0.00000000	      0.00000000	      0.00000000	      0.00000000	      0.54883977	      0.00000000	      0.00000000	      0.00000000	      0.00000000
      1.51900000	     11.51937333	    262.36999665	     -3.92698391	      0.40388868	      0.00000000	     -0.05253334	      0.00000000	      0.00000000	      0.00000000	      0.00000000	      0.00000000	      0.00000000	      0.00000000	      0.54125320	      0.00000000	      0.00000000	      0.00000000	      0.00000000
      1.52000000	     12.21875643	    263.05889597	     -3.98868717	      0.40412585	      0.00000000	     -0.05254922	      0.00000000	      0.00000000	      0.00000000	      0.00000000	      0.00000000	      0.00000000	      0.00000000	      0.53278072	      0.00000000	      0.00000000	      0.00000000	      0.00000000
      1.52100000	     12.93062626	    263.75217194	     -4.06505585	      0.40435101	      0.00000000	     -0.05256352	      0.00000000	      0.00000000	      0.00000000	      0.00000000	      0.00000000	      0.00000000	      0.00000000	      0.52326608	      0.00000000	      0.00000000	      0.00000000	      0.00000000
      1.52200000	     13.65404285	    264.45097848	     -4.15764182	      0.40456404	      0.00000000	     -0.05257615	      0.00000000	      0.00000000	      0.00000000	      0.00000000	      0.00000000	      0.00000000	      0.00000000	      0.51254504	      0.00000000	      0.00000000	      0.00000000	      0.00000000
      1.52300000	     14.38816030	    265.15646580	     -4.26794838	      0.40476481	      0.00000000	     -0.05258703	      0.00000000	      0.00000000	      0.00000000	      0.00000000	      0.00000000	      0.00000000	      0.00000000	      0.50044943	      0.00000000	      0.00000000	      0.00000000	      0.00000000
      1.52400000	     15.13223758	    265.86965885	     -4.39737122	      0.40495324	      0.00000000	     -0.05259613	      0.00000000	      0.00000000	      0.00000000	      0.00000000	      0.00000000	      0.00000000	      0.00000000	      0.48681258	      0.00000000	      0.00000000	      0.00000000	      0.00000000
      1.52500000	     15.88565024	    266.59137973	     -4.54713765	      0.40512936	      0.00000000	     -0.05260347	      0.00000000	      0.00000000	      0.00000000	      0.00000000	      0.00000000	      0.00000000	      0.00000000	      0.47147562	      0.00000000	      0.00000000	      0.00000000	      0.00000000
      1.52600000	     16.64789803	    267.32229438	     -4.71825367	      0.40529326	      0.00000000	     -0.05260908	      0.00000000	      0.00000000	      0.00000000	      0.00000000	      0.00000000	      0.00000000	      0.00000000	      0.45429289	      0.00000000	      0.00000000	      0.00000000	      0.00000000
      1.52700000	     17.41860789	    268.06301871	     -4.91145421	      0.40544508	      0.00000000	     -0.05261297	      0.00000000	      0.00000000	      0.00000000	      0.00000000	      0.00000000	      0.00000000	      0.00000000	      0.43513767	      0.00000000	      0.00000000	      0.00000000	      0.00000000
      1.52800000	     18.19753638	    268.81416662	     -5.12715021	      0.40558487	      0.00000000	     -0.05261515	      0.00000000	      0.00000000	      0.00000000	      0.00000000	      0.00000000	      0.00000000	      0.00000000	      0.41390983	      0.00000000	      0.00000000	      0.00000000	      0.00000000
      1.52900000	     18.98456605	    269.57634110	     -5.36537825	      0.40571269	      0.00000000	     -0.05261567	      0.00000000	      0.00000000	      0.00000000	      0.00000000	      0.00000000	      0.00000000	      0.00000000	      0.39054376	      0.00000000	      0.00000000	      0.00000000	      0.00000000
      1.53000000	     19.77969056	    270.35010555	     -5.62575650	      0.40582856	      0.00000000	     -0.05261460	      0.00000000	      0.00000000	      0.00000000	      0.00000000	      0.00000000	      0.00000000	      0.00000000	      0.36501489	      0.00000000	      0.00000000	      0.00000000	      0.00000000
      1.53100000	     20.58298990	    271.13595583	     -5.90743654	      0.40593248	      0.00000000	     -0.05261208	      0.00000000	      0.00000000	      0.00000000	      0.00000000	      0.00000000	      0.00000000	      0.00000000	      0.33734622	      0.00000000	      0.00000000	      0.00000000	      0.00000000
      1.53200000	     21.39459935	    271.93426592	     -6.20904007	      0.40602447	      0.00000000	     -0.05260825	      0.00000000	      0.00000000	      0.00000000	      0.00000000	      0.00000000	      0.00000000	      0.00000000	      0.30761673	      0.00000000	      0.00000000	      0.00000000	      0.00000000
      1.53300000	     22.21467896	    272.74515266	     -6.52858507	      0.40610476	      0.00000000	     -0.05260333	      0.00000000	      0.00000000	      0.00000000	      0.00000000	      0.00000000	      0.00000000	      0.00000000	      0.27597126	      0.00000000	      0.00000000	      0.00000000	      0.00000000
      1.53400000	     23.04339647	    273.56831965	     -6.86341585	      0.40617375	      0.00000000	     -0.05259767	      0.00000000	      0.00000000	      0.00000000	      0.00000000	      0.00000000	      0.00000000	      0.00000000	      0.24262997	      0.00000000	      0.00000000	      0.00000000	      0.00000000
      1.53500000	     23.88092710	    274.40299554	     -7.21014224	      0.40623215	      0.00000000	     -0.05259170	      0.00000000	      0.00000000	      0.00000000	      0.00000000	      0.00000000	      0.00000000	      0.00000000	      0.20789688	      0.00000000	      0.00000000	      0.00000000	      0.00000000
      1.53600000	     24.72745163	    275.24793695	     -7.56459434	      0.40628094	      0.00000000	     -0.05258590	      0.00000000	      0.00000000	      0.00000000	      0.00000000	      0.00000000	      0.00000000	      0.00000000	      0.17216783	      0.00000000	      0.00000000	      0.00000000	      0.00000000
      1.53700000	     25.58313029	    276.10141264	     -7.92181324	      0.40632137	      0.00000000	     -0.05258086	      0.00000000	      0.00000000	      0.00000000	      0.00000000	      0.00000000	      0.00000000	      0.00000000	      0.13593664	      0.00000000	      0.00000000	      0.00000000	      0.00000000
      1.53800000	     26.44802980	    276.96121904	     -8.27611324	      0.40635500	      0.00000000	     -0.05257721	      0.00000000	      0.00000000	      0.00000000	      0.00000000	      0.00000000	      0.00000000	      0.00000000	      0.09979373	      0.00000000	      0.00000000	      0.00000000	      0.00000000
      1.53900000	     27.32192316	    277.82483167	     -8.62136399	      0.40638371	      0.00000000	     -0.05257565	      0.00000000	      0.00000000	      0.00000000	      0.00000000	      0.00000000	      0.00000000	      0.00000000	      0.06439981	      0.00000000	      0.00000000	      0.00000000	      0.00000000
      1.54000000	     28.20388289	    278.68972387	     -8.95167049	      0.40640952	      0.00000000	     -0.05257683	      0.00000000	      0.00000000	      0.00000000	      0.00000000	      0.00000000	      0.00000000	      0.00000000	      0.03041819	      0.00000000	      0.00000000	      0.00000000	      0.00000000
      1.54100000	     29.09183716	    279.55377907	     -9.26223224	      0.40643449	      0.00000000	     -0.05258136	      0.00000000	      0.00000000	      0.00000000	      0.00000000	      0.00000000	      0.00000000	      0.00000000	     -0.00156952	      0.00000000	      0.00000000	      0.00000000	      0.00000000
      1.54200000	     29.98241684	    280.41563777	     -9.54988064	      0.40646054	      0.00000000	     -0.05258976	      0.00000000	      0.00000000	      0.00000000	      0.00000000	      0.00000000	      0.00000000	      0.00000000	     -0.03111481	      0.00000000	      0.00000000	      0.00000000	      0.00000000
      1.54300000	     30.87118410	    281.27482583	     -9.81314292	      0.40648939	      0.00000000	     -0.05260246	      0.00000000	      0.00000000	      0.00000000	      0.00000000	      0.00000000	      0.00000000	      0.00000000	     -0.05790831	      0.00000000	      0.00000000	      0.00000000	      0.00000000
      1.54400000	     31.75309808	    282.13165435	    -10.05203642	      0.40652264	      0.00000000	     -0.05261985	      0.00000000	      0.00000000	      0.00000000	      0.00000000	      0.00000000	      0.00000000	      0.00000000	     -0.08176124	      0.00000000	      0.00000000	      0.00000000	      0.00000000
      1.54500000	     32.62304713	    282.98705054	    -10.26777556	      0.40656169	      0.00000000	     -0.05264217	      0.00000000	      0.00000000	      0.00000000	      0.00000000	      0.00000000	      0.00000000	      0.00000000	     -0.10258289	      0.00000000	      0.00000000	      0.00000000	      0.00000000
      1.54600000	     33.47633123	    283.84244223	    -10.46245352	      0.40660777	      0.00000000	     -0.05266965	      0.00000000	      0.00000000	      0.00000000	      0.00000000	      0.00000000	      0.00000000	      0.00000000	     -0.12036279	      0.00000000	      0.00000000	      0.00000000	      0.00000000
      1.54700000	     34.30904839	    284.69964616	    -10.63870460	      0.40666188	      0.00000000	     -0.05270241	      0.00000000	      0.00000000	      0.00000000	      0.00000000	      0.00000000	      0.00000000	      0.00000000	     -0.13515600	      0.00000000	      0.00000000	      0.00000000	      0.00000000
      1.54800000	     35.11835448	    285.56072011	    -10.79936510	      0.40672469	      0.00000000	     -0.05274055	      0.00000000	      0.00000000	      0.00000000	      0.00000000	      0.00000000	      0.00000000	      0.00000000	     -0.14706988	      0.00000000	      0.00000000	      0.00000000	      0.00000000
      1.54900000	     35.90259282	    286.42785442	    -10.94717180	      0.40679659	      0.00000000	     -0.05278405	      0.00000000	      0.00000000	      0.00000000	      0.00000000	      0.00000000	      0.00000000	      0.00000000	     -0.15625241	      0.00000000	      0.00000000	      0.00000000	      0.00000000
      1.55000000	     36.66132640	    287.30331199	    -11.08453588	      0.40687765	      0.00000000	     -0.05283282	      0.00000000	      0.00000000	      0.00000000	      0.00000000	      0.00000000	      0.00000000	      0.00000000	     -0.16288135	      0.00000000	      0.00000000	      0.00000000	      0.00000000
      1.55100000	     37.39528216	    288.18935124	    -11.21340966	      0.40696763	      0.00000000	     -0.05288671	      0.00000000	      0.00000000	      0.00000000	      0.00000000	      0.00000000	      0.00000000	      0.00000000	     -0.16715443	      0.00000000	      0.00000000	      0.00000000	      0.00000000
      1.55200000	     38.10621164	    289.08811690	    -11.33523484	      0.40706605	      0.00000000	     -0.05294549	      0.00000000	      0.00000000	      0.00000000	      0.00000000	      0.00000000	      0.00000000	      0.00000000	     -0.16927971	      0.00000000	      0.00000000	      0.00000000	      0.00000000
      1.55300000	     38.79668625	    290.00151844	    -11.45095052	      0.40717232	      0.00000000	     -0.05300898	      0.00000000	      0.00000000	      0.00000000	      0.00000000	      0.00000000	      0.00000000	      0.00000000	     -0.16946549	      0.00000000	      0.00000000	      0.00000000	      0.00000000
      1.55400000	     39.46984508	    290.93114141	    -11.56104142	      0.40728581	      0.00000000	     -0.05307696	      0.00000000	      0.00000000	      0.00000000	      0.00000000	      0.00000000	      0.00000000	      0.00000000	     -0.16791102	      0.00000000	      0.00000000	      0.00000000	      0.00000000
      1.55500000	     40.12911998	    291.87822483	    -11.66561224	      0.40740595	      0.00000000	     -0.05314930	      0.00000000	      0.00000000	      0.00000000	      0.00000000	      0.00000000	      0.00000000	      0.00000000	     -0.16479883	      0.00000000	      0.00000000	      0.00000000	      0.00000000
      1.55600000	     40.77795469	    292.84370847	    -11.76447771	      0.40753217	      0.00000000	     -0.05322587	      0.00000000	      0.00000000	      0.00000000	      0.00000000	      0.00000000	      0.00000000	      0.00000000	     -0.16028971	      0.00000000	      0.00000000	      0.00000000	      0.00000000
      1.55700000	     41.41952508	    293.82834602	    -11.85725760	      0.40766393	      0.00000000	     -0.05330659	      0.00000000	      0.00000000	      0.00000000	      0.00000000	      0.00000000	      0.00000000	      0.00000000	     -0.15452069	      0.00000000	      0.00000000	      0.00000000	      0.00000000
      1.55800000	     42.05647994	    294.83281764	    -11.94345993	      0.40780076	      0.00000000	     -0.05339143	      0.00000000	      0.00000000	      0.00000000	      0.00000000	      0.00000000	      0.00000000	      0.00000000	     -0.14760394	      0.00000000	      0.00000000	      0.00000000	      0.00000000
      1.55900000	     42.69074032	    295.85778147	    -12.02253987	      0.40794224	      0.00000000	     -0.05348035	      0.00000000	      0.00000000	      0.00000000	      0.00000000	      0.00000000	      0.00000000	      0.00000000	     -0.13962658	      0.00000000	      0.00000000	      0.00000000	      0.00000000
      1.56000000	     43.32339523	    296.90391007	    -12.09393669	      0.40808797	      0.00000000	     -0.05357336	      0.00000000	      0.00000000	      0.00000000	      0.00000000	      0.00000000	      0.00000000	      0.00000000	     -0.13065260	      0.00000000	      0.00000000	      0.00000000	      0.00000000
      1.56100000	     43.95470185	    297.97193388	    -12.15710396	      0.40823759	      0.00000000	     -0.05367050	      0.00000000	      0.00000000	      0.00000000	      0.00000000	      0.00000000	      0.00000000	      0.00000000	     -0.12072574	      0.00000000	      0.00000000	      0.00000000	      0.00000000
      1.56200000	     44.58417495	    299.06261346	    -12.21154714	      0.40839078	      0.00000000	     -0.05377185	      0.00000000	      0.00000000	      0.00000000	      0.00000000	      0.00000000	      0.00000000	      0.00000000	     -0.10987267	      0.00000000	      0.00000000	      0.00000000	      0.00000000
      1.56300000	     45.21074493	    300.17659778	    -12.25686551	      0.40854722	      0.00000000	     -0.05387752	      0.00000000	      0.00000000	      0.00000000	      0.00000000	      0.00000000	      0.00000000	      0.00000000	     -0.09810777	      0.00000000	      0.00000000	      0.00000000	      0.00000000
      1.56400000	     45.83295475	    301.31423299	    -12.29278430	      0.40870671	      0.00000000	     -0.05398761	      0.00000000	      0.00000000	      0.00000000	      0.00000000	      0.00000000	      0.00000000	      0.00000000	     -0.08543857	      0.00000000	      0.00000000	      0.00000000	      0.00000000
      1.56500000	     46.44916537	    302.47543494	    -12.31917018	      0.40886912	      0.00000000	     -0.05410225	      0.00000000	      0.00000000	      0.00000000	      0.00000000	      0.00000000	      0.00000000	      0.00000000	     -0.07186976	      0.00000000	      0.00000000	      0.00000000	      0.00000000
      1.56600000	     47.05774699	    303.65968258	    -12.33602598	      0.40903443	      0.00000000	     -0.05422154	      0.00000000	      0.00000000	      0.00000000	      0.00000000	      0.00000000	      0.00000000	      0.00000000	     -0.05740413	      0.00000000	      0.00000000	      0.00000000	      0.00000000
      1.56700000	     47.65723801	    304.86607956	    -12.34346361	      0.40920263	      0.00000000	     -0.05434555	      0.00000000	      0.00000000	      0.00000000	      0.00000000	      0.00000000	      0.00000000	      0.00000000	     -0.04204158	      0.00000000	      0.00000000	      0.00000000	      0.00000000
      1.56800000	     48.24646218	    306.09342002	    -12.34166526	      0.40937368	      0.00000000	     -0.05447432	      0.00000000	      0.00000000	      0.00000000	      0.00000000	      0.00000000	      0.00000000	      0.00000000	     -0.02578024	      0.00000000	      0.00000000	      0.00000000	      0.00000000
      1.56900000	     48.82460859	    307.34024699	    -12.33083975	      0.40954752	      0.00000000	     -0.05460782	      0.00000000	      0.00000000	      0.00000000	      0.00000000	      0.00000000	      0.00000000	      0.00000000	     -0.00861978	      0.00000000	      0.00000000	      0.00000000	      0.00000000
      1.57000000	     49.39128063	    308.60489970	    -12.31117409	      0.40972409	      0.00000000	     -0.05474595	      0.00000000	      0.00000000	      0.00000000	      0.00000000	      0.00000000	      0.00000000	      0.00000000	      0.00943740	      0.00000000	      0.00000000	      0.00000000	      0.00000000
      1.57100000	     49.94651017	    309.88554156	    -12.28278731	      0.40990326	      0.00000000	     -0.05488857	      0.00000000	      0.00000000	      0.00000000	      0.00000000	      0.00000000	      0.00000000	      0.00000000	      0.02838829	      0.00000000	      0.00000000	      0.00000000	      0.00000000
      1.57200000	     50.49073326	    311.18016694	    -12.24569633	      0.41008485	      0.00000000	     -0.05503557	      0.00000000	      0.00000000	      0.00000000	      0.00000000	      0.00000000	      0.00000000	      0.00000000	      0.04823211	      0.00000000	      0.00000000	      0.00000000	      0.00000000
      1.57300000	     51.02472850	    312.48656977	    -12.19979567	      0.41026865	      0.00000000	     -0.05518682	      0.00000000	      0.00000000	      0.00000000	      0.00000000	      0.00000000	      0.00000000	      0.00000000	      0.06897158	      0.00000000	      0.00000000	      0.00000000	      0.00000000
      1.57400000	     51.54952563	    313.80228870	    -12.14485202	      0.41045446	      0.00000000	     -0.05534224	      0.00000000	      0.00000000	      0.00000000	      0.00000000	      0.00000000	      0.00000000	      0.00000000	      0.09061296	      0.00000000	      0.00000000	      0.00000000	      0.00000000
      1.57500000	     52.06630564	    315.12460677	    -12.08052020	      0.41064213	      0.00000000	     -0.05550177	      0.00000000	      0.00000000	      0.00000000	      0.00000000	      0.00000000	      0.00000000	      0.00000000	      0.11316564	      0.00000000	      0.00000000	      0.00000000	      0.00000000
      1.57600000	     52.57631640	    316.45062630	    -12.00637577	      0.41083157	      0.00000000	     -0.05566535	      0.00000000	      0.00000000	      0.00000000	      0.00000000	      0.00000000	      0.00000000	      0.00000000	      0.13664145	      0.00000000	      0.00000000	      0.00000000	      0.00000000
      1.57700000	     53.08080773	    317.77734904	    -11.92194697	      0.41102270	      0.00000000	     -0.05583288	      0.00000000	      0.00000000	      0.00000000	      0.00000000	      0.00000000	      0.00000000	      0.00000000	      0.16105362	      0.00000000	      0.00000000	      0.00000000	      0.00000000
      1.57800000	     53.58097382	    319.10171342	    -11.82674218	      0.41121547	      0.00000000	     -0.05600425	      0.00000000	      0.00000000	      0.00000000	      0.00000000	      0.00000000	      0.00000000	      0.00000000	      0.18641562	      0.00000000	      0.00000000	      0.00000000	      0.00000000
      1.57900000	     54.07790109	    320.42061955	    -11.72027777	      0.41140981	      0.00000000	     -0.05617931	      0.00000000	      0.00000000	      0.00000000	      0.00000000	      0.00000000	      0.00000000	      0.00000000	      0.21274152	      0.00000000	      0.00000000	      0.00000000	      0.00000000
      1.58000000	     54.57252927	    321.73099158	    -11.60209890	      0.41160565	      0.00000000	     -0.05635794	      0.00000000	      0.00000000	      0.00000000	      0.00000000	      0.00000000	      0.00000000	      0.00000000	      0.24004730	      0.00000000	      0.00000000	      0.00000000	      0.00000000
      1.58100000	     55.06562211	    323.02984934	    -11.47178818	      0.41180291	      0.00000000	     -0.05654001	      0.00000000	      0.00000000	      0.00000000	      0.00000000	      0.00000000	      0.00000000	      0.00000000	      0.26834965	      0.00000000	      0.00000000	      0.00000000	      0.00000000
      1.58200000	     55.55774309	    324.31430719	    -11.32896812	      0.41200152	      0.00000000	     -0.05672535	      0.00000000	      0.00000000	      0.00000000	      0.00000000	      0.00000000	      0.00000000	      0.00000000	      0.29766265	      0.00000000	      0.00000000	      0.00000000	      0.00000000
      1.58300000	     56.04924876	    325.58149138	    -11.17329745	      0.41220147	      0.00000000	     -0.05691382	      0.00000000	      0.00000000	      0.00000000	      0.00000000	      0.00000000	      0.00000000	      0.00000000	      0.32799672	      0.00000000	      0.00000000	      0.00000000	      0.00000000
      1.58400000	     56.54030761	    326.82847206	    -11.00446199	      0.41240279	      0.00000000	     -0.05710529	      0.00000000	      0.00000000	      0.00000000	      0.00000000	      0.00000000	      0.00000000	      0.00000000	      0.35935984	      0.00000000	      0.00000000	      0.00000000	      0.00000000
      1.58500000	     57.03093186	    328.05229290	    -10.82217339	      0.41260554	      0.00000000	     -0.05729965	      0.00000000	      0.00000000	      0.00000000	      0.00000000	      0.00000000	      0.00000000	      0.00000000	      0.39175751	      0.00000000	      0.00000000	      0.00000000	      0.00000000
      1.58600000	     57.52101452	    329.25006381	    -10.62618005	      0.41280987	      0.00000000	     -0.05749686	      0.00000000	      0.00000000	      0.00000000	      0.00000000	      0.00000000	      0.00000000	      0.00000000	      0.42519088	      0.00000000	      0.00000000	      0.00000000	      0.00000000
      1.58700000	     58.01037755	    330.41903932	    -10.41627856	      0.41301591	      0.00000000	     -0.05769684	      0.00000000	      0.00000000	      0.00000000	      0.00000000	      0.00000000	      0.00000000	      0.00000000	      0.45965625	      0.00000000	      0.00000000	      0.00000000	      0.00000000
      1.58800000	     58.49882886	    331.55667220	    -10.19232038	      0.41322376	      0.00000000	     -0.05789953	      0.00000000	      0.00000000	      0.00000000	      0.00000000	      0.00000000	      0.00000000	      0.00000000	      0.49514704	      0.00000000	      0.00000000	      0.00000000	      0.00000000
      1.58900000	     58.98621927	    332.66066652	     -9.95421904	      0.41343346	      0.00000000	     -0.05810485	      0.00000000	      0.00000000	      0.00000000	      0.00000000	      0.00000000	      0.00000000	      0.00000000	      0.53165444	      0.00000000	      0.00000000	      0.00000000	      0.00000000
      1.59000000	     59.47249559	    333.72902409	     -9.70196097	      0.41364494	      0.00000000	     -0.05831267	      0.00000000	      0.00000000	      0.00000000	      0.00000000	      0.00000000	      0.00000000	      0.00000000	      0.56916544	      0.00000000	      0.00000000	      0.00000000	      0.00000000
      1.59100000	     59.95773647	    334.76004838	     -9.43562168	      0.41385805	      0.00000000	     -0.05852280	      0.00000000	      0.00000000	      0.00000000	      0.00000000	      0.00000000	      0.00000000	      0.00000000	      0.60766031	      0.00000000	      0.00000000	      0.00000000	      0.00000000
      1.59200000	     60.44215147	    335.75224986	     -9.15538573	      0.41407255	      0.00000000	     -0.05873502	      0.00000000	      0.00000000	      0.00000000	      0.00000000	      0.00000000	      0.00000000	      0.00000000	      0.64711145	      0.00000000	      0.00000000	      0.00000000	      0.00000000
      1.59300000	     60.92604503	    336.70414811	     -8.86155648	      0.41428823	      0.00000000	     -0.05894909	      0.00000000	      0.00000000	      0.00000000	      0.00000000	      0.00000000	      0.00000000	      0.00000000	      0.68748411	      0.00000000	      0.00000000	      0.00000000	      0.00000000
      1.59400000	     61.40976913	    337.61408089	     -8.55454873	      0.41450489	      0.00000000	     -0.05916478	      0.00000000	      0.00000000	      0.00000000	      0.00000000	      0.00000000	      0.00000000	      0.00000000	      0.72873757	      0.00000000	      0.00000000	      0.00000000	      0.00000000
      1.59500000	     61.89368545	    338.48012175	     -8.23487827	      0.41472241	      0.00000000	     -0.05938191	      0.00000000	      0.00000000	      0.00000000	      0.00000000	      0.00000000	      0.00000000	      0.00000000	      0.77082602	      0.00000000	      0.00000000	      0.00000000	      0.00000000
      1.59600000	     62.37813978	    339.30010121	     -7.90315881	      0.41494069	      0.00000000	     -0.05960036	      0.00000000	      0.00000000	      0.00000000	      0.00000000	      0.00000000	      0.00000000	      0.00000000	      0.81369891	      0.00000000	      0.00000000	      0.00000000	      0.00000000
      1.59700000	     62.86344353	    340.07169805	     -7.56010022	      0.41515968	      0.00000000	     -0.05982001	      0.00000000	      0.00000000	      0.00000000	      0.00000000	      0.00000000	      0.00000000	      0.00000000	      0.85730031	      0.00000000	      0.00000000	      0.00000000	      0.00000000
      1.59800000	     63.34986148	    340.79255267	     -7.20650611	      0.41537933	      0.00000000	     -0.06004073	      0.00000000	      0.00000000	      0.00000000	      0.00000000	      0.00000000	      0.00000000	      0.00000000	      0.90156787	      0.00000000	      0.00000000	      0.00000000	      0.00000000
      1.59900000	     63.83760548	    341.46034534	     -6.84327675	      0.41559958	      0.00000000	     -0.06026236	      0.00000000	      0.00000000	      0.00000000	      0.00000000	      0.00000000	      0.00000000	      0.00000000	      0.94643179	      0.00000000	      0.00000000	      0.00000000	      0.00000000
      1.60000000	     64.32683105	    342.07285420	     -6.47141107	      0.41582037	      0.00000000	     -0.06048471	      0.00000000	      0.00000000	      0.00000000	      0.00000000	      0.00000000	      0.00000000	      0.00000000	      0.99181358	      0.00000000	      0.00000000	      0.00000000	      0.00000000
      1.60100000	     64.81763792	    342.62801853	     -6.09199627	      0.41604161	      0.00000000	     -0.06070759	      0.00000000	      0.00000000	      0.00000000	      0.00000000	      0.00000000	      0.00000000	      0.00000000	      1.03762590	      0.00000000	      0.00000000	      0.00000000	      0.00000000
      1.60200000	     65.31008384	    343.12394395	     -5.70618847	      0.41626314	      0.00000000	     -0.06093076	      0.00000000	      0.00000000	      0.00000000	      0.00000000	      0.00000000	      0.00000000	      0.00000000	      1.08377459	      0.00000000	      0.00000000	      0.00000000	      0.00000000
      1.60300000	     65.80421109	    343.55880603	     -5.31518996	      0.41648481	      0.00000000	     -0.06115402	      0.00000000	      0.00000000	      0.00000000	      0.00000000	      0.00000000	      0.00000000	      0.00000000	      1.13016180	      0.00000000	      0.00000000	      0.00000000	      0.00000000
      1.60400000	     66.30007358	    343.93073571	     -4.92022329	      0.41670654	      0.00000000	     -0.06137721	      0.00000000	      0.00000000	      0.00000000	      0.00000000	      0.00000000	      0.00000000	      0.00000000	      1.17668805	      0.00000000	      0.00000000	      0.00000000	      0.00000000
      1.60500000	     66.79775814	    344.23777796	     -4.52250507	      0.41692834	      0.00000000	     -0.06160018	      0.00000000	      0.00000000	      0.00000000	      0.00000000	      0.00000000	      0.00000000	      0.00000000	      1.22325265	      0.00000000	      0.00000000	      0.00000000	      0.00000000
      1.60600000	     67.29739210	    344.47792449	     -4.12322633	      0.41715028	      0.00000000	     -0.06182277	      0.00000000	      0.00000000	      0.00000000	      0.00000000	      0.00000000	      0.00000000	      0.00000000	      1.26975360	      0.00000000	      0.00000000	      0.00000000	      0.00000000
      1.60700000	     67.79912949	    344.64920093	     -3.72354044	      0.41737250	      0.00000000	     -0.06204489	      0.00000000	      0.00000000	      0.00000000	      0.00000000	      0.00000000	      0.00000000	      0.00000000	      1.31608744	      0.00000000	      0.00000000	      0.00000000	      0.00000000
      1.60800000	     68.30312296	    344.74976911	     -3.32455494	      0.41759510	      0.00000000	     -0.06226641	      0.00000000	      0.00000000	      0.00000000	      0.00000000	      0.00000000	      0.00000000	      0.00000000	      1.36214842	      0.00000000	      0.00000000	      0.00000000	      0.00000000
      1.60900000	     68.80949430	    344.77800212	     -2.92732747	      0.41781820	      0.00000000	     -0.06248723	      0.00000000	      0.00000000	      0.00000000	      0.00000000	      0.00000000	      0.00000000	      0.00000000	      1.40782709	      0.00000000	      0.00000000	      0.00000000	      0.00000000
      1.61000000	     69.31831604	    344.73257367	     -2.53286832	      0.41804183	      0.00000000	     -0.06270722	      0.00000000	      0.00000000	      0.00000000	      0.00000000	      0.00000000	      0.00000000	      0.00000000	      1.45300882	      0.00000000	      0.00000000	      0.00000000	      0.00000000
      1.61100000	     69.82960938	    344.61256890	     -2.14214669	      0.41826592	      0.00000000	     -0.06292625	      0.00000000	      0.00000000	      0.00000000	      0.00000000	      0.00000000	      0.00000000	      0.00000000	      1.49757376	      0.00000000	      0.00000000	      0.00000000	      0.00000000
      1.61200000	     70.34334566	    344.41750466	     -1.75609703	      0.41849030	      0.00000000	     -0.06314416	      0.00000000	      0.00000000	      0.00000000	      0.00000000	      0.00000000	      0.00000000	      0.00000000	      1.54139795	      0.00000000	      0.00000000	      0.00000000	      0.00000000
      1.61300000	     70.85943698	    344.14721809	     -1.37561617	      0.41871466	      0.00000000	     -0.06336075	      0.00000000	      0.00000000	      0.00000000	      0.00000000	      0.00000000	      0.00000000	      0.00000000	      1.58435492	      0.00000000	      0.00000000	      0.00000000	      0.00000000
      1.61400000	     71.37772066	    343.80171658	     -1.00154562	      0.41893874	      0.00000000	     -0.06357586	      0.00000000	      0.00000000	      0.00000000	      0.00000000	      0.00000000	      0.00000000	      0.00000000	      1.62631736	      0.00000000	      0.00000000	      0.00000000	      0.00000000
      1.61500000	     71.89794701	    343.38107648	     -0.63465381	      0.41916226	      0.00000000	     -0.06378933	      0.00000000	      0.00000000	      0.00000000	      0.00000000	      0.00000000	      0.00000000	      0.00000000	      1.66715862	      0.00000000	      0.00000000	      0.00000000	      0.00000000
      1.61600000	     72.41977235	    342.88540378	     -0.27563424	      0.41938501	      0.00000000	     -0.06400099	      0.00000000	      0.00000000	      0.00000000	      0.00000000	      0.00000000	      0.00000000	      0.00000000	      1.70675324	      0.00000000	      0.00000000	      0.00000000	      0.00000000
      1.61700000	     72.94276299	    342.31482400	      0.07488784	      0.41960681	      0.00000000	     -0.06421068	      0.00000000	      0.00000000	      0.00000000	      0.00000000	      0.00000000	      0.00000000	      0.00000000	      1.74497756	      0.00000000	      0.00000000	      0.00000000	      0.00000000
      1.61800000	     73.46641267	    341.66948308	      0.41634894	      0.41982749	      0.00000000	     -0.06441819	      0.00000000	      0.00000000	      0.00000000	      0.00000000	      0.00000000	      0.00000000	      0.00000000	      1.78171110	      0.00000000	      0.00000000	      0.00000000	      0.00000000
      1.61900000	     73.99016060	    340.94957125	      0.74823974	      0.42004689	      0.00000000	     -0.06462331	      0.00000000	      0.00000000	      0.00000000	      0.00000000	      0.00000000	      0.00000000	      0.00000000	      1.81683738	      0.00000000	      0.00000000	      0.00000000	      0.00000000
      1.62000000	     74.51340171	    340.15535624	      1.07010009	      0.42026482	      0.00000000	     -0.06482579	      0.00000000	      0.00000000	      0.00000000	      0.00000000	      0.00000000	      0.00000000	      0.00000000	      1.85024396	      0.00000000	      0.00000000	      0.00000000	      0.00000000
      1.62100000	     75.03549163	    339.28716735	      1.38152170	      0.42048109	      0.00000000	     -0.06502537	      0.00000000	      0.00000000	      0.00000000	      0.00000000	      0.00000000	      0.00000000	      0.00000000	      1.88182307	      0.00000000	      0.00000000	      0.00000000	      0.00000000
      1.62200000	     75.55574616	    338.34528947	      1.68215587	      0.42069549	      0.00000000	     -0.06522180	      0.00000000	      0.00000000	      0.00000000	      0.00000000	      0.00000000	      0.00000000	      0.00000000	      1.91147438	      0.00000000	      0.00000000	      0.00000000	      0.00000000
      1.62300000	     76.07343704	    337.32980174	      1.97172282	      0.42090790	      0.00000000	     -0.06541488	      0.00000000	      0.00000000	      0.00000000	      0.00000000	      0.00000000	      0.00000000	      0.00000000	      1.93910836	      0.00000000	      0.00000000	      0.00000000	      0.00000000
      1.62400000	     76.58779293	    336.24042785	      2.25001901	      0.42111829	      0.00000000	     -0.06560449	      0.00000000	      0.00000000	      0.00000000	      0.00000000	      0.00000000	      0.00000000	      0.00000000	      1.96464877	      0.00000000	      0.00000000	      0.00000000	      0.00000000
      1.62500000	     77.09801457	    335.07647466	      2.51691745	      0.42132672	      0.00000000	     -0.06579057	      0.00000000	      0.00000000	      0.00000000	      0.00000000	      0.00000000	      0.00000000	      0.00000000	      1.98803290	      0.00000000	      0.00000000	      0.00000000	      0.00000000
      1.62600000	     77.60329977	    333.83690730	      2.77236350	      0.42153326	      0.00000000	     -0.06597310	      0.00000000	      0.00000000	      0.00000000	      0.00000000	      0.00000000	      0.00000000	      0.00000000	      2.00920854	      0.00000000	      0.00000000	      0.00000000	      0.00000000
      1.62700000	     78.10286508	    332.52047859	      3.01637389	      0.42173799	      0.00000000	     -0.06615206	      0.00000000	      0.00000000	      0.00000000	      0.00000000	      0.00000000	      0.00000000	      0.00000000	      2.02813069	      0.00000000	      0.00000000	      0.00000000	      0.00000000
      1.62800000	     78.59595620	    331.12580699	      3.24903996	      0.42194095	      0.00000000	     -0.06632743	      0.00000000	      0.00000000	      0.00000000	      0.00000000	      0.00000000	      0.00000000	      0.00000000	      2.04476173	      0.00000000	      0.00000000	      0.00000000	      0.00000000
      1.62900000	     79.08184573	    329.65140373	      3.47053085	      0.42214214	      0.00000000	     -0.06649916	      0.00000000	      0.00000000	      0.00000000	      0.00000000	      0.00000000	      0.00000000	      0.00000000	      2.05907275	      0.00000000	      0.00000000	      0.00000000	      0.00000000
      1.63000000	     79.55981964	    328.09568003	      3.68109638	      0.42234155	      0.00000000	     -0.06666722	      0.00000000	      0.00000000	      0.00000000	      0.00000000	      0.00000000	      0.00000000	      0.00000000	      2.07104363	      0.00000000	      0.00000000	      0.00000000	      0.00000000
      1.63100000	     80.02915671	    326.45695922	      3.88107247	      0.42253913	      0.00000000	     -0.06683153	      0.00000000	      0.00000000	      0.00000000	      0.00000000	      0.00000000	      0.00000000	      0.00000000	      2.08066216	      0.00000000	      0.00000000	      0.00000000	      0.00000000
      1.63200000	     80.48910554	    324.73346923	      4.07088920	      0.42273478	      0.00000000	     -0.06699204	      0.00000000	      0.00000000	      0.00000000	      0.00000000	      0.00000000	      0.00000000	      0.00000000	      2.08792437	      0.00000000	      0.00000000	      0.00000000	      0.00000000
      1.63300000	     80.93886352	    322.92325363	      4.25108082	      0.42292839	      0.00000000	     -0.06714868	      0.00000000	      0.00000000	      0.00000000	      0.00000000	      0.00000000	      0.00000000	      0.00000000	      2.09283701	      0.00000000	      0.00000000	      0.00000000	      0.00000000
      1.63400000	     81.37756051	    321.02405007	      4.42229350	      0.42311978	      0.00000000	     -0.06730147	      0.00000000	      0.00000000	      0.00000000	      0.00000000	      0.00000000	      0.00000000	      0.00000000	      2.09542082	      0.00000000	      0.00000000	      0.00000000	      0.00000000
      1.63500000	     81.80424339	    319.03323504	      4.58528358	      0.42330881	      0.00000000	     -0.06745044	      0.00000000	      0.00000000	      0.00000000	      0.00000000	      0.00000000	      0.00000000	      0.00000000	      2.09571101	      0.00000000	      0.00000000	      0.00000000	      0.00000000
      1.63600000	     82.21785246	    316.94783323	      4.74090638	      0.42349537	      0.00000000	     -0.06759567	      0.00000000	      0.00000000	      0.00000000	      0.00000000	      0.00000000	      0.00000000	      0.00000000	      2.09375578	      0.00000000	      0.00000000	      0.00000000	      0.00000000
      1.63700000	     82.61718765	    314.76456458	      4.89010094	      0.42367940	      0.00000000	     -0.06773727	      0.00000000	      0.00000000	      0.00000000	      0.00000000	      0.00000000	      0.00000000	      0.00000000	      2.08961501	      0.00000000	      0.00000000	      0.00000000	      0.00000000
      1.63800000	     83.00087239	    312.47993386	      5.03387012	      0.42386085	      0.00000000	     -0.06787537	      0.00000000	      0.00000000	      0.00000000	      0.00000000	      0.00000000	      0.00000000	      0.00000000	      2.08335817	      0.00000000	      0.00000000	      0.00000000	      0.00000000
      1.63900000	     83.36731947	    310.09033320	      5.17325190	      0.42403968	      0.00000000	     -0.06801012	      0.00000000	      0.00000000	      0.00000000	      0.00000000	      0.00000000	      0.00000000	      0.00000000	      2.07506113	      0.00000000	      0.00000000	      0.00000000	      0.00000000
      1.64000000	     83.71470464	    307.59212822	      5.30928597	      0.42421584	      0.00000000	     -0.06814169	      0.00000000	      0.00000000	      0.00000000	      0.00000000	      0.00000000	      0.00000000	      0.00000000	      2.06480282	      0.00000000	      0.00000000	      0.00000000	      0.00000000
      1.64100000	     84.04096275	    304.98170591	      5.44298425	      0.42438926	      0.00000000	     -0.06827024	      0.00000000	      0.00000000	      0.00000000	      0.00000000	      0.00000000	      0.00000000	      0.00000000	      2.05266306	      0.00000000	      0.00000000	      0.00000000	      0.00000000
      1.64200000	     84.34381134	    302.25543097	      5.57530835	      0.42456001	      0.00000000	     -0.06839598	      0.00000000	      0.00000000	      0.00000000	      0.00000000	      0.00000000	      0.00000000	      0.00000000	      2.03872297	      0.00000000	      0.00000000	      0.00000000	      0.00000000
      1.64300000	     84.62078255	    299.40952330	      5.70715297	      0.42472827	      0.00000000	     -0.06851911	      0.00000000	      0.00000000	      0.00000000	      0.00000000	      0.00000000	      0.00000000	      0.00000000	      2.02306752	      0.00000000	      0.00000000	      0.00000000	      0.00000000
      1.64400000	     84.86923611	    296.43996235	      5.83933085	      0.42489448	      0.00000000	     -0.06863993	      0.00000000	      0.00000000	      0.00000000	      0.00000000	      0.00000000	      0.00000000	      0.00000000	      2.00578762	      0.00000000	      0.00000000	      0.00000000	      0.00000000
      1.64500000	     85.08634850	    293.34251518	      5.97256010	      0.42505928	      0.00000000	     -0.06875883	      0.00000000	      0.00000000	      0.00000000	      0.00000000	      0.00000000	      0.00000000	      0.00000000	      1.98698107	      0.00000000	      0.00000000	      0.00000000	      0.00000000
      1.64600000	     85.26909795	    290.11290858	      6.10746080	      0.42522354	      0.00000000	     -0.06887631	      0.00000000	      0.00000000	      0.00000000	      0.00000000	      0.00000000	      0.00000000	      0.00000000	      1.96675302	      0.00000000	      0.00000000	      0.00000000	      0.00000000
      1.64700000	     85.41427015	    286.74709384	      6.24455889	      0.42538823	      0.00000000	     -0.06899294	      0.00000000	      0.00000000	      0.00000000	      0.00000000	      0.00000000	      0.00000000	      0.00000000	      1.94521442	      0.00000000	      0.00000000	      0.00000000	      0.00000000
      1.64800000	     85.51849764	    283.24153915	      6.38428844	      0.42555439	      0.00000000	     -0.06910932	      0.00000000	      0.00000000	      0.00000000	      0.00000000	      0.00000000	      0.00000000	      0.00000000	      1.92247752	      0.00000000	      0.00000000	      0.00000000	      0.00000000
      1.64900000	     85.57832389	    279.59349361	      6.52698663	      0.42572302	      0.00000000	     -0.06922600	      0.00000000	      0.00000000	      0.00000000	      0.00000000	      0.00000000	      0.00000000	      0.00000000	      1.89865152	      0.00000000	      0.00000000	      0.00000000	      0.00000000
      1.65000000	     85.59027470	    275.80118427	      6.67288158	      0.42589495	      0.00000000	     -0.06934346	      0.00000000	      0.00000000	      0.00000000	      0.00000000	      0.00000000	      0.00000000	      0.00000000	      1.87384139	      0.00000000	      0.00000000	      0.00000000	      0.00000000
      1.65100000	     85.55092381	    271.86392101	      6.82207803	      0.42607083	      0.00000000	     -0.06946207	      0.00000000	      0.00000000	      0.00000000	      0.00000000	      0.00000000	      0.00000000	      0.00000000	      1.84814872	      0.00000000	      0.00000000	      0.00000000	      0.00000000
      1.65200000	     85.45694202	    267.78203963	      6.97454870	      0.42625105	      0.00000000	     -0.06958214	      0.00000000	      0.00000000	      0.00000000	      0.00000000	      0.00000000	      0.00000000	      0.00000000	      1.82167366	      0.00000000	      0.00000000	      0.00000000	      0.00000000
      1.65300000	     85.30511894	    263.55665376	      7.13013729	      0.42643593	      0.00000000	     -0.06970397	      0.00000000	      0.00000000	      0.00000000	      0.00000000	      0.00000000	      0.00000000	      0.00000000	      1.79451842	      0.00000000	      0.00000000	      0.00000000	      0.00000000
      1.65400000	     85.09236561	    259.18937430	      7.28857173	      0.42662588	      0.00000000	     -0.06982793	      0.00000000	      0.00000000	      0.00000000	      0.00000000	      0.00000000	      0.00000000	      0.00000000	      1.76679033	      0.00000000	      0.00000000	      0.00000000	      0.00000000
      1.65500000	     84.81571948	    254.68218781	      7.44948011	      0.42682142	      0.00000000	     -0.06995441	      0.00000000	      0.00000000	      0.00000000	      0.00000000	      0.00000000	      0.00000000	      0.00000000	      1.73860128	      0.00000000	      0.00000000	      0.00000000	      0.00000000
      1.65600000	     84.47235154	    250.03747339	      7.61240386	      0.42702319	      0.00000000	     -0.07008386	      0.00000000	      0.00000000	      0.00000000	      0.00000000	      0.00000000	      0.00000000	      0.00000000	      1.71006442	      0.00000000	      0.00000000	      0.00000000	      0.00000000
      1.65700000	     84.05955910	    245.25803689	      7.77681131	      0.42723200	      0.00000000	     -0.07021675	      0.00000000	      0.00000000	      0.00000000	      0.00000000	      0.00000000	      0.00000000	      0.00000000	      1.68129124	      0.00000000	      0.00000000	      0.00000000	      0.00000000
      1.65800000	     83.57473661	    240.34715193	      7.94211690	      0.42744875	      0.00000000	     -0.07035359	      0.00000000	      0.00000000	      0.00000000	      0.00000000	      0.00000000	      0.00000000	      0.00000000	      1.65238921	      0.00000000	      0.00000000	      0.00000000	      0.00000000
      1.65900000	     83.01533148	    235.30865566	      8.10770302	      0.42767451	      0.00000000	     -0.07049491	      0.00000000	      0.00000000	      0.00000000	      0.00000000	      0.00000000	      0.00000000	      0.00000000	      1.62345875	      0.00000000	      0.00000000	      0.00000000	      0.00000000
      1.66000000	     82.37880561	    230.14708354	      8.27293945	      0.42791047	      0.00000000	     -0.07064124	      0.00000000	      0.00000000	      0.00000000	      0.00000000	      0.00000000	      0.00000000	      0.00000000	      1.59458948	      0.00000000	      0.00000000	      0.00000000	      0.00000000
      1.66100000	     81.66261278	    224.86779141	      8.43719637	      0.42815793	      0.00000000	     -0.07079311	      0.00000000	      0.00000000	      0.00000000	      0.00000000	      0.00000000	      0.00000000	      0.00000000	      1.56585706	      0.00000000	      0.00000000	      0.00000000	      0.00000000
      1.66200000	     80.86418195	    219.47702911	      8.59984791	      0.42841822	      0.00000000	     -0.07095103	      0.00000000	      0.00000000	      0.00000000	      0.00000000	      0.00000000	      0.00000000	      0.00000000	      1.53732193	      0.00000000	      0.00000000	      0.00000000	      0.00000000
      1.66300000	     79.98090378	    213.98193676	      8.76026999	      0.42869276	      0.00000000	     -0.07111552	      0.00000000	      0.00000000	      0.00000000	      0.00000000	      0.00000000	      0.00000000	      0.00000000	      1.50903055	      0.00000000	      0.00000000	      0.00000000	      0.00000000
      1.66400000	     79.01013295	    208.39049294	      8.91784022	      0.42898308	      0.00000000	     -0.07128711	      0.00000000	      0.00000000	      0.00000000	      0.00000000	      0.00000000	      0.00000000	      0.00000000	      1.48101724	      0.00000000	      0.00000000	      0.00000000	      0.00000000
      1.66500000	     77.94922106	    202.71152453	      9.07193978	      0.42929085	      0.00000000	     -0.07146635	      0.00000000	      0.00000000	      0.00000000	      0.00000000	      0.00000000	      0.00000000	      0.00000000	      1.45330491	      0.00000000	      0.00000000	      0.00000000	      0.00000000
      1.66600000	     76.79559131	    196.95480618	      9.22195171	      0.42961790	      0.00000000	     -0.07165380	      0.00000000	      0.00000000	      0.00000000	      0.00000000	      0.00000000	      0.00000000	      0.00000000	      1.42590511	      0.00000000	      0.00000000	      0.00000000	      0.00000000
      1.66700000	     75.54685164	    191.13114066	      9.36725237	      0.42996620	      0.00000000	     -0.07184998	      0.00000000	      0.00000000	      0.00000000	      0.00000000	      0.00000000	      0.00000000	      0.00000000	      1.39881907	      0.00000000	      0.00000000	      0.00000000	      0.00000000
      1.66800000	     74.20092395	    185.25236617	      9.50719582	      0.43033779	      0.00000000	     -0.07205547	      0.00000000	      0.00000000	      0.00000000	      0.00000000	      0.00000000	      0.00000000	      0.00000000	      1.37203848	      0.00000000	      0.00000000	      0.00000000	      0.00000000
      1.66900000	     72.75617930	    179.33133791	      9.64109585	      0.43073474	      0.00000000	     -0.07227082	      0.00000000	      0.00000000	      0.00000000	      0.00000000	      0.00000000	      0.00000000	      0.00000000	      1.34554349	      0.00000000	      0.00000000	      0.00000000	      0.00000000
      1.67000000	     71.21158564	    173.38187834	      9.76821527	      0.43115909	      0.00000000	     -0.07249656	      0.00000000	      0.00000000	      0.00000000	      0.00000000	      0.00000000	      0.00000000	      0.00000000	      1.31929992	      0.00000000	      0.00000000	      0.00000000	      0.00000000
      1.67100000	     69.56685176	    167.41865686	      9.88776620	      0.43161279	      0.00000000	     -0.07273314	      0.00000000	      0.00000000	      0.00000000	      0.00000000	      0.00000000	      0.00000000	      0.00000000	      1.29325765	      0.00000000	      0.00000000	      0.00000000	      0.00000000
      1.67200000	     67.82253942	    161.45702194	      9.99892091	      0.43209767	      0.00000000	     -0.07298090	      0.00000000	      0.00000000	      0.00000000	      0.00000000	      0.00000000	      0.00000000	      0.00000000	      1.26734996	      0.00000000	      0.00000000	      0.00000000	      0.00000000
      1.67300000	     65.98014751	    155.51280395	     10.10083780	      0.43261547	      0.00000000	     -0.07324007	      0.00000000	      0.00000000	      0.00000000	      0.00000000	      0.00000000	      0.00000000	      0.00000000	      1.24149652	      0.00000000	      0.00000000	      0.00000000	      0.00000000
      1.67400000	     64.04219430	    149.60208241	     10.19269310	      0.43316781	      0.00000000	     -0.07351084	      0.00000000	      0.00000000	      0.00000000	      0.00000000	      0.00000000	      0.00000000	      0.00000000	      1.21561154	      0.00000000	      0.00000000	      0.00000000	      0.00000000
      1.67500000	     62.01231462	    143.74093950	     10.27369944	      0.43375619	      0.00000000	     -0.07379341	      0.00000000	      0.00000000	      0.00000000	      0.00000000	      0.00000000	      0.00000000	      0.00000000	      1.18961119	      0.00000000	      0.00000000	      0.00000000	      0.00000000
      1.67600000	     59.89537230	    137.94523387	     10.34311128	      0.43438194	      0.00000000	     -0.07408797	      0.00000000	      0.00000000	      0.00000000	      0.00000000	      0.00000000	      0.00000000	      0.00000000	      1.16341638	      0.00000000	      0.00000000	      0.00000000	      0.00000000
      1.67700000	     57.69757657	    132.23040127	     10.40021974	      0.43504618	      0.00000000	     -0.07439464	      0.00000000	      0.00000000	      0.00000000	      0.00000000	      0.00000000	      0.00000000	      0.00000000	      1.13695314	      0.00000000	      0.00000000	      0.00000000	      0.00000000
      1.67800000	     55.42658482	    126.61126217	     10.44432595	      0.43574966	      0.00000000	     -0.07471338	      0.00000000	      0.00000000	      0.00000000	      0.00000000	      0.00000000	      0.00000000	      0.00000000	      1.11015216	      0.00000000	      0.00000000	      0.00000000	      0.00000000
      1.67900000	     53.09157876	    121.10185092	     10.47469594	      0.43649275	      0.00000000	     -0.07504389	      0.00000000	      0.00000000	      0.00000000	      0.00000000	      0.00000000	      0.00000000	      0.00000000	      1.08294547	      0.00000000	      0.00000000	      0.00000000	      0.00000000
      1.68000000	     50.70331763	    115.71526356	     10.49051530	      0.43727505	      0.00000000	     -0.07538541	      0.00000000	      0.00000000	      0.00000000	      0.00000000	      0.00000000	      0.00000000	      0.00000000	      1.05526216	      0.00000000	      0.00000000	      0.00000000	      0.00000000
      1.68100000	     48.27415847	    110.46341981	     10.49085100	      0.43809515	      0.00000000	     -0.07573671	      0.00000000	      0.00000000	      0.00000000	      0.00000000	      0.00000000	      0.00000000	      0.00000000	      1.02702840	      0.00000000	      0.00000000	      0.00000000	      0.00000000
      1.68200000	     45.81800332	    105.35668490	     10.47461910	      0.43895037	      0.00000000	     -0.07609605	      0.00000000	      0.00000000	      0.00000000	      0.00000000	      0.00000000	      0.00000000	      0.00000000	      0.99817357	      0.00000000	      0.00000000	      0.00000000	      0.00000000
      1.68300000	     43.35015989	    100.40345657	     10.44057086	      0.43983686	      0.00000000	     -0.07646138	      0.00000000	      0.00000000	      0.00000000	      0.00000000	      0.00000000	      0.00000000	      0.00000000	      0.96864050	      0.00000000	      0.00000000	      0.00000000	      0.00000000
      1.68400000	     40.88714197	     95.60986402	     10.38730417	      0.44074974	      0.00000000	     -0.07683044	      0.00000000	      0.00000000	      0.00000000	      0.00000000	      0.00000000	      0.00000000	      0.00000000	      0.93839641	      0.00000000	      0.00000000	      0.00000000	      0.00000000
      1.68500000	     38.44643567	     90.97964282	     10.31328391	      0.44168333	      0.00000000	     -0.07720081	      0.00000000	      0.00000000	      0.00000000	      0.00000000	      0.00000000	      0.00000000	      0.00000000	      0.90744155	      0.00000000	      0.00000000	      0.00000000	      0.00000000
      1.68600000	     36.04620961	     86.51415811	     10.21686309	      0.44263142	      0.00000000	     -0.07757000	      0.00000000	      0.00000000	      0.00000000	      0.00000000	      0.00000000	      0.00000000	      0.00000000	      0.87581524	      0.00000000	      0.00000000	      0.00000000	      0.00000000
      1.68700000	     33.70485102	     82.21251973	     10.09632134	      0.44358743	      0.00000000	     -0.07793541	      0.00000000	      0.00000000	      0.00000000	      0.00000000	      0.00000000	      0.00000000	      0.00000000	      0.84359501	      0.00000000	      0.00000000	      0.00000000	      0.00000000
      1.68800000	     31.44022405	     78.07177208	      9.94994198	      0.44454447	      0.00000000	     -0.07829432	      0.00000000	      0.00000000	      0.00000000	      0.00000000	      0.00000000	      0.00000000	      0.00000000	      0.81088493	      0.00000000	      0.00000000	      0.00000000	      0.00000000
      1.68900000	     29.26866929	     74.08721306	      9.77613707	      0.44549535	      0.00000000	     -0.07864398	      0.00000000	      0.00000000	      0.00000000	      0.00000000	      0.00000000	      0.00000000	      0.00000000	      0.77779858	      0.00000000	      0.00000000	      0.00000000	      0.00000000
      1.69000000	     27.20387646	     70.25287530	      9.57361006	      0.44643267	      0.00000000	     -0.07898161	      0.00000000	      0.00000000	      0.00000000	      0.00000000	      0.00000000	      0.00000000	      0.00000000	      0.74444690	      0.00000000	      0.00000000	      0.00000000	      0.00000000
      1.69100000	     25.25593763	     66.56208395	      9.34151801	      0.44734913	      0.00000000	     -0.07930447	      0.00000000	      0.00000000	      0.00000000	      0.00000000	      0.00000000	      0.00000000	      0.00000000	      0.71093412	      0.00000000	      0.00000000	      0.00000000	      0.00000000
      1.69200000	     23.43090327	     63.00793251	      9.07958689	      0.44823788	      0.00000000	     -0.07960990	      0.00000000	      0.00000000	      0.00000000	      0.00000000	      0.00000000	      0.00000000	      0.00000000	      0.67735748	      0.00000000	      0.00000000	      0.00000000	      0.00000000
      1.69300000	     21.73086607	     59.58356957	      8.78817201	      0.44909300	      0.00000000	     -0.07989545	      0.00000000	      0.00000000	      0.00000000	      0.00000000	      0.00000000	      0.00000000	      0.00000000	      0.64381067	      0.00000000	      0.00000000	      0.00000000	      0.00000000
      1.69400000	     20.15436182	     56.28234874	      8.46828683	      0.44990992	      0.00000000	     -0.08015918	      0.00000000	      0.00000000	      0.00000000	      0.00000000	      0.00000000	      0.00000000	      0.00000000	      0.61039047	      0.00000000	      0.00000000	      0.00000000	      0.00000000
      1.69500000	     18.69690063	     53.09795208	      8.12160736	      0.45068556	      0.00000000	     -0.08039970	      0.00000000	      0.00000000	      0.00000000	      0.00000000	      0.00000000	      0.00000000	      0.00000000	      0.57719842	      0.00000000	      0.00000000	      0.00000000	      0.00000000
      1.69600000	     17.35157436	     50.02451525	      7.75044778	      0.45141835	      0.00000000	     -0.08061618	      0.00000000	      0.00000000	      0.00000000	      0.00000000	      0.00000000	      0.00000000	      0.00000000	      0.54433550	      0.00000000	      0.00000000	      0.00000000	      0.00000000
      1.69700000	     16.10974571	     47.05674313	      7.35771069	      0.45210804	      0.00000000	     -0.08080822	      0.00000000	      0.00000000	      0.00000000	      0.00000000	      0.00000000	      0.00000000	      0.00000000	      0.51189718	      0.00000000	      0.00000000	      0.00000000	      0.00000000
      1.69800000	     14.96178018	     44.18998182	      6.94681382	      0.45275547	      0.00000000	     -0.08097582	      0.00000000	      0.00000000	      0.00000000	      0.00000000	      0.00000000	      0.00000000	      0.00000000	      0.47997386	      0.00000000	      0.00000000	      0.00000000	      0.00000000
      1.69900000	     13.89774612	     41.42021740	      6.52159122	      0.45336239	      0.00000000	     -0.08111946	      0.00000000	      0.00000000	      0.00000000	      0.00000000	      0.00000000	      0.00000000	      0.00000000	      0.44865451	      0.00000000	      0.00000000	      0.00000000	      0.00000000
      1.70000000	      0.00000000	      0.00000000	      0.00000000	      0.00000000	      0.00000000	      0.00000000	      0.00000000	      0.00000000	      0.00000000	      0.00000000	      0.00000000	      0.00000000	      0.00000000	      0.00000000	      0.00000000	      0.00000000	      0.00000000	      0.00000000
      1.70100000	      0.00000000	      0.00000000	      0.00000000	      0.00000000	      0.00000000	      0.00000000	      0.00000000	      0.00000000	      0.00000000	      0.00000000	      0.00000000	      0.00000000	      0.00000000	      0.00000000	      0.00000000	      0.00000000	      0.00000000	      0.00000000
      1.70200000	      0.00000000	      0.00000000	      0.00000000	      0.00000000	      0.00000000	      0.00000000	      0.00000000	      0.00000000	      0.00000000	      0.00000000	      0.00000000	      0.00000000	      0.00000000	      0.00000000	      0.00000000	      0.00000000	      0.00000000	      0.00000000
      1.70300000	      0.00000000	      0.00000000	      0.00000000	      0.00000000	      0.00000000	      0.00000000	      0.00000000	      0.00000000	      0.00000000	      0.00000000	      0.00000000	      0.00000000	      0.00000000	      0.00000000	      0.00000000	      0.00000000	      0.00000000	      0.00000000
      1.70400000	      0.00000000	      0.00000000	      0.00000000	      0.00000000	      0.00000000	      0.00000000	      0.00000000	      0.00000000	      0.00000000	      0.00000000	      0.00000000	      0.00000000	      0.00000000	      0.00000000	      0.00000000	      0.00000000	      0.00000000	      0.00000000
      1.70500000	      0.00000000	      0.00000000	      0.00000000	      0.00000000	      0.00000000	      0.00000000	      0.00000000	      0.00000000	      0.00000000	      0.00000000	      0.00000000	      0.00000000	      0.00000000	      0.00000000	      0.00000000	      0.00000000	      0.00000000	      0.00000000
      1.70600000	      0.00000000	      0.00000000	      0.00000000	      0.00000000	      0.00000000	      0.00000000	      0.00000000	      0.00000000	      0.00000000	      0.00000000	      0.00000000	      0.00000000	      0.00000000	      0.00000000	      0.00000000	      0.00000000	      0.00000000	      0.00000000
      1.70700000	      0.00000000	      0.00000000	      0.00000000	      0.00000000	      0.00000000	      0.00000000	      0.00000000	      0.00000000	      0.00000000	      0.00000000	      0.00000000	      0.00000000	      0.00000000	      0.00000000	      0.00000000	      0.00000000	      0.00000000	      0.00000000
      1.70800000	      0.00000000	      0.00000000	      0.00000000	      0.00000000	      0.00000000	      0.00000000	      0.00000000	      0.00000000	      0.00000000	      0.00000000	      0.00000000	      0.00000000	      0.00000000	      0.00000000	      0.00000000	      0.00000000	      0.00000000	      0.00000000
      1.70900000	      0.00000000	      0.00000000	      0.00000000	      0.00000000	      0.00000000	      0.00000000	      0.00000000	      0.00000000	      0.00000000	      0.00000000	      0.00000000	      0.00000000	      0.00000000	      0.00000000	      0.00000000	      0.00000000	      0.00000000	      0.00000000
      1.71000000	      0.00000000	      0.00000000	      0.00000000	      0.00000000	      0.00000000	      0.00000000	      0.00000000	      0.00000000	      0.00000000	      0.00000000	      0.00000000	      0.00000000	      0.00000000	      0.00000000	      0.00000000	      0.00000000	      0.00000000	      0.00000000
      1.71100000	      0.00000000	      0.00000000	      0.00000000	      0.00000000	      0.00000000	      0.00000000	      0.00000000	      0.00000000	      0.00000000	      0.00000000	      0.00000000	      0.00000000	      0.00000000	      0.00000000	      0.00000000	      0.00000000	      0.00000000	      0.00000000
      1.71200000	      0.00000000	      0.00000000	      0.00000000	      0.00000000	      0.00000000	      0.00000000	      0.00000000	      0.00000000	      0.00000000	      0.00000000	      0.00000000	      0.00000000	      0.00000000	      0.00000000	      0.00000000	      0.00000000	      0.00000000	      0.00000000
      1.71300000	      0.00000000	      0.00000000	      0.00000000	      0.00000000	      0.00000000	      0.00000000	      0.00000000	      0.00000000	      0.00000000	      0.00000000	      0.00000000	      0.00000000	      0.00000000	      0.00000000	      0.00000000	      0.00000000	      0.00000000	      0.00000000
      1.71400000	      0.00000000	      0.00000000	      0.00000000	      0.00000000	      0.00000000	      0.00000000	      0.00000000	      0.00000000	      0.00000000	      0.00000000	      0.00000000	      0.00000000	      0.00000000	      0.00000000	      0.00000000	      0.00000000	      0.00000000	      0.00000000
      1.71500000	      0.00000000	      0.00000000	      0.00000000	      0.00000000	      0.00000000	      0.00000000	      0.00000000	      0.00000000	      0.00000000	      0.00000000	      0.00000000	      0.00000000	      0.00000000	      0.00000000	      0.00000000	      0.00000000	      0.00000000	      0.00000000
      1.71600000	      0.00000000	      0.00000000	      0.00000000	      0.00000000	      0.00000000	      0.00000000	      0.00000000	      0.00000000	      0.00000000	      0.00000000	      0.00000000	      0.00000000	      0.00000000	      0.00000000	      0.00000000	      0.00000000	      0.00000000	      0.00000000
      1.71700000	      0.00000000	      0.00000000	      0.00000000	      0.00000000	      0.00000000	      0.00000000	      0.00000000	      0.00000000	      0.00000000	      0.00000000	      0.00000000	      0.00000000	      0.00000000	      0.00000000	      0.00000000	      0.00000000	      0.00000000	      0.00000000
      1.71800000	      0.00000000	      0.00000000	      0.00000000	      0.00000000	      0.00000000	      0.00000000	      0.00000000	      0.00000000	      0.00000000	      0.00000000	      0.00000000	      0.00000000	      0.00000000	      0.00000000	      0.00000000	      0.00000000	      0.00000000	      0.00000000
      1.71900000	      0.00000000	      0.00000000	      0.00000000	      0.00000000	      0.00000000	      0.00000000	      0.00000000	      0.00000000	      0.00000000	      0.00000000	      0.00000000	      0.00000000	      0.00000000	      0.00000000	      0.00000000	      0.00000000	      0.00000000	      0.00000000
      1.72000000	      0.00000000	      0.00000000	      0.00000000	      0.00000000	      0.00000000	      0.00000000	      0.00000000	      0.00000000	      0.00000000	      0.00000000	      0.00000000	      0.00000000	      0.00000000	      0.00000000	      0.00000000	      0.00000000	      0.00000000	      0.00000000
      1.72100000	      0.00000000	      0.00000000	      0.00000000	      0.00000000	      0.00000000	      0.00000000	      0.00000000	      0.00000000	      0.00000000	      0.00000000	      0.00000000	      0.00000000	      0.00000000	      0.00000000	      0.00000000	      0.00000000	      0.00000000	      0.00000000
      1.72200000	      0.00000000	      0.00000000	      0.00000000	      0.00000000	      0.00000000	      0.00000000	      0.00000000	      0.00000000	      0.00000000	      0.00000000	      0.00000000	      0.00000000	      0.00000000	      0.00000000	      0.00000000	      0.00000000	      0.00000000	      0.00000000
      1.72300000	      0.00000000	      0.00000000	      0.00000000	      0.00000000	      0.00000000	      0.00000000	      0.00000000	      0.00000000	      0.00000000	      0.00000000	      0.00000000	      0.00000000	      0.00000000	      0.00000000	      0.00000000	      0.00000000	      0.00000000	      0.00000000
      1.72400000	      0.00000000	      0.00000000	      0.00000000	      0.00000000	      0.00000000	      0.00000000	      0.00000000	      0.00000000	      0.00000000	      0.00000000	      0.00000000	      0.00000000	      0.00000000	      0.00000000	      0.00000000	      0.00000000	      0.00000000	      0.00000000
      1.72500000	      0.00000000	      0.00000000	      0.00000000	      0.00000000	      0.00000000	      0.00000000	      0.00000000	      0.00000000	      0.00000000	      0.00000000	      0.00000000	      0.00000000	      0.00000000	      0.00000000	      0.00000000	      0.00000000	      0.00000000	      0.00000000
      1.72600000	      0.00000000	      0.00000000	      0.00000000	      0.00000000	      0.00000000	      0.00000000	      0.00000000	      0.00000000	      0.00000000	      0.00000000	      0.00000000	      0.00000000	      0.00000000	      0.00000000	      0.00000000	      0.00000000	      0.00000000	      0.00000000
      1.72700000	      0.00000000	      0.00000000	      0.00000000	      0.00000000	      0.00000000	      0.00000000	      0.00000000	      0.00000000	      0.00000000	      0.00000000	      0.00000000	      0.00000000	      0.00000000	      0.00000000	      0.00000000	      0.00000000	      0.00000000	      0.00000000
      1.72800000	      0.00000000	      0.00000000	      0.00000000	      0.00000000	      0.00000000	      0.00000000	      0.00000000	      0.00000000	      0.00000000	      0.00000000	      0.00000000	      0.00000000	      0.00000000	      0.00000000	      0.00000000	      0.00000000	      0.00000000	      0.00000000
      1.72900000	      0.00000000	      0.00000000	      0.00000000	      0.00000000	      0.00000000	      0.00000000	      0.00000000	      0.00000000	      0.00000000	      0.00000000	      0.00000000	      0.00000000	      0.00000000	      0.00000000	      0.00000000	      0.00000000	      0.00000000	      0.00000000
      1.73000000	      0.00000000	      0.00000000	      0.00000000	      0.00000000	      0.00000000	      0.00000000	      0.00000000	      0.00000000	      0.00000000	      0.00000000	      0.00000000	      0.00000000	      0.00000000	      0.00000000	      0.00000000	      0.00000000	      0.00000000	      0.00000000
      1.73100000	      0.00000000	      0.00000000	      0.00000000	      0.00000000	      0.00000000	      0.00000000	      0.00000000	      0.00000000	      0.00000000	      0.00000000	      0.00000000	      0.00000000	      0.00000000	      0.00000000	      0.00000000	      0.00000000	      0.00000000	      0.00000000
      1.73200000	      0.00000000	      0.00000000	      0.00000000	      0.00000000	      0.00000000	      0.00000000	      0.00000000	      0.00000000	      0.00000000	      0.00000000	      0.00000000	      0.00000000	      0.00000000	      0.00000000	      0.00000000	      0.00000000	      0.00000000	      0.00000000
      1.73300000	      0.00000000	      0.00000000	      0.00000000	      0.00000000	      0.00000000	      0.00000000	      0.00000000	      0.00000000	      0.00000000	      0.00000000	      0.00000000	      0.00000000	      0.00000000	      0.00000000	      0.00000000	      0.00000000	      0.00000000	      0.00000000
      1.73400000	      0.00000000	      0.00000000	      0.00000000	      0.00000000	      0.00000000	      0.00000000	      0.00000000	      0.00000000	      0.00000000	      0.00000000	      0.00000000	      0.00000000	      0.00000000	      0.00000000	      0.00000000	      0.00000000	      0.00000000	      0.00000000
      1.73500000	      0.00000000	      0.00000000	      0.00000000	      0.00000000	      0.00000000	      0.00000000	      0.00000000	      0.00000000	      0.00000000	      0.00000000	      0.00000000	      0.00000000	      0.00000000	      0.00000000	      0.00000000	      0.00000000	      0.00000000	      0.00000000
      1.73600000	      0.00000000	      0.00000000	      0.00000000	      0.00000000	      0.00000000	      0.00000000	      0.00000000	      0.00000000	      0.00000000	      0.00000000	      0.00000000	      0.00000000	      0.00000000	      0.00000000	      0.00000000	      0.00000000	      0.00000000	      0.00000000
      1.73700000	      0.00000000	      0.00000000	      0.00000000	      0.00000000	      0.00000000	      0.00000000	      0.00000000	      0.00000000	      0.00000000	      0.00000000	      0.00000000	      0.00000000	      0.00000000	      0.00000000	      0.00000000	      0.00000000	      0.00000000	      0.00000000
      1.73800000	      0.00000000	      0.00000000	      0.00000000	      0.00000000	      0.00000000	      0.00000000	      0.00000000	      0.00000000	      0.00000000	      0.00000000	      0.00000000	      0.00000000	      0.00000000	      0.00000000	      0.00000000	      0.00000000	      0.00000000	      0.00000000
      1.73900000	      0.00000000	      0.00000000	      0.00000000	      0.00000000	      0.00000000	      0.00000000	      0.00000000	      0.00000000	      0.00000000	      0.00000000	      0.00000000	      0.00000000	      0.00000000	      0.00000000	      0.00000000	      0.00000000	      0.00000000	      0.00000000
      1.74000000	      0.00000000	      0.00000000	      0.00000000	      0.00000000	      0.00000000	      0.00000000	      0.00000000	      0.00000000	      0.00000000	      0.00000000	      0.00000000	      0.00000000	      0.00000000	      0.00000000	      0.00000000	      0.00000000	      0.00000000	      0.00000000
      1.74100000	      0.00000000	      0.00000000	      0.00000000	      0.00000000	      0.00000000	      0.00000000	      0.00000000	      0.00000000	      0.00000000	      0.00000000	      0.00000000	      0.00000000	      0.00000000	      0.00000000	      0.00000000	      0.00000000	      0.00000000	      0.00000000
      1.74200000	      0.00000000	      0.00000000	      0.00000000	      0.00000000	      0.00000000	      0.00000000	      0.00000000	      0.00000000	      0.00000000	      0.00000000	      0.00000000	      0.00000000	      0.00000000	      0.00000000	      0.00000000	      0.00000000	      0.00000000	      0.00000000
      1.74300000	      0.00000000	      0.00000000	      0.00000000	      0.00000000	      0.00000000	      0.00000000	      0.00000000	      0.00000000	      0.00000000	      0.00000000	      0.00000000	      0.00000000	      0.00000000	      0.00000000	      0.00000000	      0.00000000	      0.00000000	      0.00000000
      1.74400000	      0.00000000	      0.00000000	      0.00000000	      0.00000000	      0.00000000	      0.00000000	      0.00000000	      0.00000000	      0.00000000	      0.00000000	      0.00000000	      0.00000000	      0.00000000	      0.00000000	      0.00000000	      0.00000000	      0.00000000	      0.00000000
      1.74500000	      0.00000000	      0.00000000	      0.00000000	      0.00000000	      0.00000000	      0.00000000	      0.00000000	      0.00000000	      0.00000000	      0.00000000	      0.00000000	      0.00000000	      0.00000000	      0.00000000	      0.00000000	      0.00000000	      0.00000000	      0.00000000
      1.74600000	      0.00000000	      0.00000000	      0.00000000	      0.00000000	      0.00000000	      0.00000000	      0.00000000	      0.00000000	      0.00000000	      0.00000000	      0.00000000	      0.00000000	      0.00000000	      0.00000000	      0.00000000	      0.00000000	      0.00000000	      0.00000000
      1.74700000	      0.00000000	      0.00000000	      0.00000000	      0.00000000	      0.00000000	      0.00000000	      0.00000000	      0.00000000	      0.00000000	      0.00000000	      0.00000000	      0.00000000	      0.00000000	      0.00000000	      0.00000000	      0.00000000	      0.00000000	      0.00000000
      1.74800000	      0.00000000	      0.00000000	      0.00000000	      0.00000000	      0.00000000	      0.00000000	      0.00000000	      0.00000000	      0.00000000	      0.00000000	      0.00000000	      0.00000000	      0.00000000	      0.00000000	      0.00000000	      0.00000000	      0.00000000	      0.00000000
      1.74900000	      0.00000000	      0.00000000	      0.00000000	      0.00000000	      0.00000000	      0.00000000	      0.00000000	      0.00000000	      0.00000000	      0.00000000	      0.00000000	      0.00000000	      0.00000000	      0.00000000	      0.00000000	      0.00000000	      0.00000000	      0.00000000
      1.75000000	      0.00000000	      0.00000000	      0.00000000	      0.00000000	      0.00000000	      0.00000000	      0.00000000	      0.00000000	      0.00000000	      0.00000000	      0.00000000	      0.00000000	      0.00000000	      0.00000000	      0.00000000	      0.00000000	      0.00000000	      0.00000000
      1.75100000	      0.00000000	      0.00000000	      0.00000000	      0.00000000	      0.00000000	      0.00000000	      0.00000000	      0.00000000	      0.00000000	      0.00000000	      0.00000000	      0.00000000	      0.00000000	      0.00000000	      0.00000000	      0.00000000	      0.00000000	      0.00000000
      1.75200000	      0.00000000	      0.00000000	      0.00000000	      0.00000000	      0.00000000	      0.00000000	      0.00000000	      0.00000000	      0.00000000	      0.00000000	      0.00000000	      0.00000000	      0.00000000	      0.00000000	      0.00000000	      0.00000000	      0.00000000	      0.00000000
      1.75300000	      0.00000000	      0.00000000	      0.00000000	      0.00000000	      0.00000000	      0.00000000	      0.00000000	      0.00000000	      0.00000000	      0.00000000	      0.00000000	      0.00000000	      0.00000000	      0.00000000	      0.00000000	      0.00000000	      0.00000000	      0.00000000
      1.75400000	      0.00000000	      0.00000000	      0.00000000	      0.00000000	      0.00000000	      0.00000000	      0.00000000	      0.00000000	      0.00000000	      0.00000000	      0.00000000	      0.00000000	      0.00000000	      0.00000000	      0.00000000	      0.00000000	      0.00000000	      0.00000000
      1.75500000	      0.00000000	      0.00000000	      0.00000000	      0.00000000	      0.00000000	      0.00000000	      0.00000000	      0.00000000	      0.00000000	      0.00000000	      0.00000000	      0.00000000	      0.00000000	      0.00000000	      0.00000000	      0.00000000	      0.00000000	      0.00000000
      1.75600000	      0.00000000	      0.00000000	      0.00000000	      0.00000000	      0.00000000	      0.00000000	      0.00000000	      0.00000000	      0.00000000	      0.00000000	      0.00000000	      0.00000000	      0.00000000	      0.00000000	      0.00000000	      0.00000000	      0.00000000	      0.00000000
      1.75700000	      0.00000000	      0.00000000	      0.00000000	      0.00000000	      0.00000000	      0.00000000	      0.00000000	      0.00000000	      0.00000000	      0.00000000	      0.00000000	      0.00000000	      0.00000000	      0.00000000	      0.00000000	      0.00000000	      0.00000000	      0.00000000
      1.75800000	      0.00000000	      0.00000000	      0.00000000	      0.00000000	      0.00000000	      0.00000000	      0.00000000	      0.00000000	      0.00000000	      0.00000000	      0.00000000	      0.00000000	      0.00000000	      0.00000000	      0.00000000	      0.00000000	      0.00000000	      0.00000000
      1.75900000	      0.00000000	      0.00000000	      0.00000000	      0.00000000	      0.00000000	      0.00000000	      0.00000000	      0.00000000	      0.00000000	      0.00000000	      0.00000000	      0.00000000	      0.00000000	      0.00000000	      0.00000000	      0.00000000	      0.00000000	      0.00000000
      1.76000000	      0.00000000	      0.00000000	      0.00000000	      0.00000000	      0.00000000	      0.00000000	      0.00000000	      0.00000000	      0.00000000	      0.00000000	      0.00000000	      0.00000000	      0.00000000	      0.00000000	      0.00000000	      0.00000000	      0.00000000	      0.00000000
      1.76100000	      0.00000000	      0.00000000	      0.00000000	      0.00000000	      0.00000000	      0.00000000	      0.00000000	      0.00000000	      0.00000000	      0.00000000	      0.00000000	      0.00000000	      0.00000000	      0.00000000	      0.00000000	      0.00000000	      0.00000000	      0.00000000
      1.76200000	      0.00000000	      0.00000000	      0.00000000	      0.00000000	      0.00000000	      0.00000000	      0.00000000	      0.00000000	      0.00000000	      0.00000000	      0.00000000	      0.00000000	      0.00000000	      0.00000000	      0.00000000	      0.00000000	      0.00000000	      0.00000000
      1.76300000	      0.00000000	      0.00000000	      0.00000000	      0.00000000	      0.00000000	      0.00000000	      0.00000000	      0.00000000	      0.00000000	      0.00000000	      0.00000000	      0.00000000	      0.00000000	      0.00000000	      0.00000000	      0.00000000	      0.00000000	      0.00000000
      1.76400000	      0.00000000	      0.00000000	      0.00000000	      0.00000000	      0.00000000	      0.00000000	      0.00000000	      0.00000000	      0.00000000	      0.00000000	      0.00000000	      0.00000000	      0.00000000	      0.00000000	      0.00000000	      0.00000000	      0.00000000	      0.00000000
      1.76500000	      0.00000000	      0.00000000	      0.00000000	      0.00000000	      0.00000000	      0.00000000	      0.00000000	      0.00000000	      0.00000000	      0.00000000	      0.00000000	      0.00000000	      0.00000000	      0.00000000	      0.00000000	      0.00000000	      0.00000000	      0.00000000
      1.76600000	      0.00000000	      0.00000000	      0.00000000	      0.00000000	      0.00000000	      0.00000000	      0.00000000	      0.00000000	      0.00000000	      0.00000000	      0.00000000	      0.00000000	      0.00000000	      0.00000000	      0.00000000	      0.00000000	      0.00000000	      0.00000000
      1.76700000	      0.00000000	      0.00000000	      0.00000000	      0.00000000	      0.00000000	      0.00000000	      0.00000000	      0.00000000	      0.00000000	      0.00000000	      0.00000000	      0.00000000	      0.00000000	      0.00000000	      0.00000000	      0.00000000	      0.00000000	      0.00000000
      1.76800000	      0.00000000	      0.00000000	      0.00000000	      0.00000000	      0.00000000	      0.00000000	      0.00000000	      0.00000000	      0.00000000	      0.00000000	      0.00000000	      0.00000000	      0.00000000	      0.00000000	      0.00000000	      0.00000000	      0.00000000	      0.00000000
      1.76900000	      0.00000000	      0.00000000	      0.00000000	      0.00000000	      0.00000000	      0.00000000	      0.00000000	      0.00000000	      0.00000000	      0.00000000	      0.00000000	      0.00000000	      0.00000000	      0.00000000	      0.00000000	      0.00000000	      0.00000000	      0.00000000
      1.77000000	      0.00000000	      0.00000000	      0.00000000	      0.00000000	      0.00000000	      0.00000000	      0.00000000	      0.00000000	      0.00000000	      0.00000000	      0.00000000	      0.00000000	      0.00000000	      0.00000000	      0.00000000	      0.00000000	      0.00000000	      0.00000000
      1.77100000	      0.00000000	      0.00000000	      0.00000000	      0.00000000	      0.00000000	      0.00000000	      0.00000000	      0.00000000	      0.00000000	      0.00000000	      0.00000000	      0.00000000	      0.00000000	      0.00000000	      0.00000000	      0.00000000	      0.00000000	      0.00000000
      1.77200000	      0.00000000	      0.00000000	      0.00000000	      0.00000000	      0.00000000	      0.00000000	      0.00000000	      0.00000000	      0.00000000	      0.00000000	      0.00000000	      0.00000000	      0.00000000	      0.00000000	      0.00000000	      0.00000000	      0.00000000	      0.00000000
      1.77300000	      0.00000000	      0.00000000	      0.00000000	      0.00000000	      0.00000000	      0.00000000	      0.00000000	      0.00000000	      0.00000000	      0.00000000	      0.00000000	      0.00000000	      0.00000000	      0.00000000	      0.00000000	      0.00000000	      0.00000000	      0.00000000
      1.77400000	      0.00000000	      0.00000000	      0.00000000	      0.00000000	      0.00000000	      0.00000000	      0.00000000	      0.00000000	      0.00000000	      0.00000000	      0.00000000	      0.00000000	      0.00000000	      0.00000000	      0.00000000	      0.00000000	      0.00000000	      0.00000000
      1.77500000	      0.00000000	      0.00000000	      0.00000000	      0.00000000	      0.00000000	      0.00000000	      0.00000000	      0.00000000	      0.00000000	      0.00000000	      0.00000000	      0.00000000	      0.00000000	      0.00000000	      0.00000000	      0.00000000	      0.00000000	      0.00000000
      1.77600000	      0.00000000	      0.00000000	      0.00000000	      0.00000000	      0.00000000	      0.00000000	      0.00000000	      0.00000000	      0.00000000	      0.00000000	      0.00000000	      0.00000000	      0.00000000	      0.00000000	      0.00000000	      0.00000000	      0.00000000	      0.00000000
      1.77700000	      0.00000000	      0.00000000	      0.00000000	      0.00000000	      0.00000000	      0.00000000	      0.00000000	      0.00000000	      0.00000000	      0.00000000	      0.00000000	      0.00000000	      0.00000000	      0.00000000	      0.00000000	      0.00000000	      0.00000000	      0.00000000
      1.77800000	      0.00000000	      0.00000000	      0.00000000	      0.00000000	      0.00000000	      0.00000000	      0.00000000	      0.00000000	      0.00000000	      0.00000000	      0.00000000	      0.00000000	      0.00000000	      0.00000000	      0.00000000	      0.00000000	      0.00000000	      0.00000000
      1.77900000	      0.00000000	      0.00000000	      0.00000000	      0.00000000	      0.00000000	      0.00000000	      0.00000000	      0.00000000	      0.00000000	      0.00000000	      0.00000000	      0.00000000	      0.00000000	      0.00000000	      0.00000000	      0.00000000	      0.00000000	      0.00000000
      1.78000000	      0.00000000	      0.00000000	      0.00000000	      0.00000000	      0.00000000	      0.00000000	      0.00000000	      0.00000000	      0.00000000	      0.00000000	      0.00000000	      0.00000000	      0.00000000	      0.00000000	      0.00000000	      0.00000000	      0.00000000	      0.00000000
      1.78100000	      0.00000000	      0.00000000	      0.00000000	      0.00000000	      0.00000000	      0.00000000	      0.00000000	      0.00000000	      0.00000000	      0.00000000	      0.00000000	      0.00000000	      0.00000000	      0.00000000	      0.00000000	      0.00000000	      0.00000000	      0.00000000
      1.78200000	      0.00000000	      0.00000000	      0.00000000	      0.00000000	      0.00000000	      0.00000000	      0.00000000	      0.00000000	      0.00000000	      0.00000000	      0.00000000	      0.00000000	      0.00000000	      0.00000000	      0.00000000	      0.00000000	      0.00000000	      0.00000000
      1.78300000	      0.00000000	      0.00000000	      0.00000000	      0.00000000	      0.00000000	      0.00000000	      0.00000000	      0.00000000	      0.00000000	      0.00000000	      0.00000000	      0.00000000	      0.00000000	      0.00000000	      0.00000000	      0.00000000	      0.00000000	      0.00000000
      1.78400000	      0.00000000	      0.00000000	      0.00000000	      0.00000000	      0.00000000	      0.00000000	      0.00000000	      0.00000000	      0.00000000	      0.00000000	      0.00000000	      0.00000000	      0.00000000	      0.00000000	      0.00000000	      0.00000000	      0.00000000	      0.00000000
      1.78500000	      0.00000000	      0.00000000	      0.00000000	      0.00000000	      0.00000000	      0.00000000	      0.00000000	      0.00000000	      0.00000000	      0.00000000	      0.00000000	      0.00000000	      0.00000000	      0.00000000	      0.00000000	      0.00000000	      0.00000000	      0.00000000
      1.78600000	      0.00000000	      0.00000000	      0.00000000	      0.00000000	      0.00000000	      0.00000000	      0.00000000	      0.00000000	      0.00000000	      0.00000000	      0.00000000	      0.00000000	      0.00000000	      0.00000000	      0.00000000	      0.00000000	      0.00000000	      0.00000000
      1.78700000	      0.00000000	      0.00000000	      0.00000000	      0.00000000	      0.00000000	      0.00000000	      0.00000000	      0.00000000	      0.00000000	      0.00000000	      0.00000000	      0.00000000	      0.00000000	      0.00000000	      0.00000000	      0.00000000	      0.00000000	      0.00000000
      1.78800000	      0.00000000	      0.00000000	      0.00000000	      0.00000000	      0.00000000	      0.00000000	      0.00000000	      0.00000000	      0.00000000	      0.00000000	      0.00000000	      0.00000000	      0.00000000	      0.00000000	      0.00000000	      0.00000000	      0.00000000	      0.00000000
      1.78900000	      0.00000000	      0.00000000	      0.00000000	      0.00000000	      0.00000000	      0.00000000	      0.00000000	      0.00000000	      0.00000000	      0.00000000	      0.00000000	      0.00000000	      0.00000000	      0.00000000	      0.00000000	      0.00000000	      0.00000000	      0.00000000
      1.79000000	      0.00000000	      0.00000000	      0.00000000	      0.00000000	      0.00000000	      0.00000000	      0.00000000	      0.00000000	      0.00000000	      0.00000000	      0.00000000	      0.00000000	      0.00000000	      0.00000000	      0.00000000	      0.00000000	      0.00000000	      0.00000000
      1.79100000	      0.00000000	      0.00000000	      0.00000000	      0.00000000	      0.00000000	      0.00000000	      0.00000000	      0.00000000	      0.00000000	      0.00000000	      0.00000000	      0.00000000	      0.00000000	      0.00000000	      0.00000000	      0.00000000	      0.00000000	      0.00000000
      1.79200000	      0.00000000	      0.00000000	      0.00000000	      0.00000000	      0.00000000	      0.00000000	      0.00000000	      0.00000000	      0.00000000	      0.00000000	      0.00000000	      0.00000000	      0.00000000	      0.00000000	      0.00000000	      0.00000000	      0.00000000	      0.00000000
      1.79300000	      0.00000000	      0.00000000	      0.00000000	      0.00000000	      0.00000000	      0.00000000	      0.00000000	      0.00000000	      0.00000000	      0.00000000	      0.00000000	      0.00000000	      0.00000000	      0.00000000	      0.00000000	      0.00000000	      0.00000000	      0.00000000
      1.79400000	      0.00000000	      0.00000000	      0.00000000	      0.00000000	      0.00000000	      0.00000000	      0.00000000	      0.00000000	      0.00000000	      0.00000000	      0.00000000	      0.00000000	      0.00000000	      0.00000000	      0.00000000	      0.00000000	      0.00000000	      0.00000000
      1.79500000	      0.00000000	      0.00000000	      0.00000000	      0.00000000	      0.00000000	      0.00000000	      0.00000000	      0.00000000	      0.00000000	      0.00000000	      0.00000000	      0.00000000	      0.00000000	      0.00000000	      0.00000000	      0.00000000	      0.00000000	      0.00000000
      1.79600000	      0.00000000	      0.00000000	      0.00000000	      0.00000000	      0.00000000	      0.00000000	      0.00000000	      0.00000000	      0.00000000	      0.00000000	      0.00000000	      0.00000000	      0.00000000	      0.00000000	      0.00000000	      0.00000000	      0.00000000	      0.00000000
      1.79700000	      0.00000000	      0.00000000	      0.00000000	      0.00000000	      0.00000000	      0.00000000	      0.00000000	      0.00000000	      0.00000000	      0.00000000	      0.00000000	      0.00000000	      0.00000000	      0.00000000	      0.00000000	      0.00000000	      0.00000000	      0.00000000
      1.79800000	      0.00000000	      0.00000000	      0.00000000	      0.00000000	      0.00000000	      0.00000000	      0.00000000	      0.00000000	      0.00000000	      0.00000000	      0.00000000	      0.00000000	      0.00000000	      0.00000000	      0.00000000	      0.00000000	      0.00000000	      0.00000000
      1.79900000	      0.00000000	      0.00000000	      0.00000000	      0.00000000	      0.00000000	      0.00000000	      0.00000000	      0.00000000	      0.00000000	      0.00000000	      0.00000000	      0.00000000	      0.00000000	      0.00000000	      0.00000000	      0.00000000	      0.00000000	      0.00000000
      1.80000000	      0.00000000	      0.00000000	      0.00000000	      0.00000000	      0.00000000	      0.00000000	      0.00000000	      0.00000000	      0.00000000	      0.00000000	      0.00000000	      0.00000000	      0.00000000	      0.00000000	      0.00000000	      0.00000000	      0.00000000	      0.00000000
      1.80100000	      0.00000000	      0.00000000	      0.00000000	      0.00000000	      0.00000000	      0.00000000	      0.00000000	      0.00000000	      0.00000000	      0.00000000	      0.00000000	      0.00000000	      0.00000000	      0.00000000	      0.00000000	      0.00000000	      0.00000000	      0.00000000
      1.80200000	      0.00000000	      0.00000000	      0.00000000	      0.00000000	      0.00000000	      0.00000000	      0.00000000	      0.00000000	      0.00000000	      0.00000000	      0.00000000	      0.00000000	      0.00000000	      0.00000000	      0.00000000	      0.00000000	      0.00000000	      0.00000000
      1.80300000	      0.00000000	      0.00000000	      0.00000000	      0.00000000	      0.00000000	      0.00000000	      0.00000000	      0.00000000	      0.00000000	      0.00000000	      0.00000000	      0.00000000	      0.00000000	      0.00000000	      0.00000000	      0.00000000	      0.00000000	      0.00000000
      1.80400000	      0.00000000	      0.00000000	      0.00000000	      0.00000000	      0.00000000	      0.00000000	      0.00000000	      0.00000000	      0.00000000	      0.00000000	      0.00000000	      0.00000000	      0.00000000	      0.00000000	      0.00000000	      0.00000000	      0.00000000	      0.00000000
      1.80500000	      0.00000000	      0.00000000	      0.00000000	      0.00000000	      0.00000000	      0.00000000	      0.00000000	      0.00000000	      0.00000000	      0.00000000	      0.00000000	      0.00000000	      0.00000000	      0.00000000	      0.00000000	      0.00000000	      0.00000000	      0.00000000
      1.80600000	      0.00000000	      0.00000000	      0.00000000	      0.00000000	      0.00000000	      0.00000000	      0.00000000	      0.00000000	      0.00000000	      0.00000000	      0.00000000	      0.00000000	      0.00000000	      0.00000000	      0.00000000	      0.00000000	      0.00000000	      0.00000000
      1.80700000	      0.00000000	      0.00000000	      0.00000000	      0.00000000	      0.00000000	      0.00000000	      0.00000000	      0.00000000	      0.00000000	      0.00000000	      0.00000000	      0.00000000	      0.00000000	      0.00000000	      0.00000000	      0.00000000	      0.00000000	      0.00000000
      1.80800000	      0.00000000	      0.00000000	      0.00000000	      0.00000000	      0.00000000	      0.00000000	      0.00000000	      0.00000000	      0.00000000	      0.00000000	      0.00000000	      0.00000000	      0.00000000	      0.00000000	      0.00000000	      0.00000000	      0.00000000	      0.00000000
      1.80900000	      0.00000000	      0.00000000	      0.00000000	      0.00000000	      0.00000000	      0.00000000	      0.00000000	      0.00000000	      0.00000000	      0.00000000	      0.00000000	      0.00000000	      0.00000000	      0.00000000	      0.00000000	      0.00000000	      0.00000000	      0.00000000
      1.81000000	      0.00000000	      0.00000000	      0.00000000	      0.00000000	      0.00000000	      0.00000000	      0.00000000	      0.00000000	      0.00000000	      0.00000000	      0.00000000	      0.00000000	      0.00000000	      0.00000000	      0.00000000	      0.00000000	      0.00000000	      0.00000000
      1.81100000	      0.00000000	      0.00000000	      0.00000000	      0.00000000	      0.00000000	      0.00000000	      0.00000000	      0.00000000	      0.00000000	      0.00000000	      0.00000000	      0.00000000	      0.00000000	      0.00000000	      0.00000000	      0.00000000	      0.00000000	      0.00000000
      1.81200000	      0.00000000	      0.00000000	      0.00000000	      0.00000000	      0.00000000	      0.00000000	      0.00000000	      0.00000000	      0.00000000	      0.00000000	      0.00000000	      0.00000000	      0.00000000	      0.00000000	      0.00000000	      0.00000000	      0.00000000	      0.00000000
      1.81300000	      0.00000000	      0.00000000	      0.00000000	      0.00000000	      0.00000000	      0.00000000	      0.00000000	      0.00000000	      0.00000000	      0.00000000	      0.00000000	      0.00000000	      0.00000000	      0.00000000	      0.00000000	      0.00000000	      0.00000000	      0.00000000
      1.81400000	      0.00000000	      0.00000000	      0.00000000	      0.00000000	      0.00000000	      0.00000000	      0.00000000	      0.00000000	      0.00000000	      0.00000000	      0.00000000	      0.00000000	      0.00000000	      0.00000000	      0.00000000	      0.00000000	      0.00000000	      0.00000000
      1.81500000	      0.00000000	      0.00000000	      0.00000000	      0.00000000	      0.00000000	      0.00000000	      0.00000000	      0.00000000	      0.00000000	      0.00000000	      0.00000000	      0.00000000	      0.00000000	      0.00000000	      0.00000000	      0.00000000	      0.00000000	      0.00000000
      1.81600000	      0.00000000	      0.00000000	      0.00000000	      0.00000000	      0.00000000	      0.00000000	      0.00000000	      0.00000000	      0.00000000	      0.00000000	      0.00000000	      0.00000000	      0.00000000	      0.00000000	      0.00000000	      0.00000000	      0.00000000	      0.00000000
      1.81700000	      0.00000000	      0.00000000	      0.00000000	      0.00000000	      0.00000000	      0.00000000	      0.00000000	      0.00000000	      0.00000000	      0.00000000	      0.00000000	      0.00000000	      0.00000000	      0.00000000	      0.00000000	      0.00000000	      0.00000000	      0.00000000
      1.81800000	      0.00000000	      0.00000000	      0.00000000	      0.00000000	      0.00000000	      0.00000000	      0.00000000	      0.00000000	      0.00000000	      0.00000000	      0.00000000	      0.00000000	      0.00000000	      0.00000000	      0.00000000	      0.00000000	      0.00000000	      0.00000000
      1.81900000	      0.00000000	      0.00000000	      0.00000000	      0.00000000	      0.00000000	      0.00000000	      0.00000000	      0.00000000	      0.00000000	      0.00000000	      0.00000000	      0.00000000	      0.00000000	      0.00000000	      0.00000000	      0.00000000	      0.00000000	      0.00000000
      1.82000000	      0.00000000	      0.00000000	      0.00000000	      0.00000000	      0.00000000	      0.00000000	      0.00000000	      0.00000000	      0.00000000	      0.00000000	      0.00000000	      0.00000000	      0.00000000	      0.00000000	      0.00000000	      0.00000000	      0.00000000	      0.00000000
      1.82100000	      0.00000000	      0.00000000	      0.00000000	      0.00000000	      0.00000000	      0.00000000	      0.00000000	      0.00000000	      0.00000000	      0.00000000	      0.00000000	      0.00000000	      0.00000000	      0.00000000	      0.00000000	      0.00000000	      0.00000000	      0.00000000
      1.82200000	      0.00000000	      0.00000000	      0.00000000	      0.00000000	      0.00000000	      0.00000000	      0.00000000	      0.00000000	      0.00000000	      0.00000000	      0.00000000	      0.00000000	      0.00000000	      0.00000000	      0.00000000	      0.00000000	      0.00000000	      0.00000000
      1.82300000	      0.00000000	      0.00000000	      0.00000000	      0.00000000	      0.00000000	      0.00000000	      0.00000000	      0.00000000	      0.00000000	      0.00000000	      0.00000000	      0.00000000	      0.00000000	      0.00000000	      0.00000000	      0.00000000	      0.00000000	      0.00000000
      1.82400000	      0.00000000	      0.00000000	      0.00000000	      0.00000000	      0.00000000	      0.00000000	      0.00000000	      0.00000000	      0.00000000	      0.00000000	      0.00000000	      0.00000000	      0.00000000	      0.00000000	      0.00000000	      0.00000000	      0.00000000	      0.00000000
      1.82500000	      0.00000000	      0.00000000	      0.00000000	      0.00000000	      0.00000000	      0.00000000	      0.00000000	      0.00000000	      0.00000000	      0.00000000	      0.00000000	      0.00000000	      0.00000000	      0.00000000	      0.00000000	      0.00000000	      0.00000000	      0.00000000
      1.82600000	      0.00000000	      0.00000000	      0.00000000	      0.00000000	      0.00000000	      0.00000000	      0.00000000	      0.00000000	      0.00000000	      0.00000000	      0.00000000	      0.00000000	      0.00000000	      0.00000000	      0.00000000	      0.00000000	      0.00000000	      0.00000000
      1.82700000	      0.00000000	      0.00000000	      0.00000000	      0.00000000	      0.00000000	      0.00000000	      0.00000000	      0.00000000	      0.00000000	      0.00000000	      0.00000000	      0.00000000	      0.00000000	      0.00000000	      0.00000000	      0.00000000	      0.00000000	      0.00000000
      1.82800000	      0.00000000	      0.00000000	      0.00000000	      0.00000000	      0.00000000	      0.00000000	      0.00000000	      0.00000000	      0.00000000	      0.00000000	      0.00000000	      0.00000000	      0.00000000	      0.00000000	      0.00000000	      0.00000000	      0.00000000	      0.00000000
      1.82900000	      0.00000000	      0.00000000	      0.00000000	      0.00000000	      0.00000000	      0.00000000	      0.00000000	      0.00000000	      0.00000000	      0.00000000	      0.00000000	      0.00000000	      0.00000000	      0.00000000	      0.00000000	      0.00000000	      0.00000000	      0.00000000
      1.83000000	      0.00000000	      0.00000000	      0.00000000	      0.00000000	      0.00000000	      0.00000000	      0.00000000	      0.00000000	      0.00000000	      0.00000000	      0.00000000	      0.00000000	      0.00000000	      0.00000000	      0.00000000	      0.00000000	      0.00000000	      0.00000000
      1.83100000	      0.00000000	      0.00000000	      0.00000000	      0.00000000	      0.00000000	      0.00000000	      0.00000000	      0.00000000	      0.00000000	      0.00000000	      0.00000000	      0.00000000	      0.00000000	      0.00000000	      0.00000000	      0.00000000	      0.00000000	      0.00000000
      1.83200000	      0.00000000	      0.00000000	      0.00000000	      0.00000000	      0.00000000	      0.00000000	      0.00000000	      0.00000000	      0.00000000	      0.00000000	      0.00000000	      0.00000000	      0.00000000	      0.00000000	      0.00000000	      0.00000000	      0.00000000	      0.00000000
      1.83300000	      0.00000000	      0.00000000	      0.00000000	      0.00000000	      0.00000000	      0.00000000	      0.00000000	      0.00000000	      0.00000000	      0.00000000	      0.00000000	      0.00000000	      0.00000000	      0.00000000	      0.00000000	      0.00000000	      0.00000000	      0.00000000
      1.83400000	      0.00000000	      0.00000000	      0.00000000	      0.00000000	      0.00000000	      0.00000000	      0.00000000	      0.00000000	      0.00000000	      0.00000000	      0.00000000	      0.00000000	      0.00000000	      0.00000000	      0.00000000	      0.00000000	      0.00000000	      0.00000000
      1.83500000	      0.00000000	      0.00000000	      0.00000000	      0.00000000	      0.00000000	      0.00000000	      0.00000000	      0.00000000	      0.00000000	      0.00000000	      0.00000000	      0.00000000	      0.00000000	      0.00000000	      0.00000000	      0.00000000	      0.00000000	      0.00000000
      1.83600000	      0.00000000	      0.00000000	      0.00000000	      0.00000000	      0.00000000	      0.00000000	      0.00000000	      0.00000000	      0.00000000	      0.00000000	      0.00000000	      0.00000000	      0.00000000	      0.00000000	      0.00000000	      0.00000000	      0.00000000	      0.00000000
      1.83700000	      0.00000000	      0.00000000	      0.00000000	      0.00000000	      0.00000000	      0.00000000	      0.00000000	      0.00000000	      0.00000000	      0.00000000	      0.00000000	      0.00000000	      0.00000000	      0.00000000	      0.00000000	      0.00000000	      0.00000000	      0.00000000
      1.83800000	      0.00000000	      0.00000000	      0.00000000	      0.00000000	      0.00000000	      0.00000000	      0.00000000	      0.00000000	      0.00000000	      0.00000000	      0.00000000	      0.00000000	      0.00000000	      0.00000000	      0.00000000	      0.00000000	      0.00000000	      0.00000000
      1.83900000	      0.00000000	      0.00000000	      0.00000000	      0.00000000	      0.00000000	      0.00000000	      0.00000000	      0.00000000	      0.00000000	      0.00000000	      0.00000000	      0.00000000	      0.00000000	      0.00000000	      0.00000000	      0.00000000	      0.00000000	      0.00000000
      1.84000000	      0.00000000	      0.00000000	      0.00000000	      0.00000000	      0.00000000	      0.00000000	      0.00000000	      0.00000000	      0.00000000	      0.00000000	      0.00000000	      0.00000000	      0.00000000	      0.00000000	      0.00000000	      0.00000000	      0.00000000	      0.00000000
      1.84100000	      0.00000000	      0.00000000	      0.00000000	      0.00000000	      0.00000000	      0.00000000	      0.00000000	      0.00000000	      0.00000000	      0.00000000	      0.00000000	      0.00000000	      0.00000000	      0.00000000	      0.00000000	      0.00000000	      0.00000000	      0.00000000
      1.84200000	      0.00000000	      0.00000000	      0.00000000	      0.00000000	      0.00000000	      0.00000000	      0.00000000	      0.00000000	      0.00000000	      0.00000000	      0.00000000	      0.00000000	      0.00000000	      0.00000000	      0.00000000	      0.00000000	      0.00000000	      0.00000000
      1.84300000	      0.00000000	      0.00000000	      0.00000000	      0.00000000	      0.00000000	      0.00000000	      0.00000000	      0.00000000	      0.00000000	      0.00000000	      0.00000000	      0.00000000	      0.00000000	      0.00000000	      0.00000000	      0.00000000	      0.00000000	      0.00000000
      1.84400000	      0.00000000	      0.00000000	      0.00000000	      0.00000000	      0.00000000	      0.00000000	      0.00000000	      0.00000000	      0.00000000	      0.00000000	      0.00000000	      0.00000000	      0.00000000	      0.00000000	      0.00000000	      0.00000000	      0.00000000	      0.00000000
      1.84500000	      0.00000000	      0.00000000	      0.00000000	      0.00000000	      0.00000000	      0.00000000	      0.00000000	      0.00000000	      0.00000000	      0.00000000	      0.00000000	      0.00000000	      0.00000000	      0.00000000	      0.00000000	      0.00000000	      0.00000000	      0.00000000
      1.84600000	      0.00000000	      0.00000000	      0.00000000	      0.00000000	      0.00000000	      0.00000000	      0.00000000	      0.00000000	      0.00000000	      0.00000000	      0.00000000	      0.00000000	      0.00000000	      0.00000000	      0.00000000	      0.00000000	      0.00000000	      0.00000000
      1.84700000	      0.00000000	      0.00000000	      0.00000000	      0.00000000	      0.00000000	      0.00000000	      0.00000000	      0.00000000	      0.00000000	      0.00000000	      0.00000000	      0.00000000	      0.00000000	      0.00000000	      0.00000000	      0.00000000	      0.00000000	      0.00000000
      1.84800000	      0.00000000	      0.00000000	      0.00000000	      0.00000000	      0.00000000	      0.00000000	      0.00000000	      0.00000000	      0.00000000	      0.00000000	      0.00000000	      0.00000000	      0.00000000	      0.00000000	      0.00000000	      0.00000000	      0.00000000	      0.00000000
      1.84900000	      0.00000000	      0.00000000	      0.00000000	      0.00000000	      0.00000000	      0.00000000	      0.00000000	      0.00000000	      0.00000000	      0.00000000	      0.00000000	      0.00000000	      0.00000000	      0.00000000	      0.00000000	      0.00000000	      0.00000000	      0.00000000
      1.85000000	      0.00000000	      0.00000000	      0.00000000	      0.00000000	      0.00000000	      0.00000000	      0.00000000	      0.00000000	      0.00000000	      0.00000000	      0.00000000	      0.00000000	      0.00000000	      0.00000000	      0.00000000	      0.00000000	      0.00000000	      0.00000000
      1.85100000	      0.00000000	      0.00000000	      0.00000000	      0.00000000	      0.00000000	      0.00000000	      0.00000000	      0.00000000	      0.00000000	      0.00000000	      0.00000000	      0.00000000	      0.00000000	      0.00000000	      0.00000000	      0.00000000	      0.00000000	      0.00000000
      1.85200000	      0.00000000	      0.00000000	      0.00000000	      0.00000000	      0.00000000	      0.00000000	      0.00000000	      0.00000000	      0.00000000	      0.00000000	      0.00000000	      0.00000000	      0.00000000	      0.00000000	      0.00000000	      0.00000000	      0.00000000	      0.00000000
      1.85300000	      0.00000000	      0.00000000	      0.00000000	      0.00000000	      0.00000000	      0.00000000	      0.00000000	      0.00000000	      0.00000000	      0.00000000	      0.00000000	      0.00000000	      0.00000000	      0.00000000	      0.00000000	      0.00000000	      0.00000000	      0.00000000
      1.85400000	      0.00000000	      0.00000000	      0.00000000	      0.00000000	      0.00000000	      0.00000000	      0.00000000	      0.00000000	      0.00000000	      0.00000000	      0.00000000	      0.00000000	      0.00000000	      0.00000000	      0.00000000	      0.00000000	      0.00000000	      0.00000000
      1.85500000	      0.00000000	      0.00000000	      0.00000000	      0.00000000	      0.00000000	      0.00000000	      0.00000000	      0.00000000	      0.00000000	      0.00000000	      0.00000000	      0.00000000	      0.00000000	      0.00000000	      0.00000000	      0.00000000	      0.00000000	      0.00000000
      1.85600000	      0.00000000	      0.00000000	      0.00000000	      0.00000000	      0.00000000	      0.00000000	      0.00000000	      0.00000000	      0.00000000	      0.00000000	      0.00000000	      0.00000000	      0.00000000	      0.00000000	      0.00000000	      0.00000000	      0.00000000	      0.00000000
      1.85700000	      0.00000000	      0.00000000	      0.00000000	      0.00000000	      0.00000000	      0.00000000	      0.00000000	      0.00000000	      0.00000000	      0.00000000	      0.00000000	      0.00000000	      0.00000000	      0.00000000	      0.00000000	      0.00000000	      0.00000000	      0.00000000
      1.85800000	      0.00000000	      0.00000000	      0.00000000	      0.00000000	      0.00000000	      0.00000000	      0.00000000	      0.00000000	      0.00000000	      0.00000000	      0.00000000	      0.00000000	      0.00000000	      0.00000000	      0.00000000	      0.00000000	      0.00000000	      0.00000000
      1.85900000	      0.00000000	      0.00000000	      0.00000000	      0.00000000	      0.00000000	      0.00000000	      0.00000000	      0.00000000	      0.00000000	      0.00000000	      0.00000000	      0.00000000	      0.00000000	      0.00000000	      0.00000000	      0.00000000	      0.00000000	      0.00000000
      1.86000000	      0.00000000	      0.00000000	      0.00000000	      0.00000000	      0.00000000	      0.00000000	      0.00000000	      0.00000000	      0.00000000	      0.00000000	      0.00000000	      0.00000000	      0.00000000	      0.00000000	      0.00000000	      0.00000000	      0.00000000	      0.00000000
      1.86100000	      0.00000000	      0.00000000	      0.00000000	      0.00000000	      0.00000000	      0.00000000	      0.00000000	      0.00000000	      0.00000000	      0.00000000	      0.00000000	      0.00000000	      0.00000000	      0.00000000	      0.00000000	      0.00000000	      0.00000000	      0.00000000
      1.86200000	      0.00000000	      0.00000000	      0.00000000	      0.00000000	      0.00000000	      0.00000000	      0.00000000	      0.00000000	      0.00000000	      0.00000000	      0.00000000	      0.00000000	      0.00000000	      0.00000000	      0.00000000	      0.00000000	      0.00000000	      0.00000000
      1.86300000	      0.00000000	      0.00000000	      0.00000000	      0.00000000	      0.00000000	      0.00000000	      0.00000000	      0.00000000	      0.00000000	      0.00000000	      0.00000000	      0.00000000	      0.00000000	      0.00000000	      0.00000000	      0.00000000	      0.00000000	      0.00000000
      1.86400000	      0.00000000	      0.00000000	      0.00000000	      0.00000000	      0.00000000	      0.00000000	      0.00000000	      0.00000000	      0.00000000	      0.00000000	      0.00000000	      0.00000000	      0.00000000	      0.00000000	      0.00000000	      0.00000000	      0.00000000	      0.00000000
      1.86500000	      0.00000000	      0.00000000	      0.00000000	      0.00000000	      0.00000000	      0.00000000	      0.00000000	      0.00000000	      0.00000000	      0.00000000	      0.00000000	      0.00000000	      0.00000000	      0.00000000	      0.00000000	      0.00000000	      0.00000000	      0.00000000
      1.86600000	      0.00000000	      0.00000000	      0.00000000	      0.00000000	      0.00000000	      0.00000000	      0.00000000	      0.00000000	      0.00000000	      0.00000000	      0.00000000	      0.00000000	      0.00000000	      0.00000000	      0.00000000	      0.00000000	      0.00000000	      0.00000000
      1.86700000	      0.00000000	      0.00000000	      0.00000000	      0.00000000	      0.00000000	      0.00000000	      0.00000000	      0.00000000	      0.00000000	      0.00000000	      0.00000000	      0.00000000	      0.00000000	      0.00000000	      0.00000000	      0.00000000	      0.00000000	      0.00000000
      1.86800000	      0.00000000	      0.00000000	      0.00000000	      0.00000000	      0.00000000	      0.00000000	      0.00000000	      0.00000000	      0.00000000	      0.00000000	      0.00000000	      0.00000000	      0.00000000	      0.00000000	      0.00000000	      0.00000000	      0.00000000	      0.00000000
      1.86900000	      0.00000000	      0.00000000	      0.00000000	      0.00000000	      0.00000000	      0.00000000	      0.00000000	      0.00000000	      0.00000000	      0.00000000	      0.00000000	      0.00000000	      0.00000000	      0.00000000	      0.00000000	      0.00000000	      0.00000000	      0.00000000
      1.87000000	      0.00000000	      0.00000000	      0.00000000	      0.00000000	      0.00000000	      0.00000000	      0.00000000	      0.00000000	      0.00000000	      0.00000000	      0.00000000	      0.00000000	      0.00000000	      0.00000000	      0.00000000	      0.00000000	      0.00000000	      0.00000000
      1.87100000	      0.00000000	      0.00000000	      0.00000000	      0.00000000	      0.00000000	      0.00000000	      0.00000000	      0.00000000	      0.00000000	      0.00000000	      0.00000000	      0.00000000	      0.00000000	      0.00000000	      0.00000000	      0.00000000	      0.00000000	      0.00000000
      1.87200000	      0.00000000	      0.00000000	      0.00000000	      0.00000000	      0.00000000	      0.00000000	      0.00000000	      0.00000000	      0.00000000	      0.00000000	      0.00000000	      0.00000000	      0.00000000	      0.00000000	      0.00000000	      0.00000000	      0.00000000	      0.00000000
      1.87300000	      0.00000000	      0.00000000	      0.00000000	      0.00000000	      0.00000000	      0.00000000	      0.00000000	      0.00000000	      0.00000000	      0.00000000	      0.00000000	      0.00000000	      0.00000000	      0.00000000	      0.00000000	      0.00000000	      0.00000000	      0.00000000
      1.87400000	      0.00000000	      0.00000000	      0.00000000	      0.00000000	      0.00000000	      0.00000000	      0.00000000	      0.00000000	      0.00000000	      0.00000000	      0.00000000	      0.00000000	      0.00000000	      0.00000000	      0.00000000	      0.00000000	      0.00000000	      0.00000000
      1.87500000	      0.00000000	      0.00000000	      0.00000000	      0.00000000	      0.00000000	      0.00000000	      0.00000000	      0.00000000	      0.00000000	      0.00000000	      0.00000000	      0.00000000	      0.00000000	      0.00000000	      0.00000000	      0.00000000	      0.00000000	      0.00000000
      1.87600000	      0.00000000	      0.00000000	      0.00000000	      0.00000000	      0.00000000	      0.00000000	      0.00000000	      0.00000000	      0.00000000	      0.00000000	      0.00000000	      0.00000000	      0.00000000	      0.00000000	      0.00000000	      0.00000000	      0.00000000	      0.00000000
      1.87700000	      0.00000000	      0.00000000	      0.00000000	      0.00000000	      0.00000000	      0.00000000	      0.00000000	      0.00000000	      0.00000000	      0.00000000	      0.00000000	      0.00000000	      0.00000000	      0.00000000	      0.00000000	      0.00000000	      0.00000000	      0.00000000
      1.87800000	      0.00000000	      0.00000000	      0.00000000	      0.00000000	      0.00000000	      0.00000000	      0.00000000	      0.00000000	      0.00000000	      0.00000000	      0.00000000	      0.00000000	      0.00000000	      0.00000000	      0.00000000	      0.00000000	      0.00000000	      0.00000000
      1.87900000	      0.00000000	      0.00000000	      0.00000000	      0.00000000	      0.00000000	      0.00000000	      0.00000000	      0.00000000	      0.00000000	      0.00000000	      0.00000000	      0.00000000	      0.00000000	      0.00000000	      0.00000000	      0.00000000	      0.00000000	      0.00000000
      1.88000000	      0.00000000	      0.00000000	      0.00000000	      0.00000000	      0.00000000	      0.00000000	      0.00000000	      0.00000000	      0.00000000	      0.00000000	      0.00000000	      0.00000000	      0.00000000	      0.00000000	      0.00000000	      0.00000000	      0.00000000	      0.00000000
      1.88100000	      0.00000000	      0.00000000	      0.00000000	      0.00000000	      0.00000000	      0.00000000	      0.00000000	      0.00000000	      0.00000000	      0.00000000	      0.00000000	      0.00000000	      0.00000000	      0.00000000	      0.00000000	      0.00000000	      0.00000000	      0.00000000
      1.88200000	      0.00000000	      0.00000000	      0.00000000	      0.00000000	      0.00000000	      0.00000000	      0.00000000	      0.00000000	      0.00000000	      0.00000000	      0.00000000	      0.00000000	      0.00000000	      0.00000000	      0.00000000	      0.00000000	      0.00000000	      0.00000000
      1.88300000	      0.00000000	      0.00000000	      0.00000000	      0.00000000	      0.00000000	      0.00000000	      0.00000000	      0.00000000	      0.00000000	      0.00000000	      0.00000000	      0.00000000	      0.00000000	      0.00000000	      0.00000000	      0.00000000	      0.00000000	      0.00000000
      1.88400000	      0.00000000	      0.00000000	      0.00000000	      0.00000000	      0.00000000	      0.00000000	      0.00000000	      0.00000000	      0.00000000	      0.00000000	      0.00000000	      0.00000000	      0.00000000	      0.00000000	      0.00000000	      0.00000000	      0.00000000	      0.00000000
      1.88500000	      0.00000000	      0.00000000	      0.00000000	      0.00000000	      0.00000000	      0.00000000	      0.00000000	      0.00000000	      0.00000000	      0.00000000	      0.00000000	      0.00000000	      0.00000000	      0.00000000	      0.00000000	      0.00000000	      0.00000000	      0.00000000
      1.88600000	      0.00000000	      0.00000000	      0.00000000	      0.00000000	      0.00000000	      0.00000000	      0.00000000	      0.00000000	      0.00000000	      0.00000000	      0.00000000	      0.00000000	      0.00000000	      0.00000000	      0.00000000	      0.00000000	      0.00000000	      0.00000000
      1.88700000	      0.00000000	      0.00000000	      0.00000000	      0.00000000	      0.00000000	      0.00000000	      0.00000000	      0.00000000	      0.00000000	      0.00000000	      0.00000000	      0.00000000	      0.00000000	      0.00000000	      0.00000000	      0.00000000	      0.00000000	      0.00000000
      1.88800000	      0.00000000	      0.00000000	      0.00000000	      0.00000000	      0.00000000	      0.00000000	      0.00000000	      0.00000000	      0.00000000	      0.00000000	      0.00000000	      0.00000000	      0.00000000	      0.00000000	      0.00000000	      0.00000000	      0.00000000	      0.00000000
      1.88900000	      0.00000000	      0.00000000	      0.00000000	      0.00000000	      0.00000000	      0.00000000	      0.00000000	      0.00000000	      0.00000000	      0.00000000	      0.00000000	      0.00000000	      0.00000000	      0.00000000	      0.00000000	      0.00000000	      0.00000000	      0.00000000
      1.89000000	      0.00000000	      0.00000000	      0.00000000	      0.00000000	      0.00000000	      0.00000000	      0.00000000	      0.00000000	      0.00000000	      0.00000000	      0.00000000	      0.00000000	      0.00000000	      0.00000000	      0.00000000	      0.00000000	      0.00000000	      0.00000000
      1.89100000	      0.00000000	      0.00000000	      0.00000000	      0.00000000	      0.00000000	      0.00000000	      0.00000000	      0.00000000	      0.00000000	      0.00000000	      0.00000000	      0.00000000	      0.00000000	      0.00000000	      0.00000000	      0.00000000	      0.00000000	      0.00000000
      1.89200000	      0.00000000	      0.00000000	      0.00000000	      0.00000000	      0.00000000	      0.00000000	      0.00000000	      0.00000000	      0.00000000	      0.00000000	      0.00000000	      0.00000000	      0.00000000	      0.00000000	      0.00000000	      0.00000000	      0.00000000	      0.00000000
      1.89300000	      0.00000000	      0.00000000	      0.00000000	      0.00000000	      0.00000000	      0.00000000	      0.00000000	      0.00000000	      0.00000000	      0.00000000	      0.00000000	      0.00000000	      0.00000000	      0.00000000	      0.00000000	      0.00000000	      0.00000000	      0.00000000
      1.89400000	      0.00000000	      0.00000000	      0.00000000	      0.00000000	      0.00000000	      0.00000000	      0.00000000	      0.00000000	      0.00000000	      0.00000000	      0.00000000	      0.00000000	      0.00000000	      0.00000000	      0.00000000	      0.00000000	      0.00000000	      0.00000000
      1.89500000	      0.00000000	      0.00000000	      0.00000000	      0.00000000	      0.00000000	      0.00000000	      0.00000000	      0.00000000	      0.00000000	      0.00000000	      0.00000000	      0.00000000	      0.00000000	      0.00000000	      0.00000000	      0.00000000	      0.00000000	      0.00000000
      1.89600000	      0.00000000	      0.00000000	      0.00000000	      0.00000000	      0.00000000	      0.00000000	      0.00000000	      0.00000000	      0.00000000	      0.00000000	      0.00000000	      0.00000000	      0.00000000	      0.00000000	      0.00000000	      0.00000000	      0.00000000	      0.00000000
      1.89700000	      0.00000000	      0.00000000	      0.00000000	      0.00000000	      0.00000000	      0.00000000	      0.00000000	      0.00000000	      0.00000000	      0.00000000	      0.00000000	      0.00000000	      0.00000000	      0.00000000	      0.00000000	      0.00000000	      0.00000000	      0.00000000
      1.89800000	      0.00000000	      0.00000000	      0.00000000	      0.00000000	      0.00000000	      0.00000000	      0.00000000	      0.00000000	      0.00000000	      0.00000000	      0.00000000	      0.00000000	      0.00000000	      0.00000000	      0.00000000	      0.00000000	      0.00000000	      0.00000000
      1.89900000	      0.00000000	      0.00000000	      0.00000000	      0.00000000	      0.00000000	      0.00000000	      0.00000000	      0.00000000	      0.00000000	      0.00000000	      0.00000000	      0.00000000	      0.00000000	      0.00000000	      0.00000000	      0.00000000	      0.00000000	      0.00000000
      1.90000000	      0.00000000	      0.00000000	      0.00000000	      0.00000000	      0.00000000	      0.00000000	      0.00000000	      0.00000000	      0.00000000	      0.00000000	      0.00000000	      0.00000000	      0.00000000	      0.00000000	      0.00000000	      0.00000000	      0.00000000	      0.00000000
      1.90100000	      0.00000000	      0.00000000	      0.00000000	      0.00000000	      0.00000000	      0.00000000	      0.00000000	      0.00000000	      0.00000000	      0.00000000	      0.00000000	      0.00000000	      0.00000000	      0.00000000	      0.00000000	      0.00000000	      0.00000000	      0.00000000
      1.90200000	      0.00000000	      0.00000000	      0.00000000	      0.00000000	      0.00000000	      0.00000000	      0.00000000	      0.00000000	      0.00000000	      0.00000000	      0.00000000	      0.00000000	      0.00000000	      0.00000000	      0.00000000	      0.00000000	      0.00000000	      0.00000000
      1.90300000	      0.00000000	      0.00000000	      0.00000000	      0.00000000	      0.00000000	      0.00000000	      0.00000000	      0.00000000	      0.00000000	      0.00000000	      0.00000000	      0.00000000	      0.00000000	      0.00000000	      0.00000000	      0.00000000	      0.00000000	      0.00000000
      1.90400000	      0.00000000	      0.00000000	      0.00000000	      0.00000000	      0.00000000	      0.00000000	      0.00000000	      0.00000000	      0.00000000	      0.00000000	      0.00000000	      0.00000000	      0.00000000	      0.00000000	      0.00000000	      0.00000000	      0.00000000	      0.00000000
      1.90500000	      0.00000000	      0.00000000	      0.00000000	      0.00000000	      0.00000000	      0.00000000	      0.00000000	      0.00000000	      0.00000000	      0.00000000	      0.00000000	      0.00000000	      0.00000000	      0.00000000	      0.00000000	      0.00000000	      0.00000000	      0.00000000
      1.90600000	      0.00000000	      0.00000000	      0.00000000	      0.00000000	      0.00000000	      0.00000000	      0.00000000	      0.00000000	      0.00000000	      0.00000000	      0.00000000	      0.00000000	      0.00000000	      0.00000000	      0.00000000	      0.00000000	      0.00000000	      0.00000000
      1.90700000	      0.00000000	      0.00000000	      0.00000000	      0.00000000	      0.00000000	      0.00000000	      0.00000000	      0.00000000	      0.00000000	      0.00000000	      0.00000000	      0.00000000	      0.00000000	      0.00000000	      0.00000000	      0.00000000	      0.00000000	      0.00000000
      1.90800000	      0.00000000	      0.00000000	      0.00000000	      0.00000000	      0.00000000	      0.00000000	      0.00000000	      0.00000000	      0.00000000	      0.00000000	      0.00000000	      0.00000000	      0.00000000	      0.00000000	      0.00000000	      0.00000000	      0.00000000	      0.00000000
      1.90900000	      0.00000000	      0.00000000	      0.00000000	      0.00000000	      0.00000000	      0.00000000	      0.00000000	      0.00000000	      0.00000000	      0.00000000	      0.00000000	      0.00000000	      0.00000000	      0.00000000	      0.00000000	      0.00000000	      0.00000000	      0.00000000
      1.91000000	      0.00000000	      0.00000000	      0.00000000	      0.00000000	      0.00000000	      0.00000000	      0.00000000	      0.00000000	      0.00000000	      0.00000000	      0.00000000	      0.00000000	      0.00000000	      0.00000000	      0.00000000	      0.00000000	      0.00000000	      0.00000000
      1.91100000	      0.00000000	      0.00000000	      0.00000000	      0.00000000	      0.00000000	      0.00000000	      0.00000000	      0.00000000	      0.00000000	      0.00000000	      0.00000000	      0.00000000	      0.00000000	      0.00000000	      0.00000000	      0.00000000	      0.00000000	      0.00000000
      1.91200000	      0.00000000	      0.00000000	      0.00000000	      0.00000000	      0.00000000	      0.00000000	      0.00000000	      0.00000000	      0.00000000	      0.00000000	      0.00000000	      0.00000000	      0.00000000	      0.00000000	      0.00000000	      0.00000000	      0.00000000	      0.00000000
      1.91300000	      0.00000000	      0.00000000	      0.00000000	      0.00000000	      0.00000000	      0.00000000	      0.00000000	      0.00000000	      0.00000000	      0.00000000	      0.00000000	      0.00000000	      0.00000000	      0.00000000	      0.00000000	      0.00000000	      0.00000000	      0.00000000
      1.91400000	      0.00000000	      0.00000000	      0.00000000	      0.00000000	      0.00000000	      0.00000000	      0.00000000	      0.00000000	      0.00000000	      0.00000000	      0.00000000	      0.00000000	      0.00000000	      0.00000000	      0.00000000	      0.00000000	      0.00000000	      0.00000000
      1.91500000	      0.00000000	      0.00000000	      0.00000000	      0.00000000	      0.00000000	      0.00000000	      0.00000000	      0.00000000	      0.00000000	      0.00000000	      0.00000000	      0.00000000	      0.00000000	      0.00000000	      0.00000000	      0.00000000	      0.00000000	      0.00000000
      1.91600000	      0.00000000	      0.00000000	      0.00000000	      0.00000000	      0.00000000	      0.00000000	      0.00000000	      0.00000000	      0.00000000	      0.00000000	      0.00000000	      0.00000000	      0.00000000	      0.00000000	      0.00000000	      0.00000000	      0.00000000	      0.00000000
      1.91700000	      0.00000000	      0.00000000	      0.00000000	      0.00000000	      0.00000000	      0.00000000	      0.00000000	      0.00000000	      0.00000000	      0.00000000	      0.00000000	      0.00000000	      0.00000000	      0.00000000	      0.00000000	      0.00000000	      0.00000000	      0.00000000
      1.91800000	      0.00000000	      0.00000000	      0.00000000	      0.00000000	      0.00000000	      0.00000000	      0.00000000	      0.00000000	      0.00000000	      0.00000000	      0.00000000	      0.00000000	      0.00000000	      0.00000000	      0.00000000	      0.00000000	      0.00000000	      0.00000000
      1.91900000	      0.00000000	      0.00000000	      0.00000000	      0.00000000	      0.00000000	      0.00000000	      0.00000000	      0.00000000	      0.00000000	      0.00000000	      0.00000000	      0.00000000	      0.00000000	      0.00000000	      0.00000000	      0.00000000	      0.00000000	      0.00000000
      1.92000000	      0.00000000	      0.00000000	      0.00000000	      0.00000000	      0.00000000	      0.00000000	      0.00000000	      0.00000000	      0.00000000	      0.00000000	      0.00000000	      0.00000000	      0.00000000	      0.00000000	      0.00000000	      0.00000000	      0.00000000	      0.00000000
      1.92100000	      0.00000000	      0.00000000	      0.00000000	      0.00000000	      0.00000000	      0.00000000	      0.00000000	      0.00000000	      0.00000000	      0.00000000	      0.00000000	      0.00000000	      0.00000000	      0.00000000	      0.00000000	      0.00000000	      0.00000000	      0.00000000
      1.92200000	      0.00000000	      0.00000000	      0.00000000	      0.00000000	      0.00000000	      0.00000000	      0.00000000	      0.00000000	      0.00000000	      0.00000000	      0.00000000	      0.00000000	      0.00000000	      0.00000000	      0.00000000	      0.00000000	      0.00000000	      0.00000000
      1.92300000	      0.00000000	      0.00000000	      0.00000000	      0.00000000	      0.00000000	      0.00000000	      0.00000000	      0.00000000	      0.00000000	      0.00000000	      0.00000000	      0.00000000	      0.00000000	      0.00000000	      0.00000000	      0.00000000	      0.00000000	      0.00000000
      1.92400000	      0.00000000	      0.00000000	      0.00000000	      0.00000000	      0.00000000	      0.00000000	      0.00000000	      0.00000000	      0.00000000	      0.00000000	      0.00000000	      0.00000000	      0.00000000	      0.00000000	      0.00000000	      0.00000000	      0.00000000	      0.00000000
      1.92500000	      0.00000000	      0.00000000	      0.00000000	      0.00000000	      0.00000000	      0.00000000	      0.00000000	      0.00000000	      0.00000000	      0.00000000	      0.00000000	      0.00000000	      0.00000000	      0.00000000	      0.00000000	      0.00000000	      0.00000000	      0.00000000
      1.92600000	      0.00000000	      0.00000000	      0.00000000	      0.00000000	      0.00000000	      0.00000000	      0.00000000	      0.00000000	      0.00000000	      0.00000000	      0.00000000	      0.00000000	      0.00000000	      0.00000000	      0.00000000	      0.00000000	      0.00000000	      0.00000000
      1.92700000	      0.00000000	      0.00000000	      0.00000000	      0.00000000	      0.00000000	      0.00000000	      0.00000000	      0.00000000	      0.00000000	      0.00000000	      0.00000000	      0.00000000	      0.00000000	      0.00000000	      0.00000000	      0.00000000	      0.00000000	      0.00000000
      1.92800000	      0.00000000	      0.00000000	      0.00000000	      0.00000000	      0.00000000	      0.00000000	      0.00000000	      0.00000000	      0.00000000	      0.00000000	      0.00000000	      0.00000000	      0.00000000	      0.00000000	      0.00000000	      0.00000000	      0.00000000	      0.00000000
      1.92900000	      0.00000000	      0.00000000	      0.00000000	      0.00000000	      0.00000000	      0.00000000	      0.00000000	      0.00000000	      0.00000000	      0.00000000	      0.00000000	      0.00000000	      0.00000000	      0.00000000	      0.00000000	      0.00000000	      0.00000000	      0.00000000
      1.93000000	      0.00000000	      0.00000000	      0.00000000	      0.00000000	      0.00000000	      0.00000000	      0.00000000	      0.00000000	      0.00000000	      0.00000000	      0.00000000	      0.00000000	      0.00000000	      0.00000000	      0.00000000	      0.00000000	      0.00000000	      0.00000000
      1.93100000	      0.00000000	      0.00000000	      0.00000000	      0.00000000	      0.00000000	      0.00000000	      0.00000000	      0.00000000	      0.00000000	      0.00000000	      0.00000000	      0.00000000	      0.00000000	      0.00000000	      0.00000000	      0.00000000	      0.00000000	      0.00000000
      1.93200000	      0.00000000	      0.00000000	      0.00000000	      0.00000000	      0.00000000	      0.00000000	      0.00000000	      0.00000000	      0.00000000	      0.00000000	      0.00000000	      0.00000000	      0.00000000	      0.00000000	      0.00000000	      0.00000000	      0.00000000	      0.00000000
      1.93300000	      0.00000000	      0.00000000	      0.00000000	      0.00000000	      0.00000000	      0.00000000	      0.00000000	      0.00000000	      0.00000000	      0.00000000	      0.00000000	      0.00000000	      0.00000000	      0.00000000	      0.00000000	      0.00000000	      0.00000000	      0.00000000
      1.93400000	      0.00000000	      0.00000000	      0.00000000	      0.00000000	      0.00000000	      0.00000000	      0.00000000	      0.00000000	      0.00000000	      0.00000000	      0.00000000	      0.00000000	      0.00000000	      0.00000000	      0.00000000	      0.00000000	      0.00000000	      0.00000000
      1.93500000	      0.00000000	      0.00000000	      0.00000000	      0.00000000	      0.00000000	      0.00000000	      0.00000000	      0.00000000	      0.00000000	      0.00000000	      0.00000000	      0.00000000	      0.00000000	      0.00000000	      0.00000000	      0.00000000	      0.00000000	      0.00000000
      1.93600000	      0.00000000	      0.00000000	      0.00000000	      0.00000000	      0.00000000	      0.00000000	      0.00000000	      0.00000000	      0.00000000	      0.00000000	      0.00000000	      0.00000000	      0.00000000	      0.00000000	      0.00000000	      0.00000000	      0.00000000	      0.00000000
      1.93700000	      0.00000000	      0.00000000	      0.00000000	      0.00000000	      0.00000000	      0.00000000	      0.00000000	      0.00000000	      0.00000000	      0.00000000	      0.00000000	      0.00000000	      0.00000000	      0.00000000	      0.00000000	      0.00000000	      0.00000000	      0.00000000
      1.93800000	      0.00000000	      0.00000000	      0.00000000	      0.00000000	      0.00000000	      0.00000000	      0.00000000	      0.00000000	      0.00000000	      0.00000000	      0.00000000	      0.00000000	      0.00000000	      0.00000000	      0.00000000	      0.00000000	      0.00000000	      0.00000000
      1.93900000	      0.00000000	      0.00000000	      0.00000000	      0.00000000	      0.00000000	      0.00000000	      0.00000000	      0.00000000	      0.00000000	      0.00000000	      0.00000000	      0.00000000	      0.00000000	      0.00000000	      0.00000000	      0.00000000	      0.00000000	      0.00000000
      1.94000000	      0.00000000	      0.00000000	      0.00000000	      0.00000000	      0.00000000	      0.00000000	      0.00000000	      0.00000000	      0.00000000	      0.00000000	      0.00000000	      0.00000000	      0.00000000	      0.00000000	      0.00000000	      0.00000000	      0.00000000	      0.00000000
      1.94100000	      0.00000000	      0.00000000	      0.00000000	      0.00000000	      0.00000000	      0.00000000	      0.00000000	      0.00000000	      0.00000000	      0.00000000	      0.00000000	      0.00000000	      0.00000000	      0.00000000	      0.00000000	      0.00000000	      0.00000000	      0.00000000
      1.94200000	      0.00000000	      0.00000000	      0.00000000	      0.00000000	      0.00000000	      0.00000000	      0.00000000	      0.00000000	      0.00000000	      0.00000000	      0.00000000	      0.00000000	      0.00000000	      0.00000000	      0.00000000	      0.00000000	      0.00000000	      0.00000000
      1.94300000	      0.00000000	      0.00000000	      0.00000000	      0.00000000	      0.00000000	      0.00000000	      0.00000000	      0.00000000	      0.00000000	      0.00000000	      0.00000000	      0.00000000	      0.00000000	      0.00000000	      0.00000000	      0.00000000	      0.00000000	      0.00000000
      1.94400000	      0.00000000	      0.00000000	      0.00000000	      0.00000000	      0.00000000	      0.00000000	      0.00000000	      0.00000000	      0.00000000	      0.00000000	      0.00000000	      0.00000000	      0.00000000	      0.00000000	      0.00000000	      0.00000000	      0.00000000	      0.00000000
      1.94500000	      0.00000000	      0.00000000	      0.00000000	      0.00000000	      0.00000000	      0.00000000	      0.00000000	      0.00000000	      0.00000000	      0.00000000	      0.00000000	      0.00000000	      0.00000000	      0.00000000	      0.00000000	      0.00000000	      0.00000000	      0.00000000
      1.94600000	      0.00000000	      0.00000000	      0.00000000	      0.00000000	      0.00000000	      0.00000000	      0.00000000	      0.00000000	      0.00000000	      0.00000000	      0.00000000	      0.00000000	      0.00000000	      0.00000000	      0.00000000	      0.00000000	      0.00000000	      0.00000000
      1.94700000	      0.00000000	      0.00000000	      0.00000000	      0.00000000	      0.00000000	      0.00000000	      0.00000000	      0.00000000	      0.00000000	      0.00000000	      0.00000000	      0.00000000	      0.00000000	      0.00000000	      0.00000000	      0.00000000	      0.00000000	      0.00000000
      1.94800000	      0.00000000	      0.00000000	      0.00000000	      0.00000000	      0.00000000	      0.00000000	      0.00000000	      0.00000000	      0.00000000	      0.00000000	      0.00000000	      0.00000000	      0.00000000	      0.00000000	      0.00000000	      0.00000000	      0.00000000	      0.00000000
      1.94900000	      0.00000000	      0.00000000	      0.00000000	      0.00000000	      0.00000000	      0.00000000	      0.00000000	      0.00000000	      0.00000000	      0.00000000	      0.00000000	      0.00000000	      0.00000000	      0.00000000	      0.00000000	      0.00000000	      0.00000000	      0.00000000
      1.95000000	      0.00000000	      0.00000000	      0.00000000	      0.00000000	      0.00000000	      0.00000000	      0.00000000	      0.00000000	      0.00000000	      0.00000000	      0.00000000	      0.00000000	      0.00000000	      0.00000000	      0.00000000	      0.00000000	      0.00000000	      0.00000000
      1.95100000	      0.00000000	      0.00000000	      0.00000000	      0.00000000	      0.00000000	      0.00000000	      0.00000000	      0.00000000	      0.00000000	      0.00000000	      0.00000000	      0.00000000	      0.00000000	      0.00000000	      0.00000000	      0.00000000	      0.00000000	      0.00000000
      1.95200000	      0.00000000	      0.00000000	      0.00000000	      0.00000000	      0.00000000	      0.00000000	      0.00000000	      0.00000000	      0.00000000	      0.00000000	      0.00000000	      0.00000000	      0.00000000	      0.00000000	      0.00000000	      0.00000000	      0.00000000	      0.00000000
      1.95300000	      0.00000000	      0.00000000	      0.00000000	      0.00000000	      0.00000000	      0.00000000	      0.00000000	      0.00000000	      0.00000000	      0.00000000	      0.00000000	      0.00000000	      0.00000000	      0.00000000	      0.00000000	      0.00000000	      0.00000000	      0.00000000
      1.95400000	      0.00000000	      0.00000000	      0.00000000	      0.00000000	      0.00000000	      0.00000000	      0.00000000	      0.00000000	      0.00000000	      0.00000000	      0.00000000	      0.00000000	      0.00000000	      0.00000000	      0.00000000	      0.00000000	      0.00000000	      0.00000000
      1.95500000	      0.00000000	      0.00000000	      0.00000000	      0.00000000	      0.00000000	      0.00000000	      0.00000000	      0.00000000	      0.00000000	      0.00000000	      0.00000000	      0.00000000	      0.00000000	      0.00000000	      0.00000000	      0.00000000	      0.00000000	      0.00000000
      1.95600000	      0.00000000	      0.00000000	      0.00000000	      0.00000000	      0.00000000	      0.00000000	      0.00000000	      0.00000000	      0.00000000	      0.00000000	      0.00000000	      0.00000000	      0.00000000	      0.00000000	      0.00000000	      0.00000000	      0.00000000	      0.00000000
      1.95700000	      0.00000000	      0.00000000	      0.00000000	      0.00000000	      0.00000000	      0.00000000	      0.00000000	      0.00000000	      0.00000000	      0.00000000	      0.00000000	      0.00000000	      0.00000000	      0.00000000	      0.00000000	      0.00000000	      0.00000000	      0.00000000
      1.95800000	      0.00000000	      0.00000000	      0.00000000	      0.00000000	      0.00000000	      0.00000000	      0.00000000	      0.00000000	      0.00000000	      0.00000000	      0.00000000	      0.00000000	      0.00000000	      0.00000000	      0.00000000	      0.00000000	      0.00000000	      0.00000000
      1.95900000	      0.00000000	      0.00000000	      0.00000000	      0.00000000	      0.00000000	      0.00000000	      0.00000000	      0.00000000	      0.00000000	      0.00000000	      0.00000000	      0.00000000	      0.00000000	      0.00000000	      0.00000000	      0.00000000	      0.00000000	      0.00000000
      1.96000000	      0.00000000	      0.00000000	      0.00000000	      0.00000000	      0.00000000	      0.00000000	      0.00000000	      0.00000000	      0.00000000	      0.00000000	      0.00000000	      0.00000000	      0.00000000	      0.00000000	      0.00000000	      0.00000000	      0.00000000	      0.00000000
      1.96100000	      0.00000000	      0.00000000	      0.00000000	      0.00000000	      0.00000000	      0.00000000	      0.00000000	      0.00000000	      0.00000000	      0.00000000	      0.00000000	      0.00000000	      0.00000000	      0.00000000	      0.00000000	      0.00000000	      0.00000000	      0.00000000
      1.96200000	      0.00000000	      0.00000000	      0.00000000	      0.00000000	      0.00000000	      0.00000000	      0.00000000	      0.00000000	      0.00000000	      0.00000000	      0.00000000	      0.00000000	      0.00000000	      0.00000000	      0.00000000	      0.00000000	      0.00000000	      0.00000000
      1.96300000	      0.00000000	      0.00000000	      0.00000000	      0.00000000	      0.00000000	      0.00000000	      0.00000000	      0.00000000	      0.00000000	      0.00000000	      0.00000000	      0.00000000	      0.00000000	      0.00000000	      0.00000000	      0.00000000	      0.00000000	      0.00000000
      1.96400000	      0.00000000	      0.00000000	      0.00000000	      0.00000000	      0.00000000	      0.00000000	      0.00000000	      0.00000000	      0.00000000	      0.00000000	      0.00000000	      0.00000000	      0.00000000	      0.00000000	      0.00000000	      0.00000000	      0.00000000	      0.00000000
      1.96500000	      0.00000000	      0.00000000	      0.00000000	      0.00000000	      0.00000000	      0.00000000	      0.00000000	      0.00000000	      0.00000000	      0.00000000	      0.00000000	      0.00000000	      0.00000000	      0.00000000	      0.00000000	      0.00000000	      0.00000000	      0.00000000
      1.96600000	      0.00000000	      0.00000000	      0.00000000	      0.00000000	      0.00000000	      0.00000000	      0.00000000	      0.00000000	      0.00000000	      0.00000000	      0.00000000	      0.00000000	      0.00000000	      0.00000000	      0.00000000	      0.00000000	      0.00000000	      0.00000000
      1.96700000	      0.00000000	      0.00000000	      0.00000000	      0.00000000	      0.00000000	      0.00000000	      0.00000000	      0.00000000	      0.00000000	      0.00000000	      0.00000000	      0.00000000	      0.00000000	      0.00000000	      0.00000000	      0.00000000	      0.00000000	      0.00000000
      1.96800000	      0.00000000	      0.00000000	      0.00000000	      0.00000000	      0.00000000	      0.00000000	      0.00000000	      0.00000000	      0.00000000	      0.00000000	      0.00000000	      0.00000000	      0.00000000	      0.00000000	      0.00000000	      0.00000000	      0.00000000	      0.00000000
      1.96900000	      0.00000000	      0.00000000	      0.00000000	      0.00000000	      0.00000000	      0.00000000	      0.00000000	      0.00000000	      0.00000000	      0.00000000	      0.00000000	      0.00000000	      0.00000000	      0.00000000	      0.00000000	      0.00000000	      0.00000000	      0.00000000
      1.97000000	      0.00000000	      0.00000000	      0.00000000	      0.00000000	      0.00000000	      0.00000000	      0.00000000	      0.00000000	      0.00000000	      0.00000000	      0.00000000	      0.00000000	      0.00000000	      0.00000000	      0.00000000	      0.00000000	      0.00000000	      0.00000000
      1.97100000	      0.00000000	      0.00000000	      0.00000000	      0.00000000	      0.00000000	      0.00000000	      0.00000000	      0.00000000	      0.00000000	      0.00000000	      0.00000000	      0.00000000	      0.00000000	      0.00000000	      0.00000000	      0.00000000	      0.00000000	      0.00000000
      1.97200000	      0.00000000	      0.00000000	      0.00000000	      0.00000000	      0.00000000	      0.00000000	      0.00000000	      0.00000000	      0.00000000	      0.00000000	      0.00000000	      0.00000000	      0.00000000	      0.00000000	      0.00000000	      0.00000000	      0.00000000	      0.00000000
      1.97300000	      0.00000000	      0.00000000	      0.00000000	      0.00000000	      0.00000000	      0.00000000	      0.00000000	      0.00000000	      0.00000000	      0.00000000	      0.00000000	      0.00000000	      0.00000000	      0.00000000	      0.00000000	      0.00000000	      0.00000000	      0.00000000
      1.97400000	      0.00000000	      0.00000000	      0.00000000	      0.00000000	      0.00000000	      0.00000000	      0.00000000	      0.00000000	      0.00000000	      0.00000000	      0.00000000	      0.00000000	      0.00000000	      0.00000000	      0.00000000	      0.00000000	      0.00000000	      0.00000000
      1.97500000	      0.00000000	      0.00000000	      0.00000000	      0.00000000	      0.00000000	      0.00000000	      0.00000000	      0.00000000	      0.00000000	      0.00000000	      0.00000000	      0.00000000	      0.00000000	      0.00000000	      0.00000000	      0.00000000	      0.00000000	      0.00000000
      1.97600000	      0.00000000	      0.00000000	      0.00000000	      0.00000000	      0.00000000	      0.00000000	      0.00000000	      0.00000000	      0.00000000	      0.00000000	      0.00000000	      0.00000000	      0.00000000	      0.00000000	      0.00000000	      0.00000000	      0.00000000	      0.00000000
      1.97700000	      0.00000000	      0.00000000	      0.00000000	      0.00000000	      0.00000000	      0.00000000	      0.00000000	      0.00000000	      0.00000000	      0.00000000	      0.00000000	      0.00000000	      0.00000000	      0.00000000	      0.00000000	      0.00000000	      0.00000000	      0.00000000
      1.97800000	      0.00000000	      0.00000000	      0.00000000	      0.00000000	      0.00000000	      0.00000000	      0.00000000	      0.00000000	      0.00000000	      0.00000000	      0.00000000	      0.00000000	      0.00000000	      0.00000000	      0.00000000	      0.00000000	      0.00000000	      0.00000000
      1.97900000	      0.00000000	      0.00000000	      0.00000000	      0.00000000	      0.00000000	      0.00000000	      0.00000000	      0.00000000	      0.00000000	      0.00000000	      0.00000000	      0.00000000	      0.00000000	      0.00000000	      0.00000000	      0.00000000	      0.00000000	      0.00000000
      1.98000000	      0.00000000	      0.00000000	      0.00000000	      0.00000000	      0.00000000	      0.00000000	      0.00000000	      0.00000000	      0.00000000	      0.00000000	      0.00000000	      0.00000000	      0.00000000	      0.00000000	      0.00000000	      0.00000000	      0.00000000	      0.00000000
      1.98100000	      0.00000000	      0.00000000	      0.00000000	      0.00000000	      0.00000000	      0.00000000	      0.00000000	      0.00000000	      0.00000000	      0.00000000	      0.00000000	      0.00000000	      0.00000000	      0.00000000	      0.00000000	      0.00000000	      0.00000000	      0.00000000
      1.98200000	      0.00000000	      0.00000000	      0.00000000	      0.00000000	      0.00000000	      0.00000000	      0.00000000	      0.00000000	      0.00000000	      0.00000000	      0.00000000	      0.00000000	      0.00000000	      0.00000000	      0.00000000	      0.00000000	      0.00000000	      0.00000000
      1.98300000	      0.00000000	      0.00000000	      0.00000000	      0.00000000	      0.00000000	      0.00000000	      0.00000000	      0.00000000	      0.00000000	      0.00000000	      0.00000000	      0.00000000	      0.00000000	      0.00000000	      0.00000000	      0.00000000	      0.00000000	      0.00000000
      1.98400000	      0.00000000	      0.00000000	      0.00000000	      0.00000000	      0.00000000	      0.00000000	      0.00000000	      0.00000000	      0.00000000	      0.00000000	      0.00000000	      0.00000000	      0.00000000	      0.00000000	      0.00000000	      0.00000000	      0.00000000	      0.00000000
      1.98500000	      0.00000000	      0.00000000	      0.00000000	      0.00000000	      0.00000000	      0.00000000	      0.00000000	      0.00000000	      0.00000000	      0.00000000	      0.00000000	      0.00000000	      0.00000000	      0.00000000	      0.00000000	      0.00000000	      0.00000000	      0.00000000
      1.98600000	      0.00000000	      0.00000000	      0.00000000	      0.00000000	      0.00000000	      0.00000000	      0.00000000	      0.00000000	      0.00000000	      0.00000000	      0.00000000	      0.00000000	      0.00000000	      0.00000000	      0.00000000	      0.00000000	      0.00000000	      0.00000000
      1.98700000	      0.00000000	      0.00000000	      0.00000000	      0.00000000	      0.00000000	      0.00000000	      0.00000000	      0.00000000	      0.00000000	      0.00000000	      0.00000000	      0.00000000	      0.00000000	      0.00000000	      0.00000000	      0.00000000	      0.00000000	      0.00000000
      1.98800000	      0.00000000	      0.00000000	      0.00000000	      0.00000000	      0.00000000	      0.00000000	      0.00000000	      0.00000000	      0.00000000	      0.00000000	      0.00000000	      0.00000000	      0.00000000	      0.00000000	      0.00000000	      0.00000000	      0.00000000	      0.00000000
      1.98900000	      0.00000000	      0.00000000	      0.00000000	      0.00000000	      0.00000000	      0.00000000	      0.00000000	      0.00000000	      0.00000000	      0.00000000	      0.00000000	      0.00000000	      0.00000000	      0.00000000	      0.00000000	      0.00000000	      0.00000000	      0.00000000
      1.99000000	      0.00000000	      0.00000000	      0.00000000	      0.00000000	      0.00000000	      0.00000000	      0.00000000	      0.00000000	      0.00000000	      0.00000000	      0.00000000	      0.00000000	      0.00000000	      0.00000000	      0.00000000	      0.00000000	      0.00000000	      0.00000000
      1.99100000	      0.00000000	      0.00000000	      0.00000000	      0.00000000	      0.00000000	      0.00000000	      0.00000000	      0.00000000	      0.00000000	      0.00000000	      0.00000000	      0.00000000	      0.00000000	      0.00000000	      0.00000000	      0.00000000	      0.00000000	      0.00000000
      1.99200000	      0.00000000	      0.00000000	      0.00000000	      0.00000000	      0.00000000	      0.00000000	      0.00000000	      0.00000000	      0.00000000	      0.00000000	      0.00000000	      0.00000000	      0.00000000	      0.00000000	      0.00000000	      0.00000000	      0.00000000	      0.00000000
      1.99300000	      0.00000000	      0.00000000	      0.00000000	      0.00000000	      0.00000000	      0.00000000	      0.00000000	      0.00000000	      0.00000000	      0.00000000	      0.00000000	      0.00000000	      0.00000000	      0.00000000	      0.00000000	      0.00000000	      0.00000000	      0.00000000
      1.99400000	      0.00000000	      0.00000000	      0.00000000	      0.00000000	      0.00000000	      0.00000000	      0.00000000	      0.00000000	      0.00000000	      0.00000000	      0.00000000	      0.00000000	      0.00000000	      0.00000000	      0.00000000	      0.00000000	      0.00000000	      0.00000000
      1.99500000	      0.00000000	      0.00000000	      0.00000000	      0.00000000	      0.00000000	      0.00000000	      0.00000000	      0.00000000	      0.00000000	      0.00000000	      0.00000000	      0.00000000	      0.00000000	      0.00000000	      0.00000000	      0.00000000	      0.00000000	      0.00000000
      1.99600000	      0.00000000	      0.00000000	      0.00000000	      0.00000000	      0.00000000	      0.00000000	      0.00000000	      0.00000000	      0.00000000	      0.00000000	      0.00000000	      0.00000000	      0.00000000	      0.00000000	      0.00000000	      0.00000000	      0.00000000	      0.00000000
      1.99700000	      0.00000000	      0.00000000	      0.00000000	      0.00000000	      0.00000000	      0.00000000	      0.00000000	      0.00000000	      0.00000000	      0.00000000	      0.00000000	      0.00000000	      0.00000000	      0.00000000	      0.00000000	      0.00000000	      0.00000000	      0.00000000
      1.99800000	      0.00000000	      0.00000000	      0.00000000	      0.00000000	      0.00000000	      0.00000000	      0.00000000	      0.00000000	      0.00000000	      0.00000000	      0.00000000	      0.00000000	      0.00000000	      0.00000000	      0.00000000	      0.00000000	      0.00000000	      0.00000000
      1.99900000	      0.00000000	      0.00000000	      0.00000000	      0.00000000	      0.00000000	      0.00000000	      0.00000000	      0.00000000	      0.00000000	      0.00000000	      0.00000000	      0.00000000	      0.00000000	      0.00000000	      0.00000000	      0.00000000	      0.00000000	      0.00000000
      2.00000000	      0.00000000	      0.00000000	      0.00000000	      0.00000000	      0.00000000	      0.00000000	      0.00000000	      0.00000000	      0.00000000	      0.00000000	      0.00000000	      0.00000000	      0.00000000	      0.00000000	      0.00000000	      0.00000000	      0.00000000	      0.00000000
      2.00100000	      0.00000000	      0.00000000	      0.00000000	      0.00000000	      0.00000000	      0.00000000	      0.00000000	      0.00000000	      0.00000000	      0.00000000	      0.00000000	      0.00000000	      0.00000000	      0.00000000	      0.00000000	      0.00000000	      0.00000000	      0.00000000
      2.00200000	      0.00000000	      0.00000000	      0.00000000	      0.00000000	      0.00000000	      0.00000000	      0.00000000	      0.00000000	      0.00000000	      0.00000000	      0.00000000	      0.00000000	      0.00000000	      0.00000000	      0.00000000	      0.00000000	      0.00000000	      0.00000000
      2.00300000	      0.00000000	      0.00000000	      0.00000000	      0.00000000	      0.00000000	      0.00000000	      0.00000000	      0.00000000	      0.00000000	      0.00000000	      0.00000000	      0.00000000	      0.00000000	      0.00000000	      0.00000000	      0.00000000	      0.00000000	      0.00000000
      2.00400000	      0.00000000	      0.00000000	      0.00000000	      0.00000000	      0.00000000	      0.00000000	      0.00000000	      0.00000000	      0.00000000	      0.00000000	      0.00000000	      0.00000000	      0.00000000	      0.00000000	      0.00000000	      0.00000000	      0.00000000	      0.00000000
      2.00500000	      0.00000000	      0.00000000	      0.00000000	      0.00000000	      0.00000000	      0.00000000	      0.00000000	      0.00000000	      0.00000000	      0.00000000	      0.00000000	      0.00000000	      0.00000000	      0.00000000	      0.00000000	      0.00000000	      0.00000000	      0.00000000
      2.00600000	      0.00000000	      0.00000000	      0.00000000	      0.00000000	      0.00000000	      0.00000000	      0.00000000	      0.00000000	      0.00000000	      0.00000000	      0.00000000	      0.00000000	      0.00000000	      0.00000000	      0.00000000	      0.00000000	      0.00000000	      0.00000000
      2.00700000	      0.00000000	      0.00000000	      0.00000000	      0.00000000	      0.00000000	      0.00000000	      0.00000000	      0.00000000	      0.00000000	      0.00000000	      0.00000000	      0.00000000	      0.00000000	      0.00000000	      0.00000000	      0.00000000	      0.00000000	      0.00000000
      2.00800000	      0.00000000	      0.00000000	      0.00000000	      0.00000000	      0.00000000	      0.00000000	      0.00000000	      0.00000000	      0.00000000	      0.00000000	      0.00000000	      0.00000000	      0.00000000	      0.00000000	      0.00000000	      0.00000000	      0.00000000	      0.00000000
      2.00900000	      0.00000000	      0.00000000	      0.00000000	      0.00000000	      0.00000000	      0.00000000	      0.00000000	      0.00000000	      0.00000000	      0.00000000	      0.00000000	      0.00000000	      0.00000000	      0.00000000	      0.00000000	      0.00000000	      0.00000000	      0.00000000
      2.01000000	      0.00000000	      0.00000000	      0.00000000	      0.00000000	      0.00000000	      0.00000000	      0.00000000	      0.00000000	      0.00000000	      0.00000000	      0.00000000	      0.00000000	      0.00000000	      0.00000000	      0.00000000	      0.00000000	      0.00000000	      0.00000000
      2.01100000	      0.00000000	      0.00000000	      0.00000000	      0.00000000	      0.00000000	      0.00000000	      0.00000000	      0.00000000	      0.00000000	      0.00000000	      0.00000000	      0.00000000	      0.00000000	      0.00000000	      0.00000000	      0.00000000	      0.00000000	      0.00000000
      2.01200000	      0.00000000	      0.00000000	      0.00000000	      0.00000000	      0.00000000	      0.00000000	      0.00000000	      0.00000000	      0.00000000	      0.00000000	      0.00000000	      0.00000000	      0.00000000	      0.00000000	      0.00000000	      0.00000000	      0.00000000	      0.00000000
      2.01300000	      0.00000000	      0.00000000	      0.00000000	      0.00000000	      0.00000000	      0.00000000	      0.00000000	      0.00000000	      0.00000000	      0.00000000	      0.00000000	      0.00000000	      0.00000000	      0.00000000	      0.00000000	      0.00000000	      0.00000000	      0.00000000
      2.01400000	      0.00000000	      0.00000000	      0.00000000	      0.00000000	      0.00000000	      0.00000000	      0.00000000	      0.00000000	      0.00000000	      0.00000000	      0.00000000	      0.00000000	      0.00000000	      0.00000000	      0.00000000	      0.00000000	      0.00000000	      0.00000000
      2.01500000	      0.00000000	      0.00000000	      0.00000000	      0.00000000	      0.00000000	      0.00000000	      0.00000000	      0.00000000	      0.00000000	      0.00000000	      0.00000000	      0.00000000	      0.00000000	      0.00000000	      0.00000000	      0.00000000	      0.00000000	      0.00000000
      2.01600000	      0.00000000	      0.00000000	      0.00000000	      0.00000000	      0.00000000	      0.00000000	      0.00000000	      0.00000000	      0.00000000	      0.00000000	      0.00000000	      0.00000000	      0.00000000	      0.00000000	      0.00000000	      0.00000000	      0.00000000	      0.00000000
      2.01700000	      0.00000000	      0.00000000	      0.00000000	      0.00000000	      0.00000000	      0.00000000	      0.00000000	      0.00000000	      0.00000000	      0.00000000	      0.00000000	      0.00000000	      0.00000000	      0.00000000	      0.00000000	      0.00000000	      0.00000000	      0.00000000
      2.01800000	      0.00000000	      0.00000000	      0.00000000	      0.00000000	      0.00000000	      0.00000000	      0.00000000	      0.00000000	      0.00000000	      0.00000000	      0.00000000	      0.00000000	      0.00000000	      0.00000000	      0.00000000	      0.00000000	      0.00000000	      0.00000000
      2.01900000	      0.00000000	      0.00000000	      0.00000000	      0.00000000	      0.00000000	      0.00000000	      0.00000000	      0.00000000	      0.00000000	      0.00000000	      0.00000000	      0.00000000	      0.00000000	      0.00000000	      0.00000000	      0.00000000	      0.00000000	      0.00000000
      2.02000000	      0.00000000	      0.00000000	      0.00000000	      0.00000000	      0.00000000	      0.00000000	      0.00000000	      0.00000000	      0.00000000	      0.00000000	      0.00000000	      0.00000000	      0.00000000	      0.00000000	      0.00000000	      0.00000000	      0.00000000	      0.00000000
      2.02100000	      0.00000000	      0.00000000	      0.00000000	      0.00000000	      0.00000000	      0.00000000	      0.00000000	      0.00000000	      0.00000000	      0.00000000	      0.00000000	      0.00000000	      0.00000000	      0.00000000	      0.00000000	      0.00000000	      0.00000000	      0.00000000
      2.02200000	      0.00000000	      0.00000000	      0.00000000	      0.00000000	      0.00000000	      0.00000000	      0.00000000	      0.00000000	      0.00000000	      0.00000000	      0.00000000	      0.00000000	      0.00000000	      0.00000000	      0.00000000	      0.00000000	      0.00000000	      0.00000000
      2.02300000	      0.00000000	      0.00000000	      0.00000000	      0.00000000	      0.00000000	      0.00000000	      0.00000000	      0.00000000	      0.00000000	      0.00000000	      0.00000000	      0.00000000	      0.00000000	      0.00000000	      0.00000000	      0.00000000	      0.00000000	      0.00000000
      2.02400000	      0.00000000	      0.00000000	      0.00000000	      0.00000000	      0.00000000	      0.00000000	      0.00000000	      0.00000000	      0.00000000	      0.00000000	      0.00000000	      0.00000000	      0.00000000	      0.00000000	      0.00000000	      0.00000000	      0.00000000	      0.00000000
      2.02500000	      0.00000000	      0.00000000	      0.00000000	      0.00000000	      0.00000000	      0.00000000	      0.00000000	      0.00000000	      0.00000000	      0.00000000	      0.00000000	      0.00000000	      0.00000000	      0.00000000	      0.00000000	      0.00000000	      0.00000000	      0.00000000
      2.02600000	      0.00000000	      0.00000000	      0.00000000	      0.00000000	      0.00000000	      0.00000000	      0.00000000	      0.00000000	      0.00000000	      0.00000000	      0.00000000	      0.00000000	      0.00000000	      0.00000000	      0.00000000	      0.00000000	      0.00000000	      0.00000000
      2.02700000	      0.00000000	      0.00000000	      0.00000000	      0.00000000	      0.00000000	      0.00000000	      0.00000000	      0.00000000	      0.00000000	      0.00000000	      0.00000000	      0.00000000	      0.00000000	      0.00000000	      0.00000000	      0.00000000	      0.00000000	      0.00000000
      2.02800000	      0.00000000	      0.00000000	      0.00000000	      0.00000000	      0.00000000	      0.00000000	      0.00000000	      0.00000000	      0.00000000	      0.00000000	      0.00000000	      0.00000000	      0.00000000	      0.00000000	      0.00000000	      0.00000000	      0.00000000	      0.00000000
      2.02900000	      0.00000000	      0.00000000	      0.00000000	      0.00000000	      0.00000000	      0.00000000	      0.00000000	      0.00000000	      0.00000000	      0.00000000	      0.00000000	      0.00000000	      0.00000000	      0.00000000	      0.00000000	      0.00000000	      0.00000000	      0.00000000
      2.03000000	      0.00000000	      0.00000000	      0.00000000	      0.00000000	      0.00000000	      0.00000000	      0.00000000	      0.00000000	      0.00000000	      0.00000000	      0.00000000	      0.00000000	      0.00000000	      0.00000000	      0.00000000	      0.00000000	      0.00000000	      0.00000000
      2.03100000	      0.00000000	      0.00000000	      0.00000000	      0.00000000	      0.00000000	      0.00000000	      0.00000000	      0.00000000	      0.00000000	      0.00000000	      0.00000000	      0.00000000	      0.00000000	      0.00000000	      0.00000000	      0.00000000	      0.00000000	      0.00000000
      2.03200000	      0.00000000	      0.00000000	      0.00000000	      0.00000000	      0.00000000	      0.00000000	      0.00000000	      0.00000000	      0.00000000	      0.00000000	      0.00000000	      0.00000000	      0.00000000	      0.00000000	      0.00000000	      0.00000000	      0.00000000	      0.00000000
      2.03300000	      0.00000000	      0.00000000	      0.00000000	      0.00000000	      0.00000000	      0.00000000	      0.00000000	      0.00000000	      0.00000000	      0.00000000	      0.00000000	      0.00000000	      0.00000000	      0.00000000	      0.00000000	      0.00000000	      0.00000000	      0.00000000
      2.03400000	      0.00000000	      0.00000000	      0.00000000	      0.00000000	      0.00000000	      0.00000000	      0.00000000	      0.00000000	      0.00000000	      0.00000000	      0.00000000	      0.00000000	      0.00000000	      0.00000000	      0.00000000	      0.00000000	      0.00000000	      0.00000000
      2.03500000	      0.00000000	      0.00000000	      0.00000000	      0.00000000	      0.00000000	      0.00000000	      0.00000000	      0.00000000	      0.00000000	      0.00000000	      0.00000000	      0.00000000	      0.00000000	      0.00000000	      0.00000000	      0.00000000	      0.00000000	      0.00000000
      2.03600000	      0.00000000	      0.00000000	      0.00000000	      0.00000000	      0.00000000	      0.00000000	      0.00000000	      0.00000000	      0.00000000	      0.00000000	      0.00000000	      0.00000000	      0.00000000	      0.00000000	      0.00000000	      0.00000000	      0.00000000	      0.00000000
      2.03700000	      0.00000000	      0.00000000	      0.00000000	      0.00000000	      0.00000000	      0.00000000	      0.00000000	      0.00000000	      0.00000000	      0.00000000	      0.00000000	      0.00000000	      0.00000000	      0.00000000	      0.00000000	      0.00000000	      0.00000000	      0.00000000
      2.03800000	      0.00000000	      0.00000000	      0.00000000	      0.00000000	      0.00000000	      0.00000000	      0.00000000	      0.00000000	      0.00000000	      0.00000000	      0.00000000	      0.00000000	      0.00000000	      0.00000000	      0.00000000	      0.00000000	      0.00000000	      0.00000000
      2.03900000	      0.00000000	      0.00000000	      0.00000000	      0.00000000	      0.00000000	      0.00000000	      0.00000000	      0.00000000	      0.00000000	      0.00000000	      0.00000000	      0.00000000	      0.00000000	      0.00000000	      0.00000000	      0.00000000	      0.00000000	      0.00000000
      2.04000000	      0.00000000	      0.00000000	      0.00000000	      0.00000000	      0.00000000	      0.00000000	      0.00000000	      0.00000000	      0.00000000	      0.00000000	      0.00000000	      0.00000000	      0.00000000	      0.00000000	      0.00000000	      0.00000000	      0.00000000	      0.00000000
      2.04100000	      0.00000000	      0.00000000	      0.00000000	      0.00000000	      0.00000000	      0.00000000	      0.00000000	      0.00000000	      0.00000000	      0.00000000	      0.00000000	      0.00000000	      0.00000000	      0.00000000	      0.00000000	      0.00000000	      0.00000000	      0.00000000
      2.04200000	      0.00000000	      0.00000000	      0.00000000	      0.00000000	      0.00000000	      0.00000000	      0.00000000	      0.00000000	      0.00000000	      0.00000000	      0.00000000	      0.00000000	      0.00000000	      0.00000000	      0.00000000	      0.00000000	      0.00000000	      0.00000000
      2.04300000	      0.00000000	      0.00000000	      0.00000000	      0.00000000	      0.00000000	      0.00000000	      0.00000000	      0.00000000	      0.00000000	      0.00000000	      0.00000000	      0.00000000	      0.00000000	      0.00000000	      0.00000000	      0.00000000	      0.00000000	      0.00000000
      2.04400000	      0.00000000	      0.00000000	      0.00000000	      0.00000000	      0.00000000	      0.00000000	      0.00000000	      0.00000000	      0.00000000	      0.00000000	      0.00000000	      0.00000000	      0.00000000	      0.00000000	      0.00000000	      0.00000000	      0.00000000	      0.00000000
      2.04500000	      0.00000000	      0.00000000	      0.00000000	      0.00000000	      0.00000000	      0.00000000	      0.00000000	      0.00000000	      0.00000000	      0.00000000	      0.00000000	      0.00000000	      0.00000000	      0.00000000	      0.00000000	      0.00000000	      0.00000000	      0.00000000
      2.04600000	      0.00000000	      0.00000000	      0.00000000	      0.00000000	      0.00000000	      0.00000000	      0.00000000	      0.00000000	      0.00000000	      0.00000000	      0.00000000	      0.00000000	      0.00000000	      0.00000000	      0.00000000	      0.00000000	      0.00000000	      0.00000000
      2.04700000	      0.00000000	      0.00000000	      0.00000000	      0.00000000	      0.00000000	      0.00000000	      0.00000000	      0.00000000	      0.00000000	      0.00000000	      0.00000000	      0.00000000	      0.00000000	      0.00000000	      0.00000000	      0.00000000	      0.00000000	      0.00000000
      2.04800000	      0.00000000	      0.00000000	      0.00000000	      0.00000000	      0.00000000	      0.00000000	      0.00000000	      0.00000000	      0.00000000	      0.00000000	      0.00000000	      0.00000000	      0.00000000	      0.00000000	      0.00000000	      0.00000000	      0.00000000	      0.00000000
      2.04900000	      0.00000000	      0.00000000	      0.00000000	      0.00000000	      0.00000000	      0.00000000	      0.00000000	      0.00000000	      0.00000000	      0.00000000	      0.00000000	      0.00000000	      0.00000000	      0.00000000	      0.00000000	      0.00000000	      0.00000000	      0.00000000
      2.05000000	      0.00000000	      0.00000000	      0.00000000	      0.00000000	      0.00000000	      0.00000000	      0.00000000	      0.00000000	      0.00000000	      0.00000000	      0.00000000	      0.00000000	      0.00000000	      0.00000000	      0.00000000	      0.00000000	      0.00000000	      0.00000000
      2.05100000	      0.00000000	      0.00000000	      0.00000000	      0.00000000	      0.00000000	      0.00000000	      0.00000000	      0.00000000	      0.00000000	      0.00000000	      0.00000000	      0.00000000	      0.00000000	      0.00000000	      0.00000000	      0.00000000	      0.00000000	      0.00000000
      2.05200000	      0.00000000	      0.00000000	      0.00000000	      0.00000000	      0.00000000	      0.00000000	      0.00000000	      0.00000000	      0.00000000	      0.00000000	      0.00000000	      0.00000000	      0.00000000	      0.00000000	      0.00000000	      0.00000000	      0.00000000	      0.00000000
      2.05300000	      0.00000000	      0.00000000	      0.00000000	      0.00000000	      0.00000000	      0.00000000	      0.00000000	      0.00000000	      0.00000000	      0.00000000	      0.00000000	      0.00000000	      0.00000000	      0.00000000	      0.00000000	      0.00000000	      0.00000000	      0.00000000
      2.05400000	      0.00000000	      0.00000000	      0.00000000	      0.00000000	      0.00000000	      0.00000000	      0.00000000	      0.00000000	      0.00000000	      0.00000000	      0.00000000	      0.00000000	      0.00000000	      0.00000000	      0.00000000	      0.00000000	      0.00000000	      0.00000000
      2.05500000	      0.00000000	      0.00000000	      0.00000000	      0.00000000	      0.00000000	      0.00000000	      0.00000000	      0.00000000	      0.00000000	      0.00000000	      0.00000000	      0.00000000	      0.00000000	      0.00000000	      0.00000000	      0.00000000	      0.00000000	      0.00000000
      2.05600000	      0.00000000	      0.00000000	      0.00000000	      0.00000000	      0.00000000	      0.00000000	      0.00000000	      0.00000000	      0.00000000	      0.00000000	      0.00000000	      0.00000000	      0.00000000	      0.00000000	      0.00000000	      0.00000000	      0.00000000	      0.00000000
      2.05700000	      0.00000000	      0.00000000	      0.00000000	      0.00000000	      0.00000000	      0.00000000	      0.00000000	      0.00000000	      0.00000000	      0.00000000	      0.00000000	      0.00000000	      0.00000000	      0.00000000	      0.00000000	      0.00000000	      0.00000000	      0.00000000
      2.05800000	      0.00000000	      0.00000000	      0.00000000	      0.00000000	      0.00000000	      0.00000000	      0.00000000	      0.00000000	      0.00000000	      0.00000000	      0.00000000	      0.00000000	      0.00000000	      0.00000000	      0.00000000	      0.00000000	      0.00000000	      0.00000000
      2.05900000	      0.00000000	      0.00000000	      0.00000000	      0.00000000	      0.00000000	      0.00000000	      0.00000000	      0.00000000	      0.00000000	      0.00000000	      0.00000000	      0.00000000	      0.00000000	      0.00000000	      0.00000000	      0.00000000	      0.00000000	      0.00000000
      2.06000000	      0.00000000	      0.00000000	      0.00000000	      0.00000000	      0.00000000	      0.00000000	      0.00000000	      0.00000000	      0.00000000	      0.00000000	      0.00000000	      0.00000000	      0.00000000	      0.00000000	      0.00000000	      0.00000000	      0.00000000	      0.00000000
      2.06100000	      0.00000000	      0.00000000	      0.00000000	      0.00000000	      0.00000000	      0.00000000	      0.00000000	      0.00000000	      0.00000000	      0.00000000	      0.00000000	      0.00000000	      0.00000000	      0.00000000	      0.00000000	      0.00000000	      0.00000000	      0.00000000
      2.06200000	      0.00000000	      0.00000000	      0.00000000	      0.00000000	      0.00000000	      0.00000000	      0.00000000	      0.00000000	      0.00000000	      0.00000000	      0.00000000	      0.00000000	      0.00000000	      0.00000000	      0.00000000	      0.00000000	      0.00000000	      0.00000000
      2.06300000	      0.00000000	      0.00000000	      0.00000000	      0.00000000	      0.00000000	      0.00000000	      0.00000000	      0.00000000	      0.00000000	      0.00000000	      0.00000000	      0.00000000	      0.00000000	      0.00000000	      0.00000000	      0.00000000	      0.00000000	      0.00000000
      2.06400000	      0.00000000	      0.00000000	      0.00000000	      0.00000000	      0.00000000	      0.00000000	      0.00000000	      0.00000000	      0.00000000	      0.00000000	      0.00000000	      0.00000000	      0.00000000	      0.00000000	      0.00000000	      0.00000000	      0.00000000	      0.00000000
      2.06500000	      0.00000000	      0.00000000	      0.00000000	      0.00000000	      0.00000000	      0.00000000	      0.00000000	      0.00000000	      0.00000000	      0.00000000	      0.00000000	      0.00000000	      0.00000000	      0.00000000	      0.00000000	      0.00000000	      0.00000000	      0.00000000
      2.06600000	      0.00000000	      0.00000000	      0.00000000	      0.00000000	      0.00000000	      0.00000000	      0.00000000	      0.00000000	      0.00000000	      0.00000000	      0.00000000	      0.00000000	      0.00000000	      0.00000000	      0.00000000	      0.00000000	      0.00000000	      0.00000000
      2.06700000	      0.00000000	      0.00000000	      0.00000000	      0.00000000	      0.00000000	      0.00000000	      0.00000000	      0.00000000	      0.00000000	      0.00000000	      0.00000000	      0.00000000	      0.00000000	      0.00000000	      0.00000000	      0.00000000	      0.00000000	      0.00000000
      2.06800000	      0.00000000	      0.00000000	      0.00000000	      0.00000000	      0.00000000	      0.00000000	      0.00000000	      0.00000000	      0.00000000	      0.00000000	      0.00000000	      0.00000000	      0.00000000	      0.00000000	      0.00000000	      0.00000000	      0.00000000	      0.00000000
      2.06900000	      0.00000000	      0.00000000	      0.00000000	      0.00000000	      0.00000000	      0.00000000	      0.00000000	      0.00000000	      0.00000000	      0.00000000	      0.00000000	      0.00000000	      0.00000000	      0.00000000	      0.00000000	      0.00000000	      0.00000000	      0.00000000
      2.07000000	      0.00000000	      0.00000000	      0.00000000	      0.00000000	      0.00000000	      0.00000000	      0.00000000	      0.00000000	      0.00000000	      0.00000000	      0.00000000	      0.00000000	      0.00000000	      0.00000000	      0.00000000	      0.00000000	      0.00000000	      0.00000000
