PathFileType        4      (X/Y/Z)      Static.trc         
DataRate	CameraRate	NumFrames	NumMarkers	Units	OrigDataRate	OrigDataStartFrame	OrigNumFrames
100.0	100.0	156	33	mm	100.0	1	156
Frame#	Time	T2			T10			MANU			LASI			RASI			SACR			LTHI			LKAX			LKD1			LKD2			LKNE			LTIB			LANK			LMED			LHEE			LTOE			RTHI			RKAX			RKD1			RKD2			RKNE			RTIB			RANK			RMED			RHEE			RTOE			RHJC			LHJC			RKJC			LKJC			MASI			RAJC			LAJC			
		X1	Y1	Z1	X2	Y2	Z2	X3	Y3	Z3	X4	Y4	Z4	X5	Y5	Z5	X6	Y6	Z6	X7	Y7	Z7	X8	Y8	Z8	X9	Y9	Z9	X10	Y10	Z10	X11	Y11	Z11	X12	Y12	Z12	X13	Y13	Z13	X14	Y14	Z14	X15	Y15	Z15	X16	Y16	Z16	X17	Y17	Z17	X18	Y18	Z18	X19	Y19	Z19	X20	Y20	Z20	X21	Y21	Z21	X22	Y22	Z22	X23	Y23	Z23	X24	Y24	Z24	X25	Y25	Z25	X26	Y26	Z26	X27	Y27	Z27	X28	Y28	Z28	X29	Y29	Z29	X30	Y30	Z30	X31	Y31	Z31	X32	Y32	Z32	X33	Y33	Z33	
1	0.0	129.4666	1122.84121	-58.42665	104.99202	924.9633	-75.21472	242.39489	1050.43505	-46.14754	299.41066	737.0311	-148.85924	269.72381	740.53539	69.55256	162.79699	771.73985	-60.35242	305.12994	419.40318	-213.67008	313.73967	356.25893	-277.20965	406.27741	350.10117	-183.07404	309.52679	260.37279	-186.21598	312.97716	353.70049	-183.7508	202.85384	136.21861	-238.30328	156.53752	61.94859	-207.33234	157.38854	49.03083	-133.56513	95.07706	39.30873	-184.90185	268.75748	29.67458	-184.24578	299.06214	432.80441	113.12835	319.73272	362.04323	176.00336	408.76595	358.67375	68.18467	311.99332	266.44429	78.05243	312.46384	361.96712	78.00586	225.25823	144.72358	130.03159	174.19649	53.93647	102.72106	177.79669	57.11011	24.09774	118.57839	37.24327	79.91469	289.0543	29.71956	54.08237	215.0819	676.13056	32.70142	236.64134	673.58564	-125.91552	309.06117	361.93149	32.1319	312.60201	352.44176	-137.76955	284.56723	738.78324	-39.65334	172.40384	47.25027	64.25389	152.76078	47.47201	-171.33107	
2	0.01	129.50176	1122.82672	-58.46703	105.05313	924.95628	-75.30078	242.40668	1050.4298	-46.11892	299.41054	736.98877	-148.84308	269.68425	740.51273	69.53159	162.89811	771.67731	-60.38726	305.15411	419.37571	-213.67879	313.77164	356.22621	-277.21078	406.24018	350.03489	-183.03501	309.50258	260.31811	-186.19695	312.95725	353.65325	-183.74618	202.86788	136.20238	-238.30738	156.54879	61.94804	-207.37678	157.40041	49.03512	-133.5457	95.06209	39.32795	-184.95545	268.7243	29.62803	-184.22068	299.03709	432.79113	113.13359	319.72448	362.03271	175.99668	408.73104	358.63786	68.18891	312.01419	266.46604	78.06041	312.46803	361.94611	78.01548	225.24806	144.71109	130.05582	174.16392	53.91048	102.71883	177.79634	57.0983	24.07774	118.57946	37.20537	79.93151	289.04809	29.69984	54.08618	215.077	676.10764	32.68449	236.66537	673.54841	-125.90752	309.0706	361.90556	32.14113	312.5566	352.38746	-137.76535	284.54739	738.75075	-39.65574	172.38669	47.23156	64.24223	152.77388	47.47539	-171.34403	
3	0.02	129.52919	1122.81332	-58.49614	105.08983	924.95326	-75.37471	242.42716	1050.42658	-46.09687	299.41699	736.95285	-148.83305	269.64645	740.49179	69.50663	162.97321	771.62653	-60.41431	305.18001	419.3499	-213.68573	313.80265	356.19512	-277.2104	406.21529	349.97964	-183.00422	309.48233	260.26886	-186.17954	312.94446	353.61299	-183.74184	202.87945	136.18908	-238.31192	156.55635	61.9472	-207.41116	157.4126	49.04154	-133.53076	95.04599	39.34088	-184.9969	268.69363	29.58611	-184.19858	299.01175	432.7771	113.13406	319.71191	362.01999	175.98913	408.69905	358.60575	68.18259	312.03956	266.48813	78.06507	312.46999	361.92497	78.01967	225.23973	144.70138	130.07454	174.13599	53.88895	102.71624	177.78972	57.08625	24.06563	118.58198	37.17496	79.94317	289.04125	29.68189	54.08817	215.06819	676.08795	32.65972	236.68895	673.51781	-125.90875	309.07892	361.88048	32.14486	312.52229	352.34275	-137.76132	284.53172	738.72232	-39.66321	172.36872	47.21499	64.23458	152.78495	47.47946	-171.35412	
4	0.03	129.54496	1122.80292	-58.50844	105.0867	924.95668	-75.42966	242.46127	1050.42509	-46.08342	299.4334	736.92661	-148.83109	269.60959	740.47141	69.4759	163.00869	771.59486	-60.42881	305.20821	419.32691	-213.68841	313.8326	356.16714	-277.20722	406.20767	349.94019	-182.98335	309.46881	260.22807	-186.1632	312.94196	353.58299	-183.73682	202.88667	136.18031	-238.3164	156.55715	61.94594	-207.42906	157.42394	49.04973	-133.52178	95.02756	39.34607	-185.01839	268.66671	29.55237	-184.18069	298.98539	432.76179	113.12827	319.69212	362.00422	175.98211	408.67116	358.57924	68.16249	312.07017	266.50976	78.06572	312.46778	361.90385	78.01704	225.23243	144.69461	130.08579	174.11552	53.87547	102.71368	177.77401	57.07469	24.06548	118.58414	37.15684	79.94684	289.03326	29.66813	54.08935	215.05099	676.07266	32.62226	236.71066	673.49823	-125.92411	309.08474	361.85684	32.14164	312.50383	352.31179	-137.75648	284.52149	738.69901	-39.67759	172.34999	47.20277	64.23328	152.79168	47.48386	-171.35883	
5	0.04	129.5498	1122.79808	-58.50543	105.04249	924.96671	-75.46641	242.50777	1050.42244	-46.07536	299.45794	736.90946	-148.83405	269.56885	740.44684	69.44013	163.00621	771.58304	-60.43056	305.23777	419.30779	-213.6847	313.86091	356.14253	-277.20063	406.21302	349.91389	-182.96675	309.46288	260.19522	-186.14623	312.94717	353.56126	-183.72924	202.88811	136.17549	-238.31872	156.55008	61.94467	-207.42923	157.43199	49.05762	-133.5168	95.00572	39.34709	-185.01894	268.64221	29.52769	-184.16576	298.95682	432.74485	113.11925	319.66521	361.98623	175.97917	408.648	358.55777	68.13649	312.10144	266.52827	78.06481	312.46127	361.88353	78.01134	225.22354	144.68877	130.0921	174.10149	53.87087	102.71285	177.75072	57.06507	24.07666	118.57963	37.15102	79.94383	289.02397	29.66123	54.09344	215.02003	676.06	32.57095	236.72733	673.49094	-125.95315	309.08783	361.83544	32.13523	312.49768	352.29149	-137.74896	284.51339	738.67815	-39.69696	172.33074	47.19605	64.23876	152.79236	47.4878	-171.35656	
6	0.05	129.54969	1122.80021	-58.49454	104.97361	924.98101	-75.49272	242.56172	1050.41541	-46.06805	299.48589	736.89829	-148.8372	269.52009	740.41397	69.40175	162.98114	771.58481	-60.42469	305.26777	419.2929	-213.67527	313.88716	356.12055	-277.19184	406.22461	349.89511	-182.94829	309.46503	260.16785	-186.12943	312.95601	353.54314	-183.71887	202.88449	136.17258	-238.31737	156.5382	61.94358	-207.41592	157.43472	49.06374	-133.51326	94.98205	39.34874	-185.00509	268.61895	29.51098	-184.15265	298.92791	432.72713	113.1117	319.63617	361.968	175.98241	408.63156	358.5397	68.11747	312.12702	266.54036	78.06547	312.45367	361.86547	78.00792	225.21248	144.68193	130.09719	174.09087	53.87242	102.71511	177.72566	57.05836	24.09458	118.56367	37.15274	79.93743	289.01427	29.66222	54.1028	214.9743	676.04667	32.50884	236.73753	673.49334	-125.99131	309.09045	361.81745	32.13106	312.49796	352.27528	-137.73863	284.50299	738.65613	-39.71773	172.31235	47.19388	64.24924	152.78764	47.49083	-171.34819	
7	0.06	129.55489	1122.80788	-58.48605	104.90908	924.99594	-75.51945	242.61942	1050.40295	-46.05924	299.51362	736.88955	-148.83833	269.46573	740.3736	69.36334	162.95857	771.58918	-60.41948	305.29862	419.28081	-213.66413	313.91242	356.10072	-277.18397	406.24021	349.88008	-182.92766	309.47676	260.1439	-186.11641	312.96773	353.52539	-183.70821	202.87937	136.16949	-238.31401	156.52837	61.94214	-207.39747	157.43179	49.06799	-133.51047	94.96262	39.35352	-184.9882	268.59994	29.50169	-184.14298	298.90531	432.71121	113.10813	319.61412	361.95185	175.9894	408.62407	358.52356	68.11244	312.14381	266.54458	78.06874	312.45026	361.85075	78.00916	225.20198	144.67332	130.10222	174.0827	53.87558	102.71987	177.70739	57.05411	24.11274	118.53945	37.15529	79.92944	289.00673	29.6694	54.11555	214.92218	676.03017	32.44234	236.74527	673.49979	-126.03246	309.09591	361.80341	32.13165	312.50305	352.2586	-137.72801	284.48968	738.63157	-39.73749	172.29862	47.19371	64.26099	152.78096	47.49272	-171.33757	
8	0.07	129.57613	1122.81706	-58.48891	104.87887	925.00755	-75.55564	242.68086	1050.38646	-46.04958	299.54106	736.88055	-148.83871	269.41583	740.33186	69.32751	162.96436	771.58522	-60.42275	305.33176	419.26814	-213.65609	313.94031	356.08346	-277.17983	406.26312	349.86784	-182.91003	309.4992	260.12172	-186.11006	312.9857	353.50785	-183.70037	202.87785	136.16487	-238.31266	156.52772	61.93911	-207.38279	157.42483	49.07044	-133.509	94.95548	39.36045	-184.97882	268.59182	29.50056	-184.14047	298.89771	432.70033	113.10793	319.60827	361.93961	175.99454	408.6255	358.50819	68.11766	312.15478	266.54278	78.07334	312.45551	361.83914	78.01346	225.19638	144.66301	130.10542	174.0794	53.87667	102.72461	177.70334	57.0506	24.12543	118.51832	37.15325	79.91897	289.00502	29.679	54.12688	214.8798	676.01027	32.37998	236.75929	673.50363	-126.07072	309.10636	361.79209	32.13556	312.51616	352.24097	-137.72021	284.47845	738.60621	-39.7556	172.29457	47.19277	64.26983	152.7767	47.4929	-171.32949	
9	0.08	129.61874	1122.82333	-58.50738	104.90162	925.01205	-75.60459	242.74732	1050.36842	-46.04039	299.57071	736.87011	-148.84076	269.38215	740.29667	69.29716	163.01331	771.5675	-60.43846	305.36791	419.25181	-213.65376	313.97524	356.06994	-277.18016	406.29699	349.85844	-182.90078	309.53066	260.09977	-186.1099	313.01344	353.4922	-183.69675	202.88397	136.1587	-238.31634	156.5391	61.9332	-207.37723	157.41615	49.07066	-133.50902	94.96569	39.36689	-184.98239	268.59937	29.50749	-184.14711	298.9102	432.69681	113.10934	319.62272	361.93234	175.99374	408.63335	358.49306	68.12437	312.16589	266.53848	78.07789	312.47068	361.82947	78.01796	225.19924	144.65217	130.10477	174.084	53.8746	102.72678	177.71563	57.04601	24.13001	118.51261	37.14491	79.90463	289.01103	29.68695	54.13267	214.86184	675.98897	32.32978	236.78749	673.50029	-126.10167	309.12169	361.7813	32.14006	312.54038	352.22434	-137.71666	284.47643	738.58339	-39.7718	172.30282	47.18964	64.27318	152.77743	47.49043	-171.32674	
10	0.09	129.67873	1122.82459	-58.53923	104.97812	925.00661	-75.66201	242.81772	1050.35126	-46.03177	299.60418	736.8589	-148.84589	269.37174	740.27355	69.27484	163.10352	771.53912	-60.46458	305.40509	419.23165	-213.65654	314.01803	356.06114	-277.18329	406.3401	349.85166	-182.90081	309.56528	260.0774	-186.11219	313.04963	353.48035	-183.69623	202.89813	136.1523	-238.3246	156.5592	61.92421	-207.38027	157.40687	49.06868	-133.50933	94.99217	39.37184	-184.99846	268.62058	29.52021	-184.16093	298.93974	432.70068	113.11144	319.65322	361.93064	175.98725	408.64338	358.47872	68.12684	312.18005	266.53405	78.08278	312.49221	361.82074	78.02127	225.21087	144.64325	130.10017	174.0962	53.87084	102.7259	177.74006	57.04	24.12759	118.52703	37.13302	79.88746	289.02215	29.69066	54.13203	214.87339	675.9699	32.29651	236.83101	673.48987	-126.12318	309.1387	361.76927	32.1437	312.57334	352.21104	-137.71621	284.48796	738.56622	-39.78552	172.32117	47.18495	64.27138	152.78209	47.48515	-171.32847	
11	0.1	129.74447	1122.82204	-58.57677	105.09303	924.9916	-75.71721	242.88755	1050.33685	-46.02229	299.64017	736.84851	-148.85436	269.38501	740.26407	69.26205	163.21902	771.51063	-60.4938	305.43796	419.20999	-213.66153	314.06313	356.05699	-277.18612	406.38478	349.84699	-182.90575	309.59383	260.05467	-186.11188	313.08671	353.47322	-183.69543	202.91643	136.14691	-238.33384	156.58031	61.91367	-207.38683	157.39682	49.06601	-133.50731	95.02812	39.37733	-185.02228	268.64614	29.53483	-184.17771	298.97569	432.70964	113.11437	319.68849	361.93482	175.97918	408.64999	358.46592	68.12494	312.19433	266.52941	78.0896	312.51234	361.81249	78.02378	225.2272	144.6388	130.09362	174.11121	53.86803	102.72383	177.76856	57.03452	24.12202	118.55588	37.1228	79.87184	289.03195	29.69013	54.1278	214.90838	675.95742	32.28099	236.88252	673.47672	-126.13564	309.15142	361.75519	32.14676	312.6065	352.20249	-137.71549	284.51259	738.55629	-39.79616	172.34317	47.18107	64.26738	152.78688	47.4786	-171.33082	
12	0.11	129.80301	1122.81919	-58.61064	105.22222	924.97158	-75.75777	242.95127	1050.32571	-46.01054	299.67597	736.83967	-148.86606	269.41637	740.26591	69.25828	163.33618	771.49486	-60.51745	305.46019	419.18914	-213.66539	314.10193	356.05625	-277.18581	406.42174	349.84282	-182.90907	309.60763	260.03042	-186.10467	313.11493	353.46962	-183.69024	202.93278	136.14222	-238.33973	156.59456	61.90415	-207.39082	157.38698	49.06515	-133.50049	95.0641	39.38678	-185.04758	268.66447	29.54657	-184.19331	299.00584	432.72037	113.11853	319.71671	361.94468	175.97498	408.64842	358.45429	68.12132	312.20285	266.52275	78.09874	312.52318	361.80478	78.02643	225.2418	144.63994	130.08796	174.12229	53.86789	102.72347	177.79284	57.03283	24.11803	118.58796	37.11817	79.86397	289.03357	29.68689	54.12493	214.95305	675.9548	32.27984	236.93034	673.46635	-126.14198	309.15393	361.73925	32.15004	312.62953	352.19754	-137.71039	284.54617	738.55279	-39.80389	172.36126	47.18056	64.26506	152.78852	47.4734	-171.32951	
13	0.12	129.84647	1122.81962	-58.63405	105.34196	924.95285	-75.77597	243.00605	1050.31687	-45.99718	299.71098	736.83165	-148.88101	269.45744	740.27402	69.25992	163.43192	771.49949	-60.5303	305.46945	419.16983	-213.66613	314.12933	356.05699	-277.18148	406.4456	349.83614	-182.90643	309.60387	260.00194	-186.08846	313.12889	353.46646	-183.67822	202.94265	136.13688	-238.33976	156.59753	61.89748	-207.38837	157.38077	49.06754	-133.48896	95.0917	39.4018	-185.06852	268.66931	29.55131	-184.20397	299.02331	432.73001	113.12345	319.73181	361.95857	175.97806	408.63817	358.44242	68.11731	312.2025	266.51235	78.1084	312.52161	361.79763	78.02912	225.25004	144.64561	130.0854	174.12513	53.86984	102.72688	177.80756	57.03649	24.11957	118.61541	37.11934	79.86874	289.02418	29.68191	54.12756	214.99363	675.96198	32.28561	236.96637	673.46183	-126.14722	309.14462	361.72225	32.15331	312.63693	352.19259	-137.6985	284.58421	738.55284	-39.81055	172.37053	47.1839	64.26752	152.78666	47.47134	-171.32265	
14	0.13	129.87462	1122.82529	-58.6453	105.43712	924.93956	-75.77307	243.05374	1050.30947	-45.98565	299.7487	736.82374	-148.90006	269.50259	740.28348	69.26099	163.49287	771.5229	-60.53301	305.47054	419.15219	-213.66457	314.14674	356.0573	-277.17507	406.45868	349.8251	-182.89818	309.58899	259.9689	-186.06497	313.13171	353.46136	-183.66076	202.94561	136.1302	-238.33505	156.58953	61.8936	-207.37933	157.38169	49.07144	-133.47653	95.10609	39.42029	-185.08034	268.6632	29.54802	-184.20737	299.02968	432.73681	113.12716	319.73472	361.9728	175.987	408.62392	358.42918	68.11165	312.19577	266.49819	78.11577	312.511	361.79047	78.03006	225.25207	144.65275	130.08625	174.12037	53.87151	102.73338	177.81188	57.04344	24.12872	118.63839	37.1241	79.88608	289.0074	29.67568	54.13614	215.02489	675.97544	32.28913	236.99206	673.4627	-126.15705	309.12798	361.70508	32.15471	312.63263	352.18498	-137.68118	284.62564	738.55361	-39.81954	172.37076	47.18879	64.27551	152.78314	47.47155	-171.31209	
15	0.14	129.89319	1122.83522	-58.6479	105.50601	924.93253	-75.75917	243.09913	1050.30425	-45.98015	299.79438	736.817	-148.92462	269.55123	740.29206	69.2562	163.52179	771.55589	-60.53164	305.47305	419.13745	-213.66392	314.1596	356.05589	-277.17041	406.46941	349.81134	-182.88823	309.57644	259.93693	-186.04027	313.13298	353.45474	-183.64304	202.94492	136.12317	-238.32977	156.57455	61.89079	-207.36677	157.38967	49.07271	-133.46856	95.10825	39.43776	-185.08173	268.65386	29.53948	-184.20461	299.03237	432.74047	113.12681	319.73063	361.98293	175.99617	408.61273	358.41476	68.10289	312.18783	266.48195	78.11883	312.49851	361.78251	78.02701	225.25186	144.6578	130.08862	174.11256	53.87111	102.73957	177.80878	57.04955	24.14457	118.66185	37.13108	79.90983	288.99083	29.66942	54.14671	215.05231	675.99026	32.28389	237.01715	673.46641	-126.17538	309.11199	361.68866	32.15193	312.62828	352.17597	-137.66359	284.67281	738.55453	-39.83421	172.36559	47.19216	64.2869	152.77966	47.47101	-171.30203	
16	0.15	129.90988	1122.84563	-58.64795	105.55936	924.92961	-75.74823	243.14571	1050.30251	-45.98219	299.85018	736.81357	-148.95425	269.60545	740.30023	69.24488	163.53633	771.58595	-60.5346	305.48556	419.12755	-213.66719	314.17306	356.05177	-277.17078	406.48578	349.79825	-182.88	309.57698	259.91324	-186.02103	313.14114	353.44861	-183.63055	202.94465	136.11751	-238.32777	156.5582	61.88714	-207.35503	157.40095	49.06865	-133.46754	95.10484	39.45006	-185.07715	268.64767	29.53042	-184.19967	299.03875	432.74175	113.12094	319.72482	361.9853	176.00017	408.60942	358.40029	68.09218	312.18223	266.46581	78.11788	312.49027	361.77322	78.0198	225.25323	144.65839	130.0899	174.10665	53.86867	102.74209	177.80282	57.05156	24.16309	118.68807	37.14007	79.93106	288.98028	29.66443	54.1541	215.08675	676.00198	32.27016	237.05257	673.46972	-126.20119	309.10301	361.67392	32.14479	312.6339	352.16904	-137.65115	284.72782	738.5569	-39.85468	172.35973	47.19235	64.2979	152.77691	47.46723	-171.29581	
17	0.16	129.93119	1122.85215	-58.65061	105.61261	924.92538	-75.75193	243.19275	1050.30402	-45.9888	299.91301	736.8142	-148.98485	269.66674	740.30978	69.23178	163.55872	771.60246	-60.54853	305.51118	419.1226	-213.67483	314.18941	356.04336	-277.17685	406.51	349.78733	-182.87354	309.59074	259.89896	-186.00999	313.15727	353.44346	-183.62525	202.94742	136.11412	-238.32966	156.54578	61.88203	-207.34808	157.41139	49.06084	-133.47079	95.10301	39.4545	-185.07453	268.6462	29.52493	-184.19594	299.05208	432.74157	113.11094	319.71943	361.97779	175.99826	408.6146	358.3869	68.08348	312.17963	266.45147	78.11556	312.48847	361.76247	78.01144	225.25624	144.65403	130.08888	174.10449	53.86505	102.74031	177.79786	57.04908	24.17842	118.71186	37.14922	79.94281	288.97623	29.66063	54.15609	215.13702	676.00815	32.25531	237.1038	673.46943	-126.22758	309.1031	361.66167	32.13629	312.64999	352.16564	-137.6458	284.78987	738.56199	-39.87654	172.35607	47.18954	64.30509	152.77546	47.46069	-171.29405	
18	0.17	129.96173	1122.85168	-58.65809	105.6765	924.91155	-75.77525	243.23735	1050.30668	-45.99488	299.97764	736.81702	-149.01104	269.73508	740.32255	69.22305	163.60357	771.60163	-60.57512	305.5478	419.1197	-213.68499	314.2081	356.02835	-277.1866	406.53925	349.77708	-182.86709	309.61118	259.88933	-186.00591	313.17741	353.43706	-183.6257	202.95418	136.11245	-238.33332	156.54076	61.87634	-207.34815	157.41843	49.05371	-133.4732	95.10644	39.45045	-185.08016	268.6484	29.52564	-184.19389	299.07178	432.74011	113.0996	319.71373	361.96036	175.99373	408.62718	358.37513	68.08074	312.17903	266.43918	78.11509	312.49223	361.75055	78.00558	225.25781	144.64611	130.08605	174.10482	53.86104	102.73581	177.79582	57.04418	24.18551	118.72447	37.15521	79.9428	288.97602	29.65705	54.15427	215.20538	676.00946	32.24834	237.16931	673.46354	-126.24613	309.11131	361.65232	32.1301	312.67089	352.16359	-137.64612	284.85636	738.56978	-39.894	172.35498	47.18522	64.30658	152.77593	47.45416	-171.29532	
19	0.18	130.00459	1122.84347	-58.66986	105.75119	924.88218	-75.81503	243.27881	1050.30812	-45.99779	300.0418	736.81906	-149.03065	269.81026	740.33955	69.22091	163.67223	771.58825	-60.6104	305.59163	419.11472	-213.6957	314.22822	356.00561	-277.19685	406.57102	349.76537	-182.86108	309.63396	259.87987	-186.00634	313.19949	353.42709	-183.62961	202.96514	136.11103	-238.33632	156.5437	61.87102	-207.35437	157.42049	49.05056	-133.47207	95.11591	39.44005	-185.09525	268.65443	29.53375	-184.19212	299.09633	432.73662	113.08895	319.70836	361.93557	175.98919	408.64719	358.36463	68.08413	312.17961	266.42729	78.11761	312.50074	361.73792	78.00288	225.25637	144.63776	130.08192	174.10651	53.85787	102.73003	177.79677	57.03927	24.18276	118.7229	37.15742	79.93265	288.97904	29.65409	54.15115	215.28824	676.00934	32.25269	237.24402	673.45257	-126.25341	309.12621	361.64538	32.12691	312.69396	352.15998	-137.64984	284.92603	738.5793	-39.90487	172.35593	47.18125	64.30229	152.77787	47.44991	-171.29783	
20	0.19	130.05964	1122.8296	-58.68355	105.82616	924.84003	-75.86197	243.32007	1050.30694	-45.99939	300.1074	736.81804	-149.04625	269.89286	740.3597	69.22167	163.75453	771.57275	-60.64673	305.63959	419.10461	-213.7062	314.25114	355.97748	-277.20518	406.60667	349.75204	-182.85875	309.65808	259.86824	-186.0093	313.22541	353.41386	-183.63514	202.97956	136.10821	-238.3376	156.55214	61.86642	-207.3627	157.41762	49.05178	-133.46881	95.12925	39.42724	-185.11482	268.66538	29.54812	-184.18947	299.12523	432.73003	113.07959	319.70841	361.90842	175.98367	408.67581	358.35395	68.08978	312.1821	266.41352	78.12102	312.51546	361.72513	78.00035	225.25518	144.63267	130.07612	174.11022	53.85693	102.72284	177.7995	57.0358	24.17209	118.71217	37.15946	79.91567	288.98789	29.65425	54.14791	215.37918	676.01172	32.26375	237.32249	673.43959	-126.2533	309.14767	361.63931	32.12388	312.72137	352.1541	-137.65516	285.00013	738.58887	-39.91229	172.35865	47.17916	64.2932	152.78	47.44833	-171.30029	
21	0.2	130.12125	1122.81316	-58.69529	105.88764	924.79554	-75.90442	243.36516	1050.30273	-46.00336	300.177	736.81242	-149.0623	269.98218	740.37882	69.21898	163.8345	771.56516	-60.67598	305.68866	419.08825	-213.716	314.28003	355.94885	-277.21047	406.64888	349.73839	-182.86283	309.68115	259.85137	-186.01303	313.25693	353.39947	-183.64042	202.99493	136.10267	-238.33726	156.5617	61.8633	-207.36814	157.41317	49.05545	-133.46647	95.13992	39.41559	-185.12975	268.67978	29.56471	-184.18552	299.15827	432.71967	113.07147	319.72064	361.88432	175.97467	408.71326	358.34029	68.094	312.18852	266.39615	78.12179	312.53922	361.71232	77.99455	225.26003	144.63292	130.06803	174.11656	53.85841	102.71366	177.80202	57.03521	24.15755	118.69968	37.1655	79.89605	289.00354	29.65966	54.14493	215.47024	676.01809	32.2726	237.39913	673.428	-126.25344	309.17668	361.63179	32.11769	312.75418	352.1467	-137.66023	285.07959	738.59562	-39.92166	172.36242	47.17981	64.28119	152.78173	47.44882	-171.30174	
22	0.21	130.18042	1122.79586	-58.70046	105.92889	924.75895	-75.93222	243.41577	1050.29578	-46.01128	300.25016	736.80159	-149.08126	270.07334	740.39114	69.20851	163.89852	771.56914	-60.69281	305.7345	419.06603	-213.72402	314.31666	355.9238	-277.21232	406.69698	349.72493	-182.87292	309.6979	259.82549	-186.01576	313.29207	353.38531	-183.64354	203.00756	136.09383	-238.33575	156.56799	61.86307	-207.36739	157.41195	49.05896	-133.4669	95.1397	39.40724	-185.13233	268.69249	29.57813	-184.18028	299.19415	432.70564	113.06482	319.74811	361.86658	175.96173	408.757	358.32047	68.0962	312.2009	266.37512	78.11824	312.57328	361.69885	77.98476	225.27369	144.63733	130.05787	174.12414	53.86093	102.70327	177.80242	57.03924	24.14417	118.68979	37.17699	79.87886	289.02148	29.66967	54.14267	215.55323	676.02619	32.27187	237.46898	673.41929	-126.25992	309.21372	361.62031	32.10767	312.78858	352.13787	-137.66322	285.16175	738.59636	-39.93638	172.36551	47.18349	64.26926	152.78341	47.45074	-171.3015	
23	0.22	130.23042	1122.77838	-58.69618	105.95384	924.734	-75.9403	243.46969	1050.28678	-46.02143	300.32342	736.78663	-149.10226	270.15773	740.39273	69.18993	163.94272	771.57979	-60.69678	305.77213	419.03946	-213.72952	314.35917	355.90372	-277.21132	406.74611	349.7104	-182.88614	309.70421	259.78989	-186.01665	313.3264	353.37132	-183.64388	203.01498	136.08233	-238.33398	156.56903	61.86632	-207.36062	157.41522	49.06042	-133.47046	95.12468	39.40324	-185.12162	268.69757	29.58441	-184.17402	299.23063	432.68883	113.06002	319.78803	361.85517	175.94672	408.80262	358.293	68.09765	312.22047	266.35284	78.11146	312.61606	361.68401	77.97299	225.29307	144.64185	130.04665	174.12958	53.86273	102.69367	177.80027	57.04815	24.13624	118.68265	37.19324	79.86883	289.03449	29.6815	54.14131	215.62278	676.03136	32.2589	237.53044	673.41246	-126.27457	309.25772	361.60385	32.09582	312.81889	352.12687	-137.66352	285.24057	738.58968	-39.95616	172.36602	47.18943	64.26057	152.7848	47.45346	-171.29985	
24	0.23	130.27057	1122.76189	-58.68389	105.97319	924.71668	-75.93101	243.52192	1050.27596	-46.03064	300.39273	736.76952	-149.12255	270.22788	740.38328	69.16608	163.97528	771.58736	-60.69208	305.79931	419.01069	-213.73296	314.40265	355.88688	-277.20937	406.79011	349.69217	-182.89946	309.7022	259.74926	-186.01661	313.35676	353.35625	-183.64305	203.01784	136.06974	-238.33317	156.5667	61.87172	-207.35125	157.41858	49.05887	-133.47671	95.09801	39.40327	-185.10289	268.69254	29.58285	-184.16739	299.26606	432.67048	113.05702	319.83371	361.84673	175.93186	408.84633	358.25898	68.09931	312.24737	266.33332	78.1033	312.66423	361.66762	77.96182	225.31145	144.64172	130.0357	174.12963	53.86272	102.68667	177.79722	57.05907	24.13482	118.67704	37.21231	79.86832	289.03789	29.69179	54.14067	215.67887	676.02936	32.23593	237.58596	673.40489	-126.29518	309.30691	361.58375	32.08458	312.84279	352.11264	-137.66274	285.3103	738.5764	-39.97824	172.36315	47.19558	64.25655	152.78469	47.45582	-171.29826	
25	0.24	130.30536	1122.74679	-58.66937	105.99944	924.69793	-75.91286	243.56799	1050.26233	-46.03685	300.45631	736.75129	-149.13985	270.28398	740.36621	69.14139	164.01125	771.5837	-60.6853	305.81912	418.9819	-213.73581	314.44134	355.86884	-277.20867	406.8252	349.66734	-182.91157	309.7005	259.71085	-186.01761	313.3835	353.33765	-183.64386	203.01981	136.05747	-238.33381	156.56581	61.87672	-207.34379	157.41629	49.0537	-133.48458	95.06809	39.40495	-185.08328	268.68017	29.5759	-184.16203	299.30064	432.65164	113.0552	319.87804	361.83612	175.91831	408.8868	358.22091	68.10168	312.28085	266.31955	78.09435	312.71469	361.64987	77.95264	225.32291	144.63337	130.02606	174.12342	53.86033	102.68289	177.79554	57.06738	24.13718	118.67372	37.23008	79.87631	289.03197	29.69686	54.14058	215.72781	676.01892	32.20931	237.64038	673.3936	-126.31685	309.36009	361.56264	32.0752	312.86365	352.09375	-137.66362	285.37015	738.55875	-39.99923	172.35766	47.19918	64.25607	152.78249	47.45624	-171.29845	
26	0.25	130.34031	1122.73149	-58.65972	106.0427	924.66928	-75.89591	243.60689	1050.24472	-46.04086	300.51643	736.73264	-149.15453	270.33587	740.34804	69.11937	164.06392	771.56613	-60.68273	305.83806	418.95461	-213.73989	314.47164	355.84506	-277.21047	406.85239	349.63481	-182.9237	309.70911	259.68035	-186.02167	313.41013	353.31352	-183.64864	203.02556	136.04654	-238.33591	156.5709	61.87901	-207.34128	157.40677	49.04519	-133.49306	95.0445	39.40486	-185.06842	268.66594	29.56742	-184.16113	299.3363	432.63301	113.05299	319.91734	361.82041	175.90588	408.92542	358.18198	68.10447	312.31919	266.31165	78.08374	312.76565	361.63157	77.94488	225.3259	144.61612	130.01761	174.11353	53.85503	102.68099	177.7961	57.06937	24.13926	118.6753	37.24122	79.88808	289.02045	29.69341	54.14034	215.78142	676.00259	32.18625	237.70003	673.37691	-126.33499	309.41632	361.54313	32.06706	312.88846	352.06942	-137.66843	285.42615	738.54034	-40.01758	172.35135	47.19802	64.25639	152.77955	47.4537	-171.30138	
27	0.26	130.37798	1122.71417	-58.65882	106.1069	924.62773	-75.88692	243.64159	1050.22462	-46.04669	300.57873	736.71635	-149.17018	270.39742	740.33605	69.10026	164.13896	771.53768	-60.68773	305.86171	418.92993	-213.74655	314.49433	355.81501	-277.21524	406.87712	349.5975	-182.93886	309.73393	259.66106	-186.03073	313.44144	353.28531	-183.65877	203.03808	136.03811	-238.33995	156.58332	61.87758	-207.3442	157.39332	49.03614	-133.50218	95.03335	39.4016	-185.06072	268.65452	29.56098	-184.168	299.37559	432.61555	113.04779	319.95292	361.80144	175.89327	408.96469	358.14621	68.10572	312.35888	266.30726	78.07046	312.81588	361.61488	77.93644	225.32352	144.59338	130.00867	174.10512	53.84735	102.67777	177.79795	57.06402	24.13896	118.68383	37.24375	79.89635	289.00734	29.68059	54.13775	215.85237	675.98515	32.17003	237.77156	673.35634	-126.3489	309.47324	361.5275	32.05813	312.92398	352.04203	-137.67848	285.48807	738.5262	-40.03496	172.34645	47.19175	64.25482	152.77806	47.44906	-171.3073	
28	0.27	130.41632	1122.69437	-58.66551	106.18639	924.57717	-75.88699	243.67602	1050.20646	-46.05873	300.64791	736.7069	-149.19081	270.47712	740.3347	69.08221	164.23271	771.506	-60.6992	305.89185	418.90916	-213.75567	314.51373	355.7837	-277.22295	406.90569	349.56181	-182.95887	309.77377	259.65402	-186.04525	313.48033	353.25849	-183.67386	203.05655	136.03317	-238.34599	156.60038	61.87323	-207.35072	157.3811	49.03186	-133.51234	95.03417	39.39764	-185.05859	268.64787	29.55847	-184.18269	299.41998	432.60092	113.03772	319.98784	361.78397	175.87948	409.00529	358.11712	68.10322	312.3952	266.30358	78.05514	312.86341	361.60214	77.9258	225.32015	144.57117	129.9978	174.10322	53.84031	102.67047	177.7996	57.0535	24.13678	118.69846	37.24176	79.89537	288.99509	29.66218	54.13004	215.94584	675.97147	32.15915	237.85736	673.33678	-126.36157	309.52653	361.51697	32.04707	312.97241	352.01732	-137.69341	285.56251	738.5208	-40.0543	172.34488	47.18301	64.25025	152.77924	47.44529	-171.31546	
29	0.28	130.44991	1122.67223	-58.67541	106.26616	924.52735	-75.89266	243.71082	1050.19355	-46.07687	300.72308	736.70633	-149.21606	270.57188	740.34349	69.06493	164.33318	771.4816	-60.71265	305.92655	418.89364	-213.76501	314.53334	355.7578	-277.23222	406.94105	349.53366	-182.98075	309.81981	259.65595	-186.06199	313.52425	353.23884	-183.68997	203.07659	136.03138	-238.35197	156.61684	61.86831	-207.35772	157.37294	49.03625	-133.52217	95.03999	39.39694	-185.05709	268.6448	29.55911	-184.19997	299.46881	432.59065	113.02416	320.02294	361.77174	175.86601	409.04481	358.09487	68.09801	312.42421	266.29841	78.04134	312.90563	361.59358	77.91444	225.31801	144.55452	129.98612	174.10904	53.83853	102.65964	177.80039	57.0424	24.13428	118.71377	37.24193	79.88553	288.98491	29.64583	54.11699	216.05325	675.96536	32.15121	237.9505	673.32388	-126.37496	309.57199	361.51013	32.03547	313.02823	352.00064	-137.70931	285.64748	738.52491	-40.07556	172.34705	47.17658	64.24372	152.78199	47.44548	-171.32367	
30	0.29	130.47319	1122.64836	-58.68364	106.32889	924.48937	-75.89839	243.74316	1050.18501	-46.09588	300.79845	736.7118	-149.24064	270.66965	740.35793	69.0512	164.42448	771.474	-60.72288	305.96265	418.88431	-213.77086	314.55273	355.74076	-277.23996	406.98213	349.51534	-182.99719	309.86011	259.65985	-186.07459	313.56629	353.22858	-183.70018	203.09349	136.03189	-238.35421	156.62752	61.86559	-207.3622	157.36766	49.04797	-133.52841	95.04176	39.40163	-185.05052	268.64282	29.56032	-184.21165	299.52031	432.58508	113.01167	320.0565	361.76507	175.85682	409.08018	358.07575	68.09458	312.44392	266.28989	78.03422	312.94076	361.58692	77.90636	225.31746	144.54538	129.977	174.1186	53.84474	102.64923	177.80077	57.03534	24.1328	118.7215	37.24835	79.87302	288.97758	29.63887	54.10245	216.15618	675.96868	32.14602	238.0371	673.3207	-126.3875	309.60782	361.50347	32.02734	313.08139	351.99368	-137.71931	285.73405	738.53487	-40.09472	172.35118	47.17633	64.23783	152.78333	47.45028	-171.32891	
31	0.3	130.48395	1122.62414	-58.68722	106.3644	924.46942	-75.89972	243.77131	1050.17809	-46.11114	300.8694	736.71856	-149.25971	270.75924	740.37274	69.0439	164.4939	771.48648	-60.72673	305.99871	418.88173	-213.7708	314.57041	355.73259	-277.24359	407.02713	349.50621	-183.00249	309.88845	259.66049	-186.07805	313.60178	353.22698	-183.69945	203.10542	136.03495	-238.35083	156.62986	61.86695	-207.36238	157.36298	49.06179	-133.5291	95.03432	39.41146	-185.03593	268.64104	29.56019	-184.21248	299.57377	432.58335	113.00442	320.08706	361.76131	175.85448	409.11153	358.05588	68.09691	312.45522	266.27705	78.03638	312.9698	361.57963	77.9043	225.31998	144.54329	129.97325	174.12594	53.85773	102.6432	177.80177	57.03458	24.13241	118.71663	37.26113	79.86387	288.97351	29.64394	54.09119	216.23976	675.98004	32.14411	238.10705	673.32622	-126.39736	309.63613	361.49453	32.02533	313.12565	351.99537	-137.7184	285.81432	738.54565	-40.10791	172.35471	47.18285	64.23459	152.78093	47.45804	-171.32938	
32	0.31	130.48531	1122.60111	-58.68668	106.37383	924.46589	-75.89607	243.798	1050.17166	-46.12369	300.93672	736.72415	-149.27358	270.83818	740.38473	69.04233	164.53874	771.51413	-60.72504	306.03541	418.88529	-213.76621	314.58775	355.73204	-277.24395	407.07552	349.50449	-182.9975	309.90963	259.65912	-186.0725	313.63296	353.23261	-183.68922	203.1135	136.04107	-238.34408	156.62464	61.87237	-207.35839	157.35958	49.07334	-133.52615	95.01894	39.42502	-185.01477	268.64107	29.5587	-184.2039	299.63032	432.58371	113.00274	320.1169	361.75773	175.85615	409.14285	358.03446	68.10522	312.4621	266.26097	78.04505	312.99746	361.57119	77.90672	225.32933	144.5469	129.97484	174.12878	53.87407	102.64252	177.80485	57.03966	24.13114	118.70161	37.27806	79.85916	288.97321	29.65804	54.08475	216.30309	675.99522	32.14389	238.16184	673.33676	-126.40582	309.66276	361.48382	32.02784	313.1637	352.00417	-137.70802	285.88745	738.55444	-40.11562	172.35703	47.19413	64.23352	152.77547	47.46651	-171.32609	
33	0.32	130.48473	1122.58074	-58.68554	106.36761	924.47143	-75.89089	243.8287	1050.16648	-46.13867	301.0044	736.72865	-149.28567	270.91169	740.3938	69.04275	164.56805	771.54756	-60.72178	306.0735	418.89235	-213.76098	314.60774	355.7367	-277.24483	407.12633	349.5069	-182.98823	309.93523	259.66185	-186.06245	313.66622	353.24331	-183.67647	203.12024	136.04925	-238.33831	156.61494	61.8799	-207.35209	157.36138	49.08163	-133.52367	95.00142	39.44028	-184.99168	268.64523	29.55651	-184.19178	299.69155	432.58393	113.00382	320.15202	361.75369	175.85509	409.17845	358.01312	68.11624	312.4696	266.2445	78.05413	313.02988	361.563	77.90937	225.34849	144.55425	129.97932	174.13031	53.89057	102.64524	177.81126	57.04869	24.12592	118.68386	37.29589	79.8559	288.97714	29.67497	54.08116	216.35665	676.01021	32.14276	238.21106	673.34844	-126.41526	309.69379	361.47368	32.03059	313.20353	352.01801	-137.69512	285.95805	738.56123	-40.12146	172.36026	47.20752	64.23217	152.77034	47.47426	-171.32194	
34	0.33	130.4903	1122.56527	-58.68777	106.36093	924.47654	-75.88906	243.86721	1050.16318	-46.15978	301.07407	736.73226	-149.29795	270.98565	740.40185	69.04213	164.59726	771.5788	-60.72089	306.11177	418.89873	-213.75852	314.63166	355.74297	-277.24923	407.17615	349.50832	-182.98051	309.9727	259.6729	-186.05267	313.70533	353.25547	-183.66787	203.1284	136.05746	-238.33617	156.60497	61.88708	-207.34638	157.37187	49.08825	-133.52436	94.98826	39.45501	-184.97248	268.65387	29.5537	-184.18159	299.75743	432.58233	113.00518	320.19736	361.74975	175.84647	409.2189	357.99311	68.12591	312.48114	266.23062	78.05889	313.07024	361.55639	77.90929	225.37556	144.56263	129.98402	174.13483	53.90525	102.64868	177.82088	57.05946	24.11463	118.66938	37.31058	79.8507	288.98479	29.68871	54.0778	216.41148	676.02372	32.14034	238.26268	673.35875	-126.42543	309.73154	361.46581	32.0307	313.25018	352.03323	-137.68637	286.02986	738.56706	-40.12791	172.36651	47.2208	64.22813	152.76935	47.48093	-171.31959	
35	0.34	130.50696	1122.55639	-58.69517	106.36939	924.47249	-75.89358	243.91291	1050.16146	-46.18645	301.14284	736.73438	-149.30973	271.06126	740.41058	69.04059	164.64	771.60354	-60.72378	306.14675	418.90011	-213.75974	314.6578	355.74721	-277.25665	407.21972	349.50352	-182.97629	310.01932	259.69057	-186.04527	313.74815	353.26478	-183.6655	203.13938	136.06372	-238.33717	156.59909	61.8925	-207.34437	157.39077	49.09534	-133.52723	94.9833	39.46749	-184.96189	268.66458	29.55026	-184.1758	299.82491	432.57849	113.00691	320.25186	361.7453	175.83145	409.26154	357.97441	68.13216	312.4978	266.22148	78.05871	313.11709	361.55149	77.90708	225.40428	144.56978	129.98775	174.14293	53.91671	102.65139	177.83183	57.06952	24.09803	118.65919	37.31819	79.84244	288.99376	29.69553	54.07364	216.47192	676.03612	32.13915	238.31807	673.36635	-126.43344	309.77439	361.46069	32.02878	313.30124	352.04516	-137.68384	286.10205	738.57248	-40.13457	172.37513	47.23199	64.22105	152.77466	47.48704	-171.3201	
36	0.35	130.53465	1122.55239	-58.70652	106.40371	924.45431	-75.90353	243.96171	1050.1606	-46.21558	301.20605	736.73435	-149.31929	271.1348	740.41985	69.04019	164.70133	771.61956	-60.72926	306.17471	418.89382	-213.76304	314.68321	355.74718	-277.26417	407.25204	349.48942	-182.97403	310.0662	259.70945	-186.0401	313.78888	353.26784	-183.66755	203.15204	136.06657	-238.33893	156.60016	61.89634	-207.34792	157.41445	49.10467	-133.52824	94.98637	39.47667	-184.96156	268.67402	29.54726	-184.17397	299.88867	432.57241	113.01083	320.30863	361.73784	175.81584	409.30388	357.95688	68.13573	312.51942	266.21852	78.05612	313.16645	361.54789	77.9058	225.42821	144.57488	129.99101	174.15175	53.92367	102.65385	177.8418	57.07613	24.07994	118.65162	37.31757	79.8332	289.00039	29.69445	54.06992	216.53582	676.04688	32.14184	238.3744	673.37038	-126.43688	309.81981	361.45888	32.02779	313.34952	352.04981	-137.68578	286.17042	738.5771	-40.13955	172.38355	47.23901	64.21305	152.78607	47.49367	-171.32239	
37	0.36	130.56872	1122.54923	-58.71876	106.46427	924.42327	-75.91419	244.00947	1050.15945	-46.24454	301.26095	736.73155	-149.32509	271.2011	740.42757	69.04219	164.77488	771.62639	-60.73465	306.1946	418.88024	-213.76547	314.7063	355.74243	-277.26888	407.27131	349.46599	-182.97129	310.10448	259.72337	-186.0363	313.82239	353.26317	-183.67091	203.16387	136.06561	-238.33874	156.60757	61.89958	-207.35617	157.43955	49.11715	-133.52327	94.99444	39.48223	-184.96988	268.68038	29.54626	-184.17349	299.94377	432.56317	113.0183	320.36025	361.72502	175.80575	409.34477	357.94023	68.1385	312.54543	266.22171	78.05363	313.21458	361.54499	77.90818	225.44414	144.57765	129.99496	174.15917	53.9257	102.6577	177.84955	57.07777	24.0656	118.64699	37.31181	79.82728	289.00222	29.68691	54.06919	216.59786	676.05435	32.14856	238.4281	673.3702	-126.43541	309.86589	361.46063	32.03031	313.38815	352.04519	-137.68909	286.23103	738.57956	-40.14145	172.39009	47.24084	64.2076	152.80172	47.50187	-171.32399	
38	0.37	130.60189	1122.54473	-58.72813	106.54035	924.38652	-75.91907	244.05503	1050.15641	-46.27295	301.30798	736.72481	-149.32671	271.25825	740.43157	69.04582	164.84658	771.62647	-60.73607	306.2091	418.86213	-213.76439	314.72825	355.73395	-277.26866	407.281	349.43614	-182.96691	310.12839	259.72702	-186.03297	313.84718	353.25161	-183.67259	203.17306	136.06151	-238.33439	156.61683	61.90281	-207.36549	157.46498	49.13141	-133.51132	95.00295	39.48491	-184.98285	268.68348	29.54726	-184.17143	299.98867	432.5494	113.02885	320.40471	361.70747	175.80417	409.38319	357.92293	68.1411	312.57429	266.22765	78.05163	313.25919	361.54171	77.91456	225.45271	144.57703	130.00026	174.16655	53.92368	102.66429	177.85451	57.07553	24.05929	118.64866	37.30586	79.82852	289.00069	29.67635	54.07369	216.65333	676.05777	32.15732	238.47619	673.36584	-126.4302	309.9103	361.46401	32.03669	313.41433	352.03209	-137.69079	286.28311	738.57819	-40.14044	172.39524	47.23857	64.20757	152.81882	47.51121	-171.32259	
39	0.38	130.62723	1122.54054	-58.73113	106.61567	924.35363	-75.9132	244.1007	1050.15103	-46.30264	301.35044	736.71386	-149.32627	271.30932	740.43173	69.04871	164.90256	771.6246	-60.72958	306.22282	418.84296	-213.75882	314.75266	355.72431	-277.26243	407.28858	349.40515	-182.96156	310.13654	259.71848	-186.02981	313.86586	353.23653	-183.67071	203.17924	136.0552	-238.325	156.6219	61.90568	-207.37121	157.48999	49.14375	-133.49563	95.00669	39.48591	-184.99493	268.68328	29.54847	-184.16747	300.02555	432.53126	113.04017	320.44601	361.68921	175.81023	409.41869	357.90355	68.14217	312.6031	266.22997	78.0485	313.29931	361.53709	77.92257	225.45787	144.57216	130.00642	174.17745	53.91916	102.67355	177.856	57.07189	24.06248	118.65867	37.3028	79.8373	289.00033	29.66731	54.08387	216.70133	676.05837	32.16517	238.51792	673.35836	-126.42404	309.94981	361.46579	32.04474	313.43018	352.01427	-137.68901	286.32988	738.57279	-40.13878	172.40053	47.23433	64.21375	152.83384	47.5195	-171.31752	
40	0.39	130.64141	1122.54005	-58.72661	106.67622	924.33238	-75.89601	244.14958	1050.14532	-46.33565	301.39305	736.70097	-149.32748	271.35915	740.43011	69.04875	164.93623	771.62506	-60.71371	306.23949	418.8263	-213.74995	314.78247	355.71681	-277.25027	407.30104	349.37939	-182.95652	310.13182	259.70024	-186.02767	313.8824	353.22244	-183.66504	203.18286	136.04776	-238.31161	156.61892	61.90777	-207.37034	157.51149	49.1508	-133.4817	95.00143	39.4866	-185.00082	268.67948	29.54834	-184.16505	300.05795	432.51143	113.04935	320.48822	361.67483	175.82061	409.45253	357.88358	68.14026	312.62813	266.22317	78.04242	313.33452	361.53169	77.92863	225.46499	144.56427	130.01215	174.19374	53.91336	102.68408	177.85408	57.06869	24.07329	118.67386	37.30258	79.85025	289.00469	29.66364	54.09802	216.74451	676.05805	32.16948	238.55585	673.34986	-126.42061	309.9819	361.46461	32.05102	313.44017	351.99687	-137.68349	286.3761	738.56554	-40.13936	172.40704	47.22974	64.22454	152.84308	47.52466	-171.31007	
41	0.4	130.64711	1122.54471	-58.71741	106.71634	924.32622	-75.87165	244.20173	1050.14198	-46.37112	301.43825	736.68931	-149.3316	271.4098	740.42883	69.04652	164.95207	771.62846	-60.69057	306.25935	418.81437	-213.73974	314.81592	355.71293	-277.23232	407.32011	349.36333	-182.95223	310.11897	259.67658	-186.02792	313.89817	353.21153	-183.65589	203.18441	136.04049	-238.29622	156.60894	61.90931	-207.36348	157.524	49.15125	-133.47352	94.98685	39.48811	-184.99789	268.67227	29.54659	-184.1678	300.08798	432.49356	113.05487	320.52918	361.66561	175.83242	409.48628	357.86654	68.13688	312.64601	266.20648	78.03413	313.36381	361.52691	77.93109	225.47751	144.55651	130.01731	174.21259	53.90667	102.69451	177.851	57.06676	24.08795	118.68795	37.30334	79.86368	289.01356	29.6664	54.11369	216.78615	676.05771	32.17033	238.59352	673.34198	-126.42105	310.00607	361.46191	32.05385	313.44721	351.9824	-137.67452	286.42402	738.55907	-40.14254	172.41449	47.22539	64.23734	152.84419	47.52607	-171.30259	
42	0.41	130.6533	1122.55259	-58.70974	106.74028	924.33365	-75.8475	244.25298	1050.14129	-46.40406	301.48406	736.67974	-149.33536	271.45892	740.42828	69.0456	164.9629	771.63086	-60.66505	306.2788	418.80643	-213.7291	314.84627	355.71103	-277.20822	407.34092	349.35594	-182.948	310.102	259.65024	-186.03162	313.91087	353.20133	-183.64336	203.18473	136.03485	-238.2803	156.59699	61.91085	-207.35454	157.52274	49.14544	-133.47148	94.96788	39.49006	-184.98765	268.6627	29.54304	-184.17497	300.11552	432.4797	113.05746	320.56108	361.658	175.84553	409.51888	357.85409	68.13698	312.65554	266.18439	78.02806	313.38575	361.52278	77.93272	225.49471	144.55138	130.02417	174.22755	53.89893	102.70444	177.84988	57.06552	24.10281	118.69638	37.30269	79.8761	289.02364	29.67329	54.12943	216.82753	676.05652	32.17155	238.63247	673.33424	-126.42172	310.02376	361.45942	32.05578	313.45118	351.96797	-137.66219	286.47149	738.55401	-40.14488	172.42112	47.22084	64.25002	152.8373	47.52427	-171.29728	
43	0.42	130.67226	1122.55966	-58.7104	106.75937	924.3485	-75.83168	244.29842	1050.14086	-46.42881	301.527	736.67071	-149.33427	271.50278	740.42743	69.04992	164.98251	771.62653	-60.64295	306.29388	418.79962	-213.7183	314.86693	355.70822	-277.17903	407.35597	349.35117	-182.94355	310.0852	259.62307	-186.04018	313.91803	353.18681	-183.62884	203.18532	136.03208	-238.26546	156.58874	61.91239	-207.34854	157.5073	49.13491	-133.47346	94.95255	39.4903	-184.97502	268.65252	29.53696	-184.18311	300.13971	432.46973	113.05907	320.57745	361.64655	175.86153	409.54679	357.84442	68.14562	312.65904	266.16383	78.02943	313.40021	361.51767	77.93876	225.51341	144.54902	130.03546	174.23377	53.89051	102.71372	177.85208	57.06272	24.11515	118.69781	37.29743	79.88698	289.03119	29.67985	54.14403	216.86866	676.05253	32.17773	238.67291	673.32432	-126.41768	310.03767	361.4573	32.06186	313.45163	351.94752	-137.6479	286.51489	738.54907	-40.14218	172.42506	47.21514	64.26095	152.82513	47.52021	-171.2956	
44	0.43	130.71211	1122.56181	-58.72355	106.78723	924.36161	-75.82945	244.33752	1050.13868	-46.44447	301.56687	736.66108	-149.32795	271.54057	740.42566	69.06029	165.02083	771.61167	-60.62825	306.30481	418.79134	-213.70877	314.87679	355.70292	-277.14955	407.36164	349.34311	-182.94063	310.07547	259.59884	-186.05581	313.92138	353.16544	-183.61671	203.1881	136.03265	-238.25491	156.58786	61.91316	-207.349	157.48296	49.1224	-133.47743	94.9482	39.48671	-184.96609	268.64525	29.52921	-184.19098	300.1607	432.46264	113.06103	320.57943	361.62871	175.88064	409.5676	357.83465	68.16319	312.6619	266.15008	78.03961	313.40984	361.51013	77.95196	225.53174	144.54825	130.05081	174.23197	53.88258	102.72121	177.85658	57.05597	24.12314	118.69313	37.28391	79.89411	289.03535	29.68205	54.15446	216.91116	676.04419	32.18998	238.71689	673.31028	-126.40808	310.05107	361.45457	32.07478	313.4517	351.91802	-137.63603	286.55372	738.54337	-40.13383	172.42609	47.20767	64.26855	152.81217	47.51498	-171.2982	
45	0.44	130.77084	1122.55692	-58.74886	106.83333	924.36565	-75.84072	244.37523	1050.1353	-46.45608	301.60741	736.65183	-149.32092	271.57499	740.42392	69.07359	165.08167	771.58791	-60.62129	306.31584	418.78082	-213.70319	314.8806	355.6957	-277.12694	407.36057	349.32993	-182.94213	310.0788	259.58167	-186.07921	313.92581	353.13948	-183.61219	203.19454	136.0359	-238.25249	156.59489	61.9124	-207.3564	157.45831	49.11105	-133.48259	94.9594	39.47965	-184.96596	268.64622	29.52372	-184.20018	300.17996	432.45773	113.06329	320.57535	361.60677	175.90034	409.58295	357.82348	68.18492	312.67039	266.14511	78.055	313.4198	361.50061	77.97015	225.55	144.54828	130.06604	174.22674	53.87597	102.72473	177.86115	57.04434	24.12639	118.68519	37.2613	79.89374	289.03884	29.67887	54.15651	216.95758	676.03235	32.20462	238.76768	673.29299	-126.39752	310.06762	361.45088	32.09248	313.45634	351.88261	-137.63176	286.5912	738.53787	-40.12367	172.42531	47.19841	64.27155	152.80299	47.50971	-171.30476	
46	0.45	130.83848	1122.54615	-58.78178	106.89719	924.3591	-75.86044	244.41675	1050.13236	-46.46938	301.65192	736.64433	-149.31782	271.60901	740.42357	69.08564	165.16005	771.5637	-60.61895	306.33089	418.76903	-213.70303	314.88455	355.68757	-277.11519	407.35835	349.31284	-182.94809	310.09314	259.57125	-186.10662	313.93405	353.11356	-183.61619	203.20432	136.04026	-238.25933	156.60726	61.91023	-207.36777	157.44052	49.1023	-133.48821	94.98645	39.4722	-184.97633	268.6582	29.52433	-184.21121	300.19851	432.45418	113.06591	320.57463	361.5855	175.91769	409.59647	357.81114	68.20536	312.68815	266.14825	78.07056	313.43479	361.49108	77.98924	225.56725	144.54802	130.07667	174.22144	53.87056	102.72286	177.86356	57.02925	24.12672	118.67802	37.23413	79.88398	289.04464	29.67216	54.14877	217.00659	676.021	32.21669	238.82421	673.27646	-126.39127	310.08987	361.44684	32.11104	313.46662	351.84773	-137.63598	286.63047	738.53395	-40.11609	172.42322	47.18798	64.27026	152.79994	47.50504	-171.31337	
47	0.46	130.90389	1122.53412	-58.81525	106.96831	924.34531	-75.8812	244.46209	1050.13019	-46.48546	301.69925	736.63821	-149.31837	271.6427	740.42485	69.09494	165.24191	771.5496	-60.61598	306.34995	418.75769	-213.70645	314.89242	355.67862	-277.11109	407.35997	349.2944	-182.95354	310.10954	259.56442	-186.12929	313.94538	353.0922	-183.62314	203.21485	136.04394	-238.2717	156.62029	61.90746	-207.37757	157.43139	49.09459	-133.49219	95.02359	39.46786	-184.99341	268.67704	29.53088	-184.2209	300.21514	432.45061	113.07072	320.58183	361.56909	175.9324	409.60998	357.7983	68.22223	312.71357	266.15711	78.08403	313.45547	361.48344	78.00717	225.57859	144.54472	130.0817	174.21591	53.86605	102.71668	177.8625	57.01446	24.12704	118.67415	37.21085	79.86768	289.05261	29.66518	54.13543	217.05138	676.01497	32.22444	238.87881	673.26507	-126.3899	310.11671	361.44332	32.12852	313.4796	351.82013	-137.64309	286.67098	738.53153	-40.11171	172.41911	47.17817	64.26678	152.80159	47.50041	-171.32026	
48	0.47	130.95924	1122.52642	-58.84221	107.03274	924.32934	-75.8963	244.50681	1050.12797	-46.50133	301.7447	736.63167	-149.31841	271.67282	740.4267	69.10284	165.30916	771.55092	-60.60784	306.36972	418.74851	-213.70955	314.90555	355.66902	-277.1071	407.36883	349.278	-182.9515	310.11964	259.55992	-186.13768	313.95849	353.07953	-183.62489	203.22305	136.04572	-238.28281	156.62939	61.90476	-207.37978	157.42703	49.08528	-133.49193	95.06011	39.46819	-185.00956	268.69378	29.53979	-184.2245	300.22715	432.44604	113.08011	320.59519	361.55982	175.94678	409.62284	357.78608	68.23612	312.74042	266.16789	78.09607	313.47788	361.47889	78.02394	225.57786	144.53548	130.08315	174.20841	53.86274	102.70953	177.85769	57.00463	24.12911	118.67191	37.19963	79.85116	289.05943	29.66124	54.12395	217.08381	676.01624	32.22952	238.92228	673.26025	-126.38992	310.14327	361.44098	32.14498	313.49268	351.80587	-137.64489	286.70876	738.52918	-40.10778	172.41207	47.17149	64.26373	152.80367	47.49463	-171.32121	
49	0.48	131.0017	1122.52548	-58.85861	107.08105	924.31608	-75.90269	244.54713	1050.12514	-46.51425	301.78418	736.62324	-149.31495	271.69526	740.42741	69.11086	165.34865	771.56577	-60.5939	306.38741	418.7425	-213.70937	314.92437	355.66009	-277.09806	407.38602	349.26646	-182.93828	310.11905	259.55701	-186.12844	313.97218	353.0774	-183.61691	203.22802	136.04533	-238.28707	156.63218	61.90204	-207.371	157.42249	49.07386	-133.48617	95.08569	39.47276	-185.01804	268.70118	29.54745	-184.21943	300.23324	432.44105	113.09446	320.60984	361.55797	175.9629	409.63374	357.77596	68.24811	312.76116	266.17588	78.10733	313.49633	361.47769	78.03934	225.56316	144.52006	130.08316	174.19834	53.86095	102.70503	177.84977	57.0024	24.13289	118.66604	37.20313	79.84052	289.0617	29.66234	54.12005	217.0992	676.02285	32.23351	238.94998	673.26024	-126.38879	310.16351	361.44008	32.16025	313.50383	351.80707	-137.63683	286.73972	738.52532	-40.10204	172.40229	47.16945	64.26294	152.80247	47.48733	-171.31396	
50	0.49	131.03355	1122.52926	-58.8653	107.11184	924.30868	-75.90211	244.58367	1050.12141	-46.52428	301.8175	736.6126	-149.30888	271.70891	740.42581	69.11916	165.35902	771.5885	-60.57852	306.40358	418.73931	-213.70555	314.94886	355.65296	-277.08459	407.40988	349.25952	-182.91532	310.10801	259.55346	-186.10667	313.98528	353.08343	-183.60081	203.23198	136.04329	-238.28278	156.62953	61.89862	-207.35256	157.41701	49.06199	-133.47587	95.09555	39.47972	-185.01639	268.6983	29.552	-184.20686	300.23555	432.43692	113.11141	320.62277	361.56189	175.98015	409.64213	357.76895	68.25828	312.77102	266.17686	78.11674	313.50731	361.47899	78.05205	225.53925	144.50132	130.08259	174.18718	53.86	102.70494	177.84018	57.00681	24.13739	118.65356	37.21631	79.83873	289.05968	29.66833	54.12442	217.09903	676.03111	32.23629	238.96404	673.26194	-126.3873	310.17374	361.44014	32.17302	313.51135	351.8196	-137.62062	286.76321	738.51921	-40.09486	172.39136	47.17123	64.26486	152.79809	47.47914	-171.29964	
51	0.5	131.06095	1122.53322	-58.86788	107.13095	924.30742	-75.90017	244.62075	1050.11644	-46.53362	301.84822	736.60053	-149.30337	271.71746	740.42241	69.12719	165.35077	771.61276	-60.56961	306.42153	418.7376	-213.6998	314.97844	355.64781	-277.07136	407.43683	349.25329	-182.88737	310.09318	259.54863	-186.08117	313.99855	353.09253	-183.58242	203.23842	136.04054	-238.27222	156.62466	61.89376	-207.32979	157.41405	49.05145	-133.46405	95.09295	39.48609	-185.00753	268.68972	29.55339	-184.19103	300.23822	432.43415	113.12712	320.63457	361.56857	175.9953	409.64902	357.76534	68.26603	312.77035	266.1691	78.12224	313.51158	361.48119	78.06037	225.5154	144.48372	130.08151	174.17783	53.85866	102.70789	177.83094	57.01451	24.14078	118.63884	37.23049	79.84446	289.05701	29.67708	54.13304	217.09098	676.03798	32.23753	238.97205	673.26251	-126.38751	310.17472	361.44025	32.18158	313.51661	351.83578	-137.60212	286.78284	738.51147	-40.08809	172.38179	47.17449	64.26789	152.79393	47.4708	-171.28238	
52	0.51	131.09123	1122.53263	-58.87435	107.14866	924.30972	-75.90352	244.66263	1050.11082	-46.54471	301.88013	736.58887	-149.30102	271.72631	740.41905	69.13458	165.34113	771.63229	-60.57496	306.44421	418.73596	-213.69434	315.01209	355.64492	-277.06324	407.46228	349.24282	-182.85957	310.08548	259.54574	-186.05946	314.01467	353.10005	-183.56804	203.24927	136.03795	-238.25969	156.6216	61.88749	-207.30899	157.41663	49.04321	-133.45461	95.08715	39.48905	-184.99823	268.68126	29.55269	-184.17749	300.2438	432.43259	113.13813	320.64615	361.57438	176.00517	409.65637	357.76521	68.27107	312.76316	266.15414	78.12303	313.5122	361.48281	78.06356	225.50047	144.47199	130.07982	174.17306	53.85695	102.71051	177.82476	57.02235	24.14013	118.62946	37.23895	79.85306	289.05669	29.68575	54.13972	217.08534	676.04176	32.23776	238.98308	673.26027	-126.3904	310.17046	361.43991	32.18512	313.52415	351.8485	-137.58769	286.80322	738.50396	-40.08322	172.37628	47.17764	64.2688	152.79348	47.463	-171.26724	
53	0.52	131.12973	1122.52498	-58.89133	107.17445	924.31212	-75.91686	244.70977	1050.1061	-46.55865	301.91355	736.57983	-149.30197	271.73742	740.41709	69.1411	165.34615	771.64189	-60.59819	306.47186	418.73373	-213.69082	315.04747	355.6449	-277.06192	407.48142	349.22559	-182.83544	310.09285	259.54955	-186.04433	314.03529	353.104	-183.56104	203.26351	136.03581	-238.24847	156.62355	61.88102	-207.29474	157.42387	49.03822	-133.4503	95.08673	39.48807	-184.99492	268.67617	29.55122	-184.17009	300.25062	432.43244	113.14289	320.65458	361.57602	176.00914	409.66482	357.76848	68.27454	312.75324	266.1359	78.12141	313.51076	361.4828	78.06287	225.49819	144.47012	130.07777	174.17383	53.85652	102.71015	177.82423	57.02915	24.13249	118.6282	37.23907	79.85953	289.05835	29.69238	54.13965	217.08885	676.04169	32.23769	239.00269	673.25508	-126.39521	310.16459	361.43913	32.18476	313.53754	351.85448	-137.5807	286.82549	738.49846	-40.08044	172.37656	47.18094	64.26471	152.79784	47.45696	-171.2579	
54	0.53	131.17785	1122.5121	-58.92082	107.21129	924.31324	-75.94112	244.7585	1050.103	-46.57416	301.94486	736.57383	-149.30374	271.74768	740.41634	69.1465	165.37262	771.63911	-60.63648	306.5022	418.73158	-213.68983	315.0803	355.64736	-277.06501	407.49099	349.20245	-182.81586	310.11434	259.56197	-186.03315	314.05865	353.10488	-183.56007	203.27789	136.03359	-238.23879	156.63142	61.87629	-207.28889	157.43227	49.0375	-133.45146	95.09469	39.48569	-185.00069	268.67445	29.54998	-184.16834	300.25391	432.43402	113.14226	320.65349	361.57221	176.00924	409.67202	357.77371	68.27915	312.74212	266.11921	78.12214	313.5063	361.48048	78.06119	225.50539	144.47917	130.07646	174.17815	53.85837	102.70703	177.82992	57.0351	24.11735	118.63115	37.2318	79.86165	289.05915	29.6965	54.13226	217.10087	676.0379	32.23776	239.0299	673.24748	-126.39968	310.15862	361.43751	32.18318	313.55626	351.85464	-137.57981	286.84627	738.49509	-40.07862	172.38186	47.18499	64.25537	152.80569	47.45415	-171.25552	
55	0.54	131.23355	1122.49966	-58.95971	107.25445	924.31502	-75.97322	244.80403	1050.10012	-46.58874	301.96981	736.56848	-149.30319	271.7524	740.41544	69.15061	165.41576	771.62476	-60.68126	306.5327	418.73076	-213.6908	315.10608	355.65035	-277.06814	407.49149	349.17623	-182.7999	310.14106	259.57931	-186.02187	314.08047	353.1036	-183.56078	203.28913	136.03016	-238.22889	156.64343	61.87456	-207.29037	157.43933	49.04082	-133.45669	95.10897	39.48527	-185.01507	268.67465	29.54896	-184.16803	300.25024	432.43692	113.13886	320.63821	361.5647	176.0083	409.6742	357.77763	68.28754	312.73082	266.10819	78.12903	313.49786	361.47554	78.06113	225.51546	144.4958	130.07717	174.18201	53.86115	102.70369	177.83991	57.04011	24.098	118.63145	37.21967	79.86073	289.05672	29.69795	54.12166	217.11571	676.03105	32.23825	239.05938	673.23742	-126.40136	310.15334	361.43377	32.1829	313.57616	351.85129	-137.58059	286.8611	738.49196	-40.07629	172.38912	47.18909	64.24373	152.81494	47.45506	-171.25894	
56	0.55	131.29311	1122.49396	-59.00174	107.29507	924.32094	-76.0074	244.8447	1050.09537	-46.60151	301.98797	736.56143	-149.29955	271.74993	740.41328	69.15258	165.46384	771.60235	-60.72188	306.56246	418.73198	-213.6931	315.12345	355.65173	-277.06841	407.48834	349.15123	-182.78712	310.16367	259.59475	-186.00954	314.09793	353.10095	-183.55967	203.29609	136.02482	-238.2182	156.656	61.8756	-207.29592	157.44612	49.04648	-133.46504	95.12527	39.4884	-185.03513	268.6754	29.5468	-184.16539	300.24051	432.44044	113.13512	320.61079	361.55775	176.00722	409.66986	357.77709	68.29979	312.72269	266.10587	78.14166	313.48784	361.46879	78.06289	225.52381	144.51425	130.07959	174.18228	53.86236	102.70207	177.85114	57.0437	24.08028	118.6241	37.2049	79.85905	289.05105	29.69636	54.11335	217.12851	676.02203	32.23806	239.08716	673.22485	-126.40025	310.15132	361.42712	32.18407	313.59366	351.84669	-137.57954	286.86895	738.48736	-40.07348	172.39508	47.19173	64.23376	152.82441	47.45863	-171.2661	
57	0.56	131.35221	1122.49862	-59.04011	107.3245	924.33305	-76.03722	244.88304	1050.08827	-46.61419	302.00366	736.55343	-149.29576	271.74252	740.41021	69.15019	165.50506	771.57731	-60.74975	306.59165	418.73516	-213.69682	315.13502	355.65053	-277.06593	407.49011	349.13267	-182.77878	310.17868	259.60356	-185.99797	314.11219	353.09855	-183.55613	203.30003	136.0186	-238.20903	156.66517	61.87821	-207.30165	157.45602	49.05225	-133.47699	95.13947	39.49437	-185.05658	268.67636	29.54242	-184.16051	300.2287	432.44461	113.13157	320.57984	361.55606	176.00444	409.66214	357.77224	68.31281	312.72317	266.11471	78.15517	313.48206	361.4632	78.06413	225.52963	144.52966	130.08103	174.17829	53.86	102.70149	177.86017	57.04563	24.0697	118.6087	37.18926	79.85678	289.04386	29.69205	54.11027	217.13817	676.01228	32.23367	239.11362	673.21151	-126.40034	310.15714	361.4197	32.18447	313.60926	351.84371	-137.576	286.87309	738.48182	-40.07279	172.39751	47.19171	64.22803	152.83378	47.46301	-171.27528	
58	0.57	131.40693	1122.51398	-59.0699	107.33791	924.35045	-76.05781	244.9225	1050.08029	-46.62863	302.02159	736.54731	-149.29576	271.73333	740.40725	69.14128	165.5322	771.55571	-60.76081	306.61859	418.73907	-213.70216	315.1439	355.64711	-277.06188	407.50248	349.12371	-182.77598	310.18718	259.60462	-185.98894	314.1258	353.09782	-183.55085	203.30263	136.0138	-238.20472	156.6678	61.88136	-207.30477	157.47078	49.05581	-133.49264	95.14769	39.5017	-185.07416	268.67794	29.53677	-184.15613	300.21814	432.44964	113.12744	320.55465	361.56186	175.99833	409.65684	357.76651	68.32258	312.73583	266.13584	78.16397	313.48578	361.46268	78.06238	225.53396	144.53951	130.0791	174.1694	53.85183	102.70018	177.86307	57.04544	24.06945	118.5891	37.17428	79.8528	289.03599	29.68578	54.11218	217.14504	676.00369	32.2213	239.14023	673.20062	-126.40657	310.17419	361.41621	32.18176	313.62519	351.84431	-137.57065	286.87746	738.47728	-40.07724	172.39397	47.18751	64.2273	152.84228	47.46644	-171.28506	
59	0.58	131.45595	1122.53869	-59.09004	107.33735	924.36988	-76.06821	244.96386	1050.07302	-46.64414	302.04199	736.54467	-149.30044	271.72317	740.4044	69.12617	165.54417	771.54195	-60.75664	306.63813	418.74117	-213.70821	315.15032	355.64246	-277.0563	407.5229	349.12233	-182.77721	310.18982	259.59863	-185.98278	314.13816	353.09791	-183.54387	203.3037	136.0116	-238.20674	156.66297	61.88452	-207.30482	157.48755	49.05479	-133.5096	95.14588	39.50882	-185.08262	268.67906	29.53127	-184.15397	300.20977	432.45494	113.12272	320.53952	361.5735	175.98928	409.65695	357.76292	68.32711	312.75907	266.16689	78.16587	313.49929	361.46857	78.05746	225.53704	144.54331	130.07472	174.15253	53.83535	102.69773	177.8561	57.04182	24.07952	118.57051	37.16111	79.84756	289.02541	29.67667	54.11786	217.14767	675.99773	32.20046	239.1651	673.1948	-126.42024	310.2009	361.41941	32.17589	313.64047	351.84675	-137.56358	286.88258	738.47453	-40.08714	172.38101	47.17711	64.23137	152.848	47.46747	-171.29399	
60	0.59	131.5022	1122.56989	-59.10357	107.33269	924.38605	-76.0721	245.00517	1050.067	-46.65811	302.06065	736.54516	-149.30767	271.71053	740.40087	69.10759	165.54685	771.53766	-60.74386	306.64453	418.73903	-213.71374	315.15247	355.63765	-277.04937	407.54183	349.12267	-182.77948	310.18626	259.58748	-185.97876	314.1457	353.0964	-183.53566	203.30197	136.01123	-238.21407	156.65286	61.88691	-207.30365	157.49869	49.04772	-133.52389	95.1334	39.51344	-185.08032	268.67662	29.52622	-184.1537	300.20363	432.4598	113.11838	320.53348	361.5871	175.97919	409.65968	357.76142	68.32655	312.78631	266.2012	78.16262	313.51714	361.47804	78.0512	225.53739	144.54152	130.07136	174.1245	53.81038	102.69535	177.83798	57.03311	24.09663	118.55659	37.15125	79.84328	289.00834	29.66188	54.12647	217.14345	675.99519	32.17429	239.18367	673.19517	-126.43864	310.22977	361.42694	32.16884	313.65067	351.84688	-137.55529	286.88559	738.47302	-40.10004	172.35653	47.1596	64.23912	152.84825	47.46506	-171.30095	
61	0.6	131.55214	1122.60211	-59.11582	107.33874	924.39272	-76.07532	245.04469	1050.0624	-46.66878	302.07337	736.54832	-149.31583	271.69515	740.39726	69.08851	165.5524	771.542	-60.73109	306.63654	418.73233	-213.71926	315.15007	355.63336	-277.04405	407.55042	349.11969	-182.78175	310.17878	259.5749	-185.97652	314.14644	353.09196	-183.52926	203.2982	136.01157	-238.22502	156.64207	61.88687	-207.30407	157.49525	49.03513	-133.53304	95.11658	39.51276	-185.07203	268.66967	29.52262	-184.1555	300.20107	432.4645	113.11446	320.53413	361.5992	175.96947	409.65951	357.76	68.32103	312.80974	266.22993	78.15702	313.53198	361.48608	78.04509	225.53301	144.53472	130.07134	174.08695	53.78125	102.69424	177.81272	57.01895	24.11522	118.5492	37.14708	79.84168	288.98361	29.63989	54.13652	217.13278	675.99679	32.14709	239.19347	673.20169	-126.45836	310.25109	361.43307	32.16227	313.65297	351.84237	-137.54889	286.88426	738.47279	-40.11366	172.3237	47.13721	64.24828	152.84088	47.45871	-171.30603	
62	0.61	131.61228	1122.62885	-59.13182	107.36802	924.38712	-76.08239	245.08296	1050.05962	-46.67663	302.07951	736.55379	-149.32552	271.68112	740.39602	69.07038	165.57333	771.55215	-60.7252	306.62017	418.7233	-213.72715	315.14633	355.62954	-277.04551	407.54686	349.11175	-182.78547	310.1733	259.56516	-185.97668	314.14283	353.08531	-183.52943	203.29536	136.01165	-238.23884	156.63548	61.88297	-207.30834	157.47351	49.01927	-133.53804	95.10561	39.50552	-185.0658	268.66186	29.52271	-184.16097	300.20462	432.4697	113.10961	320.54074	361.60779	175.96008	409.65371	357.75675	68.30998	312.82484	266.24573	78.15048	313.53961	361.48858	78.03895	225.52359	144.52353	130.07357	174.04875	53.75583	102.69443	177.78917	57.00183	24.12964	118.55006	37.14983	79.84234	288.95575	29.61352	54.14531	217.12151	676.00315	32.12253	239.1969	673.21291	-126.47717	310.25909	361.43273	32.15611	313.64942	351.83435	-137.54909	286.88031	738.47491	-40.12757	172.29178	47.11538	64.25594	152.82643	47.44877	-171.3108	
63	0.62	131.68527	1122.64659	-59.154	107.42459	924.37346	-76.09469	245.1221	1050.05848	-46.68354	302.08196	736.55995	-149.33795	271.67542	740.39961	69.05355	165.61459	771.56507	-60.72929	306.60584	418.71517	-213.73982	315.14615	355.6259	-277.05754	407.53639	349.0996	-182.79207	310.17517	259.56006	-185.97989	314.13977	353.0781	-183.53886	203.29531	136.00983	-238.25517	156.63589	61.87566	-207.31694	157.4387	49.00253	-133.54187	95.10698	39.49354	-185.06692	268.6578	29.52697	-184.17118	300.21639	432.47527	113.10308	320.55462	361.61232	175.95039	409.64457	357.75085	68.29387	312.83182	266.24578	78.14287	313.54127	361.48436	78.03195	225.51101	144.50918	130.07496	174.02297	53.74186	102.6953	177.77615	56.98633	24.13661	118.56131	37.15748	79.84365	288.93316	29.58876	54.15021	217.11741	676.01431	32.10327	239.19875	673.22594	-126.49345	310.25497	361.4244	32.14953	313.64496	351.82542	-137.55858	286.87869	738.47978	-40.1422	172.27197	47.10047	64.26015	152.80889	47.43666	-171.31692	
64	0.63	131.76767	1122.65648	-59.18112	107.50233	924.36116	-76.11046	245.16357	1050.05825	-46.69151	302.08458	736.56417	-149.35346	271.68349	740.40889	69.03819	165.66994	771.58034	-60.74301	306.60238	418.71027	-213.75794	315.15257	355.62263	-277.08004	407.52668	349.08502	-182.80145	310.18556	259.55861	-185.98668	314.14109	353.07177	-183.55648	203.29734	136.00437	-238.27291	156.64222	61.86739	-207.32786	157.40158	48.98668	-133.54684	95.11832	39.48111	-185.07451	268.659	29.53309	-184.1855	300.23662	432.48097	113.09572	320.57704	361.61382	175.94039	409.63668	357.74257	68.27495	312.83317	266.23231	78.13361	313.54119	361.47538	78.02392	225.49774	144.49398	130.073	174.01947	53.74304	102.69636	177.77723	56.97637	24.13643	118.5834	37.16693	79.84504	288.92277	29.57154	54.15044	217.12426	676.03017	32.09066	239.20165	673.23811	-126.50619	310.24433	361.41051	32.14226	313.6438	351.81766	-137.57627	286.88404	738.48653	-40.15763	172.27101	47.09634	64.2608	152.79311	47.42448	-171.3246	
65	0.64	131.85094	1122.66208	-59.20899	107.58714	924.3594	-76.12643	245.20677	1050.05853	-46.70183	302.0894	736.56468	-149.37154	271.70577	740.42316	69.02456	165.72446	771.6006	-60.76409	306.61252	418.70943	-213.78006	315.16433	355.61966	-277.10892	407.52306	349.07062	-182.81258	310.20145	259.55949	-185.99823	314.14742	353.06697	-183.57903	203.29927	135.99493	-238.28988	156.64995	61.86099	-207.33777	157.37163	48.97374	-133.55347	95.12943	39.47288	-185.08248	268.66374	29.53833	-184.20201	300.26258	432.48733	113.08912	320.60655	361.61443	175.93109	409.63188	357.73218	68.25611	312.83034	266.21045	78.12287	313.54195	361.46479	78.01567	225.48514	144.48096	130.0671	174.03756	53.75719	102.69697	177.78922	56.97279	24.13232	118.61268	37.17766	79.84768	288.92571	29.56545	54.14764	217.13923	676.05067	32.08438	239.20392	673.24863	-126.51557	310.23165	361.39467	32.13499	313.6475	351.81204	-137.59887	286.89758	738.49392	-40.17349	172.28679	47.10219	64.25919	152.7816	47.41471	-171.33249	
66	0.65	131.92624	1122.66616	-59.23239	107.6623	924.37308	-76.13991	245.24939	1050.05895	-46.71441	302.09577	736.5609	-149.39088	271.7374	740.44025	69.01308	165.76144	771.62836	-60.78947	306.63269	418.71199	-213.80262	315.17675	355.61541	-277.13755	407.52675	349.05904	-182.82386	310.21749	259.56119	-186.01466	314.1563	353.06313	-183.60212	203.29874	135.98288	-238.30309	156.65439	61.85834	-207.3442	157.35336	48.96696	-133.56021	95.13002	39.47126	-185.08454	268.66842	29.54078	-184.21757	300.28867	432.49456	113.08537	320.63776	361.61599	175.92456	409.62686	357.71833	68.23969	312.82191	266.18436	78.11271	313.54163	361.45391	78.00888	225.47415	144.47273	130.05946	174.06607	53.77786	102.69665	177.80524	56.97381	24.1289	118.64198	37.19182	79.85341	288.93692	29.57061	54.14517	217.15505	676.07488	32.08292	239.20135	673.2577	-126.52242	310.21665	361.37797	32.12927	313.65467	351.80848	-137.62197	286.91659	738.50057	-40.1889	172.31007	47.11378	64.25743	152.7743	47.40996	-171.33862	
67	0.66	131.98973	1122.66987	-59.24765	107.71598	924.40282	-76.14999	245.28924	1050.05786	-46.72795	302.1021	736.5523	-149.40932	271.77045	740.45645	69.00424	165.77122	771.66188	-60.81593	306.65652	418.71571	-213.82097	315.18587	355.60751	-277.1596	407.53633	349.05087	-182.8331	310.22797	259.56063	-186.03282	314.16439	353.05868	-183.621	203.29432	135.97	-238.31003	156.65412	61.86011	-207.34712	157.34771	48.9698	-133.5639	95.11758	39.47538	-185.07912	268.66948	29.53911	-184.22796	300.3089	432.50103	113.08683	320.66227	361.61794	175.9232	409.61466	357.69786	68.22717	312.8047	266.15514	78.10661	313.53463	361.44069	78.00552	225.46697	144.47052	130.05483	174.09214	53.79877	102.69599	177.81979	56.97776	24.13002	118.66449	37.21099	79.86287	288.94941	29.58406	54.14599	217.16451	676.09956	32.08432	239.19135	673.26436	-126.52759	310.19503	361.35764	32.12698	313.66226	351.80577	-137.6408	286.93627	738.50437	-40.20254	172.33151	47.12709	64.25773	152.77106	47.4124	-171.34151	
68	0.67	132.04415	1122.67365	-59.25477	107.74631	924.44538	-76.15796	245.32616	1050.05265	-46.74126	302.10848	736.5385	-149.42507	271.79772	740.46786	68.9981	165.75712	771.69325	-60.84061	306.67916	418.71706	-213.83207	315.19179	355.59441	-277.1723	407.5499	349.04385	-182.83891	310.22956	259.55447	-186.04859	314.17022	353.05205	-183.63303	203.28673	135.95775	-238.3105	156.65112	61.86565	-207.34886	157.35477	48.98354	-133.56159	95.09726	39.48228	-185.06961	268.6658	29.53343	-184.23044	300.31988	432.50386	113.09415	320.67205	361.61662	175.9279	409.5893	357.66794	68.21885	312.77708	266.1221	78.10684	313.51576	361.42119	78.00658	225.46625	144.47354	130.0569	174.10984	53.8169	102.69592	177.83084	56.98438	24.13665	118.6781	37.23363	79.87445	288.95908	29.60112	54.15004	217.16573	676.11915	32.08649	239.17733	673.26566	-126.53192	310.16293	361.32964	32.12902	313.66806	351.80232	-137.65275	286.9531	738.50318	-40.21348	172.34714	47.14056	64.26104	152.77299	47.4224	-171.34089	
69	0.68	132.09641	1122.67749	-59.25693	107.76159	924.49363	-76.16665	245.36259	1050.04201	-46.75496	302.11732	736.52083	-149.43804	271.81681	740.47301	68.99354	165.7339	771.7103	-60.86202	306.69894	418.71234	-213.83677	315.19798	355.57583	-277.17793	407.56658	349.03533	-182.84244	310.2234	259.54224	-186.06104	314.17524	353.04276	-183.64016	203.27907	135.94734	-238.30699	156.64816	61.87304	-207.35235	157.37394	49.00616	-133.55256	95.07641	39.48878	-185.06078	268.65957	29.52645	-184.22628	300.32137	432.50042	113.10472	320.66388	361.6079	175.93618	409.55201	357.63015	68.21332	312.74228	266.08626	78.1123	313.48536	361.39396	78.01042	225.47236	144.4793	130.06454	174.12135	53.83177	102.6959	177.83792	56.9926	24.14674	118.68606	37.25517	79.88465	288.96603	29.61724	54.15385	217.16518	676.12795	32.08757	239.16928	673.25789	-126.53647	310.12234	361.29374	32.13363	313.67249	351.79757	-137.65977	286.96707	738.49692	-40.22225	172.35778	47.15338	64.26609	152.78119	47.43794	-171.33785	
70	0.69	132.15415	1122.6815	-59.25826	107.77584	924.53901	-76.17882	245.40235	1050.02677	-46.77121	302.1312	736.50247	-149.44958	271.83046	740.47373	68.98866	165.71992	771.703	-60.88107	306.71657	418.6992	-213.83916	315.20828	355.55255	-277.18189	407.58648	349.02452	-182.84644	310.21439	259.5264	-186.07236	314.18223	353.0316	-183.64723	203.27566	135.93995	-238.3031	156.64665	61.88001	-207.35913	157.40196	49.03314	-133.5388	95.06	39.49281	-185.05545	268.65468	29.52253	-184.21985	300.31471	432.48932	113.114	320.64047	361.59078	175.9426	409.51251	357.59184	68.20814	312.70849	266.05274	78.1189	313.45067	361.36271	78.01284	225.48298	144.48517	130.07265	174.13151	53.84323	102.69379	177.84057	56.99942	24.15695	118.69345	37.27043	79.88964	288.9724	29.62957	54.15297	217.17385	676.12327	32.08663	239.17805	673.23937	-126.54179	310.08252	361.25587	32.13644	313.67783	351.79232	-137.6667	286.98083	738.4881	-40.23046	172.36544	47.16379	64.27017	152.79466	47.45551	-171.33409	
71	0.7	132.22295	1122.68708	-59.26217	107.80204	924.57514	-76.19595	245.44784	1050.00758	-46.79092	302.1505	736.48594	-149.4601	271.84275	740.47253	68.98253	165.72861	771.6703	-60.90051	306.73406	418.67807	-213.84331	315.22421	355.52562	-277.18836	407.60959	349.01154	-182.85206	310.20765	259.50961	-186.0842	314.19295	353.01933	-183.65739	203.27932	135.93611	-238.30131	156.64677	61.88486	-207.36834	157.4323	49.0583	-133.52319	95.04989	39.49425	-185.05345	268.65357	29.52436	-184.21467	300.30149	432.47049	113.11865	320.6077	361.5676	175.94244	409.48158	357.56053	68.20264	312.68489	266.02854	78.12273	313.42137	361.33333	78.01057	225.49467	144.49004	130.07683	174.14206	53.85044	102.6883	177.83976	57.00239	24.16418	118.70295	37.27662	79.88819	288.97945	29.63696	54.14564	217.1981	676.10699	32.08421	239.20733	673.21195	-126.54703	310.05491	361.22359	32.13405	313.68597	351.78722	-137.67668	286.99662	738.47924	-40.23878	172.37119	47.16989	64.27113	152.81008	47.47106	-171.33053	
72	0.71	132.30445	1122.69568	-59.27054	107.84615	924.59808	-76.21796	245.49845	1049.98286	-46.81219	302.17312	736.47106	-149.46795	271.85528	740.47003	68.97563	165.76379	771.62195	-60.92263	306.7535	418.65211	-213.85075	315.24433	355.49584	-277.19749	407.63504	348.99567	-182.85735	310.20618	259.49324	-186.09563	314.20746	353.0057	-183.6696	203.28907	135.93469	-238.30153	156.64851	61.88654	-207.37672	157.45738	49.07555	-133.50757	95.04618	39.49468	-185.05251	268.65543	29.53038	-184.21083	300.28396	432.44515	113.11831	320.57244	361.54193	175.93547	409.46451	357.53891	68.1998	312.67591	266.01661	78.12311	313.40398	361.30948	78.00444	225.50418	144.4941	130.07677	174.15072	53.85242	102.68078	177.83878	57.00158	24.16645	118.71375	37.27444	79.88339	288.98642	29.63894	54.13438	217.23411	676.08481	32.08142	239.25065	673.18079	-126.55034	310.04581	361.20059	32.12731	313.69771	351.78149	-137.68872	287.0142	738.47055	-40.24616	172.37537	47.17111	64.26861	152.82353	47.48093	-171.32649	
73	0.72	132.39638	1122.70704	-59.28378	107.90515	924.60542	-76.24383	245.55207	1049.95056	-46.8325	302.19636	736.45631	-149.47119	271.86684	740.46548	68.96779	165.81946	771.57469	-60.94776	306.7764	418.62577	-213.86093	315.26636	355.46469	-277.20686	407.66139	348.97567	-182.85917	310.21164	259.47867	-186.10477	314.22545	352.9903	-183.68086	203.3012	135.93326	-238.3017	156.65237	61.88501	-207.38048	157.47224	49.08195	-133.49294	95.04775	39.49578	-185.04983	268.65791	29.53649	-184.20652	300.26647	432.41637	113.11411	320.54279	361.51787	175.92521	409.4621	357.52622	68.2031	312.67901	266.01306	78.12175	313.40002	361.29231	77.99764	225.50981	144.49815	130.07482	174.15478	53.84965	102.67408	177.8417	56.99881	24.16321	118.72334	37.26776	79.88026	288.99194	29.63604	54.12396	217.27056	676.06461	32.0775	239.2956	673.15318	-126.55112	310.05371	361.18665	32.11964	313.71369	351.77379	-137.69979	287.0316	738.46089	-40.2517	172.37874	47.16865	64.26372	152.83272	47.48364	-171.32061	
74	0.73	132.4938	1122.72011	-59.3015	107.97011	924.59704	-76.27211	245.60788	1049.91119	-46.85168	302.2188	736.44097	-149.46986	271.87576	740.45838	68.95719	165.88246	771.54451	-60.97449	306.80385	418.60259	-213.87305	315.29004	355.43539	-277.21492	407.68753	348.95123	-182.85555	310.22576	259.46835	-186.11117	314.2474	352.97394	-183.68952	203.31296	135.9301	-238.29951	156.65885	61.88174	-207.37774	157.47699	49.07898	-133.4804	95.05211	39.49838	-185.04307	268.65979	29.53995	-184.20086	300.25578	432.38935	113.10695	320.5276	361.50001	175.91535	409.47246	357.52013	68.21191	312.68834	266.0113	78.11948	313.4079	361.28204	77.99226	225.51275	144.50308	130.07267	174.15451	53.8448	102.67005	177.85117	56.99656	24.15556	118.72994	37.26211	79.88185	288.99567	29.63047	54.11782	217.29604	676.05336	32.06934	239.331	673.13594	-126.55124	310.07219	361.17992	32.11348	313.73479	351.76378	-137.7083	287.04728	738.44968	-40.25633	172.38297	47.16518	64.25789	152.83792	47.48071	-171.31253	
75	0.74	132.59038	1122.73446	-59.32292	108.03129	924.57616	-76.3013	245.66649	1049.86765	-46.87175	302.24052	736.42529	-149.46622	271.88197	740.4485	68.94205	165.93712	771.53869	-61.00087	306.83651	418.58365	-213.88684	315.31735	355.41171	-277.2221	407.71358	348.9235	-182.84668	310.25022	259.46499	-186.11612	314.27475	352.95862	-183.69621	203.32417	135.92502	-238.29422	156.66711	61.87942	-207.36968	157.47678	49.07059	-133.47093	95.0558	39.50329	-185.03101	268.66128	29.54033	-184.19422	300.2594	432.37006	113.09777	320.53398	361.49206	175.9079	409.49168	357.51714	68.22182	312.69975	266.00748	78.1152	313.42545	361.27845	77.9886	225.51657	144.50912	130.07007	174.15315	53.84133	102.66883	177.86716	56.9976	24.14609	118.73395	37.26158	79.88837	288.99855	29.62523	54.11647	217.30528	676.05316	32.05418	239.35165	673.1315	-126.55385	310.09482	361.17837	32.10945	313.76216	351.75258	-137.71488	287.06124	738.43689	-40.26209	172.38987	47.16398	64.25251	152.84131	47.47551	-171.30335	
76	0.75	132.67999	1122.75015	-59.34737	108.08206	924.54921	-76.33058	245.72828	1049.82333	-46.89475	302.26204	736.40965	-149.46333	271.8872	740.4354	68.92259	165.97198	771.55266	-61.02569	306.87393	418.5679	-213.90249	315.35028	355.39545	-277.22947	407.74077	348.89453	-182.83455	310.28489	259.46952	-186.12134	314.30851	352.94612	-183.70253	203.33564	135.91843	-238.28744	156.67518	61.88026	-207.35951	157.47897	49.06122	-133.46477	95.05551	39.51166	-185.01405	268.66275	29.53833	-184.1872	300.28235	432.36258	113.08797	320.56337	361.49467	175.90313	409.51695	357.51511	68.22858	312.71115	266.00078	78.10769	313.45058	361.28111	77.98589	225.52476	144.51551	130.06586	174.15425	53.84183	102.66957	177.88702	57.00423	24.13758	118.7373	37.26634	79.89809	289.00182	29.6226	54.11809	217.301	676.0599	32.03208	239.35938	673.13638	-126.56101	310.11789	361.18104	32.10689	313.79634	351.74193	-137.72114	287.07462	738.42252	-40.27037	172.40001	47.16756	64.24859	152.84566	47.47142	-171.2948	
77	0.76	132.75881	1122.76651	-59.37505	108.12095	924.52415	-76.36017	245.79241	1049.78104	-46.92119	302.28365	736.39469	-149.46358	271.89366	740.41904	68.90101	165.98617	771.57331	-61.04865	306.914	418.55332	-213.92041	315.38844	355.38511	-277.23762	407.77011	348.86663	-182.82156	310.3259	259.47916	-186.12817	314.34707	352.93655	-183.70956	203.34763	135.91117	-238.2822	156.68193	61.8847	-207.35063	157.4881	49.05481	-133.46108	95.04969	39.52352	-184.99421	268.66436	29.53585	-184.18087	300.32328	432.36626	113.07853	320.6093	361.50431	175.89998	409.54799	357.51492	68.23038	312.72058	265.99107	78.09729	313.4801	361.28889	77.98264	225.53823	144.5213	130.05953	174.15954	53.8477	102.67134	177.90647	57.01643	24.1314	118.74145	37.27359	79.90787	289.00592	29.62344	54.12026	217.29182	676.06605	32.00601	239.36138	673.14352	-126.57284	310.13977	361.18795	32.10419	313.8351	351.73277	-137.72816	287.08865	738.40686	-40.28129	172.41213	47.17665	64.2464	152.85276	47.47065	-171.28815	
78	0.77	132.82609	1122.78056	-59.40735	108.15218	924.50733	-76.39086	245.85663	1049.74292	-46.94975	302.30572	736.38131	-149.46811	271.90185	740.4005	68.88012	165.99062	771.58599	-61.06991	306.95342	418.53787	-213.94029	315.42905	355.37714	-277.24687	407.8013	348.84163	-182.80941	310.36617	259.48826	-186.13735	314.38596	352.92861	-183.71762	203.36021	135.9049	-238.28116	156.68842	61.89129	-207.34555	157.50261	49.05382	-133.45816	95.03956	39.53654	-184.97438	268.66587	29.5362	-184.1774	300.37364	432.37563	113.06972	320.66015	361.51512	175.89656	409.58375	357.51781	68.22763	312.72692	265.97874	78.08589	313.50982	361.29904	77.97756	225.55496	144.5263	130.05161	174.16842	53.8596	102.67353	177.92128	57.03096	24.12739	118.7456	37.28053	79.91409	289.01035	29.62792	54.12138	217.28723	676.0649	31.97972	239.367	673.1461	-126.58819	310.1597	361.1978	32.09983	313.87316	351.72485	-137.73623	287.10378	738.39091	-40.294	172.42375	47.18996	64.24558	152.86252	47.47374	-171.28383	
79	0.78	132.88341	1122.7879	-59.44631	108.18402	924.50138	-76.42307	245.91717	1049.70995	-46.97789	302.32863	736.36998	-149.47645	271.90994	740.3815	68.86196	166.00147	771.58031	-61.09009	306.98914	418.51995	-213.96045	315.4693	355.36832	-277.25737	407.83329	348.82001	-182.79894	310.39861	259.49134	-186.14888	314.42063	352.92073	-183.72655	203.37373	135.90118	-238.28545	156.69671	61.89741	-207.34587	157.5168	49.05865	-133.45437	95.02847	39.54726	-184.95728	268.66651	29.54194	-184.1786	300.42221	432.38396	113.06167	320.70516	361.52192	175.89115	409.61971	357.52201	68.22253	312.73146	265.96544	78.07578	313.53644	361.30731	77.97079	225.57174	144.53096	130.04287	174.1784	53.87704	102.67581	177.92896	57.04303	24.12465	118.74677	37.28589	79.91411	289.01435	29.636	54.12155	217.29319	676.05315	31.95593	239.38379	673.13992	-126.60536	310.17779	361.20676	32.09368	313.90509	351.71745	-137.74518	287.11929	738.37574	-40.30724	172.43233	47.20488	64.24551	152.8732	47.47957	-171.2818	
80	0.79	132.93412	1122.78618	-59.49286	108.22438	924.50482	-76.45673	245.97021	1049.68172	-47.00332	302.35288	736.36018	-149.4865	271.9163	740.3633	68.84721	166.03156	771.55208	-61.10952	307.0203	418.49881	-213.97854	315.50825	355.35682	-277.26871	407.86534	348.8005	-182.79066	310.41925	259.48536	-186.16203	314.44927	352.91169	-183.73595	203.38808	135.89965	-238.29447	156.70745	61.90054	-207.3518	157.52617	49.06754	-133.44938	95.01997	39.55329	-184.94454	268.66615	29.55228	-184.18387	300.46072	432.3868	113.0547	320.73819	361.52158	175.88286	409.65049	357.52377	68.21815	312.73735	265.9536	78.06869	313.559	361.30975	77.96371	225.58635	144.53512	130.03361	174.18674	53.89714	102.67786	177.92923	57.04909	24.12222	118.74285	37.28922	79.90715	289.01768	29.64685	54.12222	217.31205	676.03086	31.93598	239.41567	673.12372	-126.62206	310.19542	361.21051	32.08696	313.92866	351.70964	-137.7546	287.13459	738.36174	-40.31965	172.43627	47.21821	64.24549	152.88289	47.48595	-171.28203	
81	0.8	132.9826	1122.77703	-59.54474	108.27599	924.5134	-76.49193	246.01503	1049.65752	-47.02591	302.38008	736.35142	-149.49589	271.92193	740.3466	68.83483	166.08614	771.50345	-61.1272	307.04895	418.47513	-213.99313	315.54704	355.34238	-277.28017	407.89746	348.78111	-182.78551	310.42861	259.47056	-186.17602	314.47339	352.90099	-183.7458	203.40276	135.89855	-238.30679	156.71912	61.89982	-207.36164	157.53034	49.0774	-133.44483	95.01609	39.55446	-184.93633	268.66662	29.5642	-184.19113	300.48609	432.38332	113.04886	320.75779	361.51336	175.87134	409.67375	357.52094	68.21626	312.74791	265.94572	78.06474	313.57859	361.30506	77.9572	225.59836	144.53759	130.02358	174.19242	53.91486	102.67915	177.92334	57.04845	24.11925	118.73459	37.29072	79.89379	289.02109	29.65878	54.12422	217.34437	676.00072	31.91937	239.46366	673.09934	-126.6365	310.21485	361.20746	32.08046	313.94559	351.70081	-137.76449	287.151	738.34901	-40.33053	172.43564	47.22706	64.24481	152.89057	47.49088	-171.28449	
82	0.81	133.03273	1122.76436	-59.59634	108.3358	924.52343	-76.52841	246.05502	1049.63762	-47.04818	302.41332	736.34436	-149.50318	271.92926	740.33199	68.82242	166.16217	771.44359	-61.14144	307.07859	418.45078	-214.004	315.5881	355.32626	-277.29154	407.93026	348.76113	-182.78448	310.43078	259.45015	-186.19012	314.49647	352.88955	-183.75671	203.41818	135.89725	-238.32102	156.72918	61.89671	-207.37201	157.53114	49.08546	-133.44397	95.01642	39.55243	-184.93139	268.67054	29.57528	-184.1993	300.4993	432.37573	113.04382	320.76615	361.49995	175.85654	409.69074	357.51432	68.21623	312.76498	265.94398	78.06209	313.59726	361.29548	77.95051	225.60857	144.53757	130.01257	174.19655	53.9257	102.67898	177.91356	57.0433	24.11479	118.72409	37.29158	79.87505	289.02561	29.67026	54.12664	217.38797	675.968	31.90329	239.52608	673.0721	-126.64897	310.23805	361.19967	32.07343	313.95983	351.69167	-137.77544	287.17129	738.33817	-40.34038	172.43211	47.23019	64.24262	152.89576	47.49367	-171.28907	
83	0.82	133.08623	1122.75165	-59.64173	108.39932	924.53378	-76.56443	246.09459	1049.62272	-47.07252	302.4554	736.33982	-149.50735	271.93951	740.32001	68.80816	166.24931	771.38694	-61.15179	307.11166	418.42753	-214.01074	315.63288	355.31027	-277.30213	407.96377	348.74057	-182.78653	310.43069	259.42849	-186.20271	314.52133	352.87879	-183.76826	203.43517	135.89655	-238.33471	156.73521	61.89353	-207.37885	157.52981	49.09027	-133.44923	95.01833	39.54898	-184.92759	268.67826	29.5839	-184.2076	300.50314	432.36705	113.0397	320.76777	361.48688	175.83941	409.70334	357.50534	68.2171	312.78738	265.94933	78.05919	313.61651	361.28506	77.94297	225.61772	144.53571	130.00176	174.20019	53.92805	102.67723	177.90259	57.03765	24.10832	118.71243	37.29334	79.85293	289.03111	29.68023	54.12837	217.43609	675.93964	31.88454	239.59737	673.04914	-126.66077	310.26518	361.19048	32.06531	313.9749	351.68348	-137.78704	287.19746	738.32991	-40.3496	172.42762	47.22874	64.23862	152.89777	47.49473	-171.29497	
84	0.83	133.1415	1122.74108	-59.6782	108.46421	924.54459	-76.59756	246.13485	1049.61245	-47.09823	302.50651	736.33679	-149.50715	271.9531	740.31149	68.79286	166.33406	771.34726	-61.16024	307.14805	418.40611	-214.0117	315.67948	355.29508	-277.3092	407.99557	348.71798	-182.78721	310.43106	259.40862	-186.2106	314.54779	352.86853	-183.77743	203.45307	135.89711	-238.34356	156.73563	61.89186	-207.3791	157.52606	49.0917	-133.45964	95.01863	39.54528	-184.92327	268.68657	29.58808	-184.21317	300.50087	432.35911	113.03762	320.76682	361.47928	175.82276	409.7116	357.49372	68.22033	312.81109	265.96085	78.05696	313.63627	361.27667	77.93617	225.62551	144.53363	129.99478	174.20261	53.92341	102.67512	177.89272	57.03546	24.1003	118.69843	37.29645	79.83133	289.03602	29.68754	54.13027	217.48025	675.92199	31.86326	239.66888	673.03547	-126.67147	310.29427	361.18171	32.05783	313.99144	351.67561	-137.79626	287.22981	738.32414	-40.35715	172.42301	47.22547	64.23361	152.89561	47.49482	-171.30019	
85	0.84	133.19461	1122.73347	-59.70677	108.53039	924.55417	-76.62694	246.17285	1049.60491	-47.12249	302.5642	736.33283	-149.50225	271.9716	740.30831	68.77913	166.4067	771.33128	-61.17043	307.18599	418.38664	-214.00547	315.72373	355.27982	-277.30947	408.02147	348.69109	-182.78117	310.43197	259.39136	-186.21083	314.573	352.8569	-183.78055	203.46974	135.89906	-238.34389	156.73021	61.89204	-207.3723	157.51853	49.09093	-133.47124	95.01522	39.54255	-184.91847	268.69134	29.58671	-184.21247	300.49587	432.35264	113.03867	320.76535	361.47915	175.81068	409.71482	357.47855	68.22905	312.83223	265.97666	78.05736	313.65557	361.27144	77.93324	225.63077	144.53312	129.99605	174.20208	53.91516	102.6743	177.8846	57.03821	24.09159	118.67952	37.30003	79.81432	289.03834	29.69148	54.13441	217.51624	675.91857	31.84331	239.73344	673.03147	-126.67874	310.32293	361.17407	32.05422	314.00728	351.66573	-137.79946	287.2679	738.32057	-40.36156	172.41779	47.22285	64.22882	152.88853	47.49478	-171.30257	
86	0.85	133.24271	1122.72799	-59.73042	108.5984	924.55802	-76.65433	246.20586	1049.59816	-47.14422	302.62612	736.32673	-149.49495	271.99689	740.31208	68.7685	166.46599	771.33697	-61.18604	307.22516	418.37012	-213.99337	315.76273	355.26308	-277.30264	408.03942	348.66001	-182.76671	310.43324	259.37665	-186.204	314.59461	352.84264	-183.77732	203.48363	135.90261	-238.336	156.72063	61.8935	-207.36087	157.5063	49.09017	-133.48046	95.00896	39.54233	-184.91622	268.69147	29.58184	-184.20559	300.49188	432.34851	113.04233	320.76436	361.48568	175.80604	409.7148	357.4616	68.24418	312.84996	265.99516	78.06057	313.67402	361.27026	77.93569	225.63284	144.53554	130.0066	174.19787	53.90694	102.67487	177.87724	57.04391	24.08287	118.65512	37.30319	79.80305	289.03716	29.69266	54.1404	217.54581	675.92866	31.82777	239.78972	673.03437	-126.68207	310.35021	361.16927	32.05604	314.0203	351.65264	-137.7963	287.3115	738.31941	-40.36322	172.41111	47.22169	64.22459	152.87698	47.49549	-171.30152	
87	0.86	133.28618	1122.72319	-59.75267	108.66821	924.55255	-76.68358	246.23559	1049.59164	-47.16565	302.69253	736.31979	-149.48942	272.02931	740.32213	68.75981	166.51733	771.35725	-61.20983	307.26867	418.35874	-213.97969	315.79685	355.24349	-277.29262	408.05289	348.62837	-182.74717	310.4364	259.36448	-186.19506	314.61336	352.82643	-183.77166	203.4954	135.9081	-238.32447	156.71021	61.89523	-207.34913	157.49074	49.09165	-133.48678	95.00527	39.54553	-184.92282	268.6898	29.57758	-184.19732	300.49243	432.34772	113.04612	320.76561	361.49671	175.8086	409.71639	357.44776	68.26251	312.86626	266.01509	78.06407	313.69248	361.27441	77.94183	225.63324	144.54161	130.02162	174.19109	53.90149	102.67441	177.86988	57.04903	24.07475	118.62901	37.30586	79.79473	289.03331	29.69214	54.14378	217.57358	675.94784	31.8152	239.84226	673.0412	-126.68492	310.37658	361.17019	32.06162	314.03148	351.63805	-137.79069	287.36092	738.32096	-40.36481	172.40314	47.2215	64.22003	152.86333	47.49754	-171.29889	
88	0.87	133.32733	1122.71876	-59.77716	108.73886	924.53837	-76.71856	246.26721	1049.58587	-47.19	302.76554	736.31358	-149.48901	272.06809	740.33551	68.75068	166.56841	771.38418	-61.24281	307.32079	418.35401	-213.96891	315.82855	355.21959	-277.28446	408.0699	348.60087	-182.72737	310.44392	259.35434	-186.18952	314.63258	352.81	-183.76805	203.50696	135.91477	-238.31494	156.70275	61.89663	-207.34151	157.47604	49.09652	-133.49204	95.0119	39.55184	-184.94499	268.69034	29.57647	-184.19338	300.49914	432.34986	113.04695	320.77116	361.5092	175.81591	409.72324	357.44031	68.27887	312.88338	266.0346	78.0647	313.71167	361.2835	77.94862	225.63496	144.55091	130.03366	174.18331	53.89977	102.6695	177.86319	57.05128	24.06784	118.60731	37.30815	79.78503	289.02863	29.69012	54.13968	217.60399	675.97039	31.80168	239.89758	673.04952	-126.69179	310.40215	361.17769	32.06795	314.04454	351.62524	-137.78707	287.41682	738.32454	-40.36917	172.39502	47.22157	64.21379	152.8516	47.5011	-171.29778	
89	0.88	133.36746	1122.71554	-59.80702	108.80803	924.51879	-76.76059	246.30417	1049.58079	-47.21846	302.84581	736.30732	-149.49463	272.11124	740.34803	68.73986	166.62569	771.40998	-61.28302	307.38205	418.35454	-213.96309	315.85968	355.19021	-277.28049	408.09778	348.57995	-182.70968	310.45653	259.34425	-186.18911	314.65513	352.79449	-183.76755	203.51885	135.91967	-238.31048	156.70086	61.89793	-207.34066	157.46685	49.10433	-133.49778	95.03347	39.56026	-184.98495	268.69473	29.5778	-184.1957	300.51032	432.35237	113.0434	320.78135	361.51973	175.82536	409.73381	357.43717	68.28944	312.90146	266.0504	78.06119	313.73027	361.29381	77.95409	225.63919	144.56087	130.03824	174.17439	53.90046	102.65867	177.85809	57.05033	24.06279	118.59425	37.30929	79.77183	289.0244	29.68609	54.1275	217.63926	675.99054	31.78489	239.9598	673.05603	-126.70478	310.42481	361.1879	32.07313	314.06284	351.61649	-137.78645	287.47852	738.32768	-40.37739	172.38721	47.22116	64.20549	152.84542	47.50602	-171.3003	
90	0.89	133.40469	1122.71321	-59.84355	108.87175	924.49759	-76.80757	246.3451	1049.57537	-47.24946	302.93029	736.29833	-149.50518	272.15475	740.35547	68.72798	166.69067	771.42735	-61.32577	307.44715	418.35621	-213.96145	315.89026	355.15589	-277.27893	408.13806	348.56469	-182.69361	310.4712	259.3314	-186.19168	314.68087	352.77981	-183.76756	203.52859	135.91905	-238.3109	156.70438	61.89982	-207.34639	157.46433	49.11343	-133.5037	95.06693	39.57003	-185.03746	268.70131	29.57934	-184.2014	300.52167	432.35223	113.03655	320.79322	361.52538	175.83517	409.74268	357.43339	68.293	312.91791	266.05853	78.05511	313.74455	361.29985	77.95774	225.64311	144.5672	130.03575	174.16195	53.90087	102.64393	177.8543	57.04695	24.0604	118.58928	37.30788	79.75706	289.02054	29.68011	54.11146	217.67827	676.00284	31.76522	240.02853	673.0564	-126.72317	310.44041	361.19413	32.07669	314.08618	351.61145	-137.78625	287.54252	738.3269	-40.3886	172.37845	47.21947	64.19661	152.84531	47.51179	-171.30629	
91	0.9	133.43417	1122.70802	-59.8854	108.92661	924.47874	-76.85549	246.38547	1049.56862	-47.28049	303.01395	736.28465	-149.51888	272.19447	740.35546	68.71643	166.759	771.43187	-61.36497	307.50805	418.35476	-213.96177	315.91971	355.11947	-277.27568	408.18593	348.5521	-182.67768	310.48222	259.3139	-186.19441	314.70711	352.76534	-183.7648	203.53197	135.9107	-238.31458	156.71038	61.90268	-207.3563	157.46545	49.12214	-133.50809	95.10084	39.58007	-185.09075	268.70667	29.57939	-184.20557	300.52936	432.34837	113.02905	320.80171	361.52458	175.84426	409.7452	357.4257	68.29057	312.92911	266.05633	78.04962	313.75047	361.29775	77.9598	225.64177	144.56643	130.02931	174.14389	53.89891	102.62981	177.8505	57.04223	24.06129	118.58768	37.30325	79.74553	289.01607	29.67306	54.09773	217.71815	676.00409	31.74445	240.10023	673.04775	-126.74494	310.44537	361.19144	32.07881	314.11085	351.60776	-137.78323	287.60421	738.32005	-40.40123	172.36709	47.21611	64.18975	152.8483	47.51784	-171.31372	
92	0.91	133.45103	1122.69475	-59.92985	108.97168	924.46566	-76.90061	246.42139	1049.56034	-47.31029	303.09354	736.26711	-149.5343	272.22928	740.34889	68.70554	166.8234	771.42439	-61.39518	307.55899	418.34845	-213.96204	315.94873	355.08535	-277.26802	408.23446	348.53934	-182.6613	310.4855	259.29209	-186.19597	314.73146	352.75103	-183.75804	203.52608	135.89507	-238.32012	156.71493	61.90626	-207.36715	157.46681	49.1298	-133.50937	95.12085	39.58793	-185.13146	268.70753	29.57693	-184.20484	300.5332	432.34199	113.02305	320.80376	361.51801	175.85198	409.74177	357.41441	68.285	312.93332	266.04428	78.04693	313.74768	361.28778	77.96045	225.63235	144.55813	130.02184	174.12164	53.89431	102.62105	177.84577	57.0375	24.06541	118.58495	37.29646	79.74211	289.01053	29.66601	54.09142	217.75718	675.99529	31.72363	240.17168	673.03098	-126.76833	310.44056	361.17987	32.07961	314.13289	351.60317	-137.77626	287.66141	738.308	-40.41438	172.35337	47.21163	64.18735	152.85074	47.52373	-171.32013	
93	0.92	133.45405	1122.67236	-59.97545	109.00724	924.4587	-76.94082	246.45198	1049.55152	-47.34004	303.16991	736.24921	-149.55096	272.26165	740.33909	68.69375	166.87801	771.41026	-61.41383	307.59909	418.33834	-213.96174	315.97959	355.05845	-277.25723	408.27923	348.52536	-182.64581	310.48212	259.26872	-186.19666	314.75412	352.73834	-183.749	203.5121	135.87595	-238.32687	156.71511	61.90966	-207.37623	157.46739	49.13622	-133.50767	95.11936	39.59059	-185.15187	268.70242	29.57135	-184.19889	300.53651	432.33532	113.01868	320.80132	361.50848	175.85752	409.73779	357.40233	68.27936	312.93194	266.02596	78.04628	313.74075	361.27414	77.9594	225.61645	144.54486	130.01476	174.10078	53.88841	102.62042	177.84033	57.03462	24.07206	118.58077	37.28969	79.74849	289.00489	29.65983	54.09428	217.79611	675.98084	31.70163	240.24247	673.01067	-126.79314	310.43176	361.16432	32.0787	314.15151	351.59744	-137.7671	287.71578	738.29415	-40.42861	172.3401	47.20754	64.19046	152.85062	47.52893	-171.32417	
94	0.93	133.44673	1122.64608	-60.02305	109.03413	924.45345	-76.97579	246.4791	1049.54463	-47.37276	303.24669	736.23563	-149.56944	272.29525	740.32969	68.67859	166.92141	771.39604	-61.42233	307.6315	418.32692	-213.96199	316.01429	355.04259	-277.24764	408.31987	348.51183	-182.63413	310.47699	259.24789	-186.19802	314.77733	352.73001	-183.74117	203.49655	135.86008	-238.3347	156.70981	61.91172	-207.38208	157.46706	49.14069	-133.50513	95.09996	39.58688	-185.15326	268.69275	29.5632	-184.19035	300.54349	432.33032	113.01424	320.79947	361.49915	175.85982	409.73799	357.39178	68.27472	312.92786	266.00642	78.04453	313.73546	361.2618	77.95608	225.59875	144.53065	130.0082	174.08812	53.88338	102.62763	177.83541	57.03522	24.08014	118.57754	37.28451	79.76197	289.00063	29.65504	54.10405	217.83708	675.96588	31.67573	240.3147	672.99268	-126.82084	310.42505	361.15057	32.07549	314.16905	351.5928	-137.75925	287.77097	738.28266	-40.44542	172.33126	47.20564	64.19841	152.84726	47.53241	-171.32608	
95	0.94	133.43547	1122.62368	-60.07468	109.05603	924.44202	-77.00645	246.50465	1049.54246	-47.41102	303.32604	736.22966	-149.58997	272.33229	740.32327	68.6591	166.95663	771.38662	-61.42514	307.66044	418.31662	-213.9644	316.05157	355.03816	-277.24284	408.35769	348.50175	-182.62864	310.47495	259.23272	-186.20131	314.80235	352.72786	-183.73711	203.48846	135.85403	-238.34317	156.69955	61.91157	-207.38471	157.4645	49.14214	-133.50407	95.07235	39.57938	-185.14253	268.68156	29.55437	-184.18343	300.5567	432.32789	113.00804	320.80201	361.49231	175.85812	409.74189	357.38237	68.27068	312.92383	265.9905	78.03916	313.73498	361.25329	77.95066	225.58368	144.51939	130.00261	174.08784	53.88141	102.6404	177.83252	57.03942	24.08809	118.57624	37.2806	79.77731	288.99797	29.65148	54.11645	217.88127	675.95427	31.64468	240.38955	672.98141	-126.85219	310.42329	361.14129	32.07016	314.18805	351.59176	-137.75525	287.82917	738.27647	-40.46543	172.32968	47.20704	64.20919	152.84016	47.5331	-171.327	
96	0.95	133.42679	1122.61063	-60.13169	109.07998	924.41641	-77.03448	246.52733	1049.5452	-47.45397	303.4052	736.23079	-149.61032	272.37253	740.32081	68.63734	166.9883	771.38361	-61.42816	307.68811	418.3086	-213.96948	316.08669	355.04146	-277.24288	408.39193	348.49574	-182.62885	310.47803	259.223	-186.2056	314.8276	352.73018	-183.73635	203.49351	135.85985	-238.3508	156.68624	61.90915	-207.38528	157.45753	49.13976	-133.50491	95.04569	39.57362	-185.12752	268.67146	29.54687	-184.18108	300.57591	432.32754	112.99986	320.80984	361.48937	175.85276	409.74609	357.37219	68.2681	312.92225	265.98167	78.03071	313.74022	361.2486	77.94473	225.57323	144.51323	129.99986	174.09906	53.88364	102.65616	177.83272	57.04526	24.09425	118.57515	37.27631	79.79011	288.99546	29.64821	54.12825	217.92754	675.94798	31.61159	240.46405	672.97773	-126.88398	310.42735	361.13577	32.06432	314.20845	351.59361	-137.75456	287.88887	738.2758	-40.48649	172.33543	47.21132	64.2206	152.8292	47.53058	-171.32774	
97	0.96	133.42503	1122.60703	-60.19313	109.11239	924.37249	-77.06185	246.54314	1049.54933	-47.49767	303.47804	736.2346	-149.62629	272.41499	740.32186	68.61723	167.01982	771.38492	-61.43671	307.71444	418.30239	-213.97661	316.1155	355.04721	-277.24494	408.41964	348.49101	-182.63231	310.48525	259.21555	-186.2086	314.85019	352.73258	-183.73654	203.51085	135.87394	-238.35574	156.67295	61.90468	-207.38535	157.44491	49.13295	-133.5061	95.02579	39.57373	-185.11403	268.66363	29.54148	-184.18331	300.59887	432.32772	112.99088	320.82283	361.49073	175.84553	409.74935	357.36025	68.26936	312.92468	265.98042	78.02195	313.75149	361.24678	77.94058	225.56714	144.51127	130.00208	174.11637	53.88925	102.67276	177.83632	57.04923	24.09761	118.57146	37.26969	79.79847	288.99153	29.64388	54.13852	217.97404	675.94698	31.58296	240.53262	672.97874	-126.9096	310.43772	361.13246	32.06024	314.22799	351.59438	-137.75483	287.94651	738.27823	-40.50453	172.34589	47.21634	64.23096	152.81537	47.52477	-171.32838	
98	0.97	133.43099	1122.60698	-60.25589	109.15409	924.31266	-77.0902	246.55004	1049.55066	-47.5393	303.54105	736.23586	-149.63603	272.45997	740.32539	68.60121	167.05163	771.38801	-61.45355	307.73898	418.29686	-213.98526	316.1386	355.05228	-277.24643	408.43911	348.48453	-182.63754	310.49507	259.20731	-186.20952	314.86928	352.73164	-183.73654	203.53551	135.89028	-238.35747	156.6631	61.89824	-207.38599	157.42761	49.12167	-133.50629	95.01495	39.57893	-185.10425	268.65773	29.53728	-184.1888	300.62345	432.32697	112.98193	320.84207	361.49607	175.8388	409.75413	357.3479	68.27522	312.93117	265.98311	78.01484	313.76854	361.24717	77.93925	225.56431	144.51053	130.00845	174.13233	53.89594	102.68745	177.84298	57.04809	24.09785	118.56329	37.25992	79.80232	288.98639	29.63785	54.14687	218.01994	675.95011	31.56331	240.59164	672.98022	-126.92493	310.45356	361.13052	32.059	314.24511	351.59051	-137.75493	288.00051	738.28062	-40.51741	172.35707	47.21923	64.23866	152.80096	47.51578	-171.3288	
99	0.98	133.44188	1122.60258	-60.31673	109.19929	924.24574	-77.11993	246.55141	1049.54819	-47.57987	303.59699	736.23192	-149.64303	272.5085	740.33028	68.58769	167.0813	771.39404	-61.47775	307.76197	418.29093	-213.99535	316.16051	355.05643	-277.24714	408.45193	348.47563	-182.64457	310.50815	259.19829	-186.20996	314.88713	352.72707	-183.73754	203.5617	135.90333	-238.35761	156.65917	61.89024	-207.38705	157.40883	49.10734	-133.50555	95.01241	39.58471	-185.09655	268.65358	29.53317	-184.19668	300.64952	432.32481	112.97246	320.86987	361.50508	175.83402	409.76412	357.33794	68.28262	312.9402	265.98311	78.00903	313.7898	361.24919	77.93926	225.56438	144.50834	130.01443	174.14099	53.9013	102.69702	177.85168	57.04082	24.09556	118.5511	37.24879	79.8021	288.98186	29.63095	54.152	218.06439	675.95658	31.55046	240.64152	672.98027	-126.93339	310.47161	361.12926	32.05925	314.26098	351.58165	-137.75606	288.05275	738.2811	-40.52767	172.3655	47.21829	64.24239	152.78887	47.50455	-171.32894	
100	0.99	133.45282	1122.59048	-60.37409	109.23913	924.18367	-77.15018	246.55383	1049.54411	-47.62217	303.65174	736.22327	-149.65312	272.56039	740.33532	68.57278	167.10466	771.40674	-61.50529	307.78387	418.28391	-214.00645	316.18462	355.05932	-277.24797	408.46143	348.46539	-182.65304	310.52712	259.19122	-186.2115	314.90684	352.72026	-183.7411	203.58395	135.90878	-238.3579	156.66147	61.88218	-207.38698	157.39269	49.09243	-133.50417	95.01425	39.58691	-185.08653	268.65256	29.52974	-184.20573	300.6787	432.32171	112.96228	320.90779	361.51702	175.83186	409.781	357.33195	68.28733	312.94959	265.97439	78.00327	313.81278	361.25181	77.93865	225.56735	144.50319	130.01522	174.14039	53.90378	102.70004	177.86085	57.02944	24.09279	118.53814	37.24019	79.79875	288.97926	29.62465	54.15285	218.10557	675.966	31.53773	240.68482	672.97973	-126.94289	310.48757	361.12751	32.05916	314.2785	351.57004	-137.75978	288.10607	738.2793	-40.54017	172.36947	47.21377	64.24252	152.78129	47.49307	-171.32809	
101	1.0	133.45856	1122.57408	-60.42789	109.26616	924.13694	-77.18	246.56165	1049.54059	-47.66696	303.70775	736.21147	-149.66895	272.61306	740.33929	68.55433	167.11734	771.42777	-61.53134	307.80465	418.27585	-214.01704	316.21003	355.05849	-277.24864	408.47002	348.45457	-182.66102	310.55279	259.188	-186.21329	314.9291	352.71192	-183.74669	203.59779	135.90449	-238.35776	156.66761	61.87641	-207.38382	157.38198	49.07869	-133.501	95.01372	39.58408	-185.06933	268.6556	29.52827	-184.21273	300.7117	432.31839	112.95323	320.95423	361.52947	175.83374	409.80328	357.32864	68.28799	312.95731	265.95534	77.9979	313.83503	361.25364	77.938	225.57161	144.49425	130.00957	174.13207	53.90245	102.69831	177.86807	57.0178	24.09289	118.5285	37.23702	79.79465	288.97739	29.61975	54.1507	218.14086	675.97754	31.52059	240.72254	672.97982	-126.95824	310.49863	361.12438	32.05934	314.29918	351.55795	-137.76548	288.16041	738.27538	-40.55731	172.36861	47.20719	64.24168	152.77839	47.48338	-171.32469	
102	1.01	133.4556	1122.55924	-60.47818	109.27736	924.11024	-77.20924	246.57397	1049.53791	-47.7121	303.76146	736.19735	-149.68855	272.66154	740.34112	68.53363	167.11787	771.45496	-61.55253	307.82358	418.26725	-214.02537	316.23306	355.05145	-277.24787	408.47861	348.44324	-182.66582	310.58162	259.18715	-186.21264	314.95153	352.70198	-183.75159	203.60114	135.89181	-238.35475	156.67405	61.87468	-207.37669	157.37649	49.06631	-133.4935	95.00425	39.57725	-185.04272	268.66072	29.52833	-184.21317	300.74636	432.31505	112.94784	321.00307	361.53835	175.84117	409.82758	357.32485	68.2866	312.96109	265.92857	77.99544	313.85414	361.25311	77.93984	225.574	144.48153	130.00006	174.11862	53.89708	102.69519	177.87056	57.00894	24.09886	118.52359	37.23905	79.79325	288.97296	29.6158	54.14885	218.16707	675.98973	31.49975	240.75256	672.98043	-126.97829	310.50407	361.11944	32.06218	314.32128	351.54652	-137.77042	288.2115	738.26923	-40.57746	172.36284	47.20002	64.24306	152.77828	47.47644	-171.31704	
103	1.02	133.44423	1122.54874	-60.52474	109.27555	924.10034	-77.2382	246.58657	1049.53504	-47.75492	303.80715	736.18127	-149.70869	272.70091	740.34044	68.51367	167.11026	771.48392	-61.56804	307.83998	418.25806	-214.03123	316.25079	355.03826	-277.2457	408.48788	348.43167	-182.66593	310.60772	259.18548	-186.20807	314.97086	352.69106	-183.75359	203.59582	135.87503	-238.34748	156.67873	61.87667	-207.36659	157.37342	49.05485	-133.47983	94.98419	39.56863	-185.00902	268.66455	29.52788	-184.20438	300.77894	432.31112	112.94704	321.04526	361.53951	175.853	409.85134	357.31803	68.28547	312.95871	265.89736	77.99849	313.86782	361.24843	77.94485	225.57262	144.46662	129.99048	174.1024	53.88893	102.69322	177.86719	57.0033	24.11157	118.52138	37.24397	79.79687	288.96364	29.61181	54.14989	218.18235	676.00094	31.4787	240.77241	672.98046	-126.99938	310.50469	361.11204	32.06816	314.34136	351.53665	-137.77238	288.25403	738.26086	-40.59751	172.35276	47.19313	64.24842	152.77857	47.47185	-171.30478	
104	1.03	133.42917	1122.54104	-60.56843	109.26823	924.09881	-77.26772	246.596	1049.53081	-47.79478	303.84213	736.1642	-149.7283	272.73007	740.33781	68.49635	167.10267	771.51036	-61.57956	307.85463	418.24741	-214.03666	316.26318	355.02081	-277.24445	408.4987	348.42023	-182.66231	310.62742	259.18082	-186.20092	314.98561	352.6802	-183.75331	203.58692	135.85871	-238.33749	156.68212	61.87964	-207.35604	157.36958	49.04433	-133.46162	94.9592	39.56015	-184.9743	268.66623	29.52556	-184.18795	300.80721	432.30532	112.94917	321.07393	361.53114	175.86455	409.87474	357.30816	68.28508	312.95063	265.86449	78.00694	313.87596	361.23876	77.95019	225.5684	144.4525	129.98356	174.08579	53.88047	102.69281	177.85961	56.99873	24.12901	118.51969	37.2493	79.80465	288.95115	29.60719	54.15371	218.18878	676.0099	31.46007	240.78304	672.97893	-127.01946	310.50348	361.10177	32.07419	314.35727	351.52902	-137.77201	288.2861	738.25101	-40.61598	172.34037	47.18672	64.257	152.7779	47.46818	-171.29002	
105	1.04	133.41727	1122.53246	-60.61138	109.26413	924.09779	-77.29961	246.60197	1049.52446	-47.83317	303.86833	736.14761	-149.74853	272.75262	740.33422	68.48183	167.10423	771.53136	-61.58975	307.87015	418.23432	-214.04461	316.27239	355.00008	-277.24703	408.51134	348.40828	-182.65734	310.64138	259.17237	-186.1939	314.9966	352.66918	-183.75345	203.58	135.84514	-238.32819	156.68594	61.88001	-207.3477	157.36354	49.03488	-133.44421	94.93912	39.55276	-184.94552	268.66793	29.52166	-184.16923	300.83176	432.29603	112.9515	321.08829	361.51492	175.8703	409.89977	357.2973	68.28446	312.942	265.83409	78.0176	313.88215	361.22539	77.95187	225.56415	144.44195	129.98054	174.07176	53.87354	102.69257	177.85078	56.99161	24.14761	118.51884	37.25263	79.81305	288.93979	29.60138	54.15854	218.19235	676.01583	31.44456	240.7892	672.97543	-127.03869	310.506	361.08975	32.07614	314.36915	351.52282	-137.77202	288.31048	738.24092	-40.63335	172.32856	47.17983	64.26638	152.77644	47.46368	-171.2768	
106	1.05	133.41314	1122.52019	-60.6557	109.26925	924.09376	-77.33623	246.60628	1049.5162	-47.87216	303.89021	736.13267	-149.77074	272.77443	740.33056	68.46921	167.1222	771.54501	-61.60048	307.88922	418.21911	-214.05694	316.28081	354.97568	-277.25485	408.52545	348.39455	-182.65282	310.65227	259.15995	-186.18915	315.00544	352.65663	-183.75632	203.57861	135.83438	-238.32248	156.69131	61.8758	-207.34284	157.35651	49.02661	-133.43381	94.93109	39.54758	-184.92688	268.67147	29.51722	-184.15466	300.85417	432.28231	112.95177	321.09149	361.49436	175.86664	409.92778	357.2883	68.28263	312.93996	265.81199	78.02637	313.89125	361.21132	77.94751	225.5631	144.43618	129.98163	174.06356	53.86812	102.69086	177.84307	56.97904	24.16464	118.52069	37.25178	79.81872	288.93221	29.5934	54.16276	218.2004	676.01837	31.43178	240.79721	672.96979	-127.05779	310.51787	361.07871	32.07156	314.37822	351.51614	-137.77474	288.33232	738.23161	-40.65076	172.32007	47.17089	64.27437	152.77534	47.45745	-171.26889	
107	1.06	133.41634	1122.50475	-60.70292	109.28424	924.0875	-77.37885	246.61003	1049.50737	-47.91281	303.91183	736.12023	-149.79491	272.79933	740.3276	68.45702	167.15852	771.55041	-61.61257	307.9121	418.20402	-214.07258	316.29003	354.94808	-277.26708	408.5408	348.3791	-182.64962	310.66144	259.14436	-186.18762	315.01338	352.6423	-183.76252	203.58338	135.82583	-238.32145	156.69776	61.86777	-207.34111	157.35124	49.02046	-133.43394	94.9348	39.54698	-184.91787	268.67616	29.51318	-184.14887	300.87426	432.26522	112.94841	321.08601	361.47232	175.8531	409.95784	357.28397	68.27937	312.94774	265.80203	78.03099	313.90484	361.19931	77.93712	225.56779	144.43491	129.98665	174.06345	53.86344	102.68743	177.83786	56.96145	24.17835	118.52617	37.24628	79.82064	288.92839	29.58337	54.16575	218.21766	676.01779	31.42052	240.81198	672.96234	-127.077	310.54024	361.07139	32.06051	314.38558	351.50841	-137.78078	288.35558	738.22391	-40.66894	172.31673	47.15965	64.27994	152.77575	47.45038	-171.26791	
108	1.07	133.42268	1122.49	-60.75388	109.30503	924.08166	-77.42587	246.61233	1049.49948	-47.95441	303.93459	736.11067	-149.81916	272.82563	740.32555	68.44395	167.20747	771.54883	-61.62619	307.93593	418.19229	-214.08672	316.30065	354.9197	-277.28133	408.55732	348.36387	-182.64814	310.66812	259.12707	-186.18868	315.02094	352.62791	-183.77089	203.59237	135.81925	-238.32394	156.7036	61.85851	-207.34102	157.34975	49.01781	-133.44353	94.94407	39.55299	-184.91469	268.67985	29.51014	-184.15282	300.88928	432.24748	112.94096	321.07291	361.45071	175.83261	409.98699	357.28551	68.27565	312.96116	265.80195	78.0325	313.91957	361.19024	77.92283	225.57824	144.43694	129.99568	174.07144	53.85973	102.68407	177.8358	56.94308	24.18705	118.53493	37.23862	79.8206	288.92761	29.57353	54.16815	218.24217	676.0152	31.40887	240.83382	672.95431	-127.09606	310.56774	361.0682	32.04527	314.39167	351.50097	-137.789	288.38011	738.21811	-40.68761	172.31904	47.14841	64.28309	152.77782	47.44446	-171.27256	
109	1.08	133.42747	1122.4802	-60.80807	109.32634	924.07868	-77.47305	246.61161	1049.49278	-47.99497	303.95704	736.10301	-149.84037	272.84742	740.32368	68.4303	167.25703	771.54464	-61.64105	307.95759	418.18669	-214.09282	316.31188	354.89296	-277.29457	408.57434	348.35056	-182.64773	310.67089	259.1088	-186.19008	315.02763	352.61501	-183.77886	203.60207	135.81412	-238.32681	156.70733	61.85072	-207.34042	157.3522	49.01876	-133.45773	94.95214	39.56487	-184.91324	268.68035	29.50764	-184.16318	300.89607	432.23134	112.93147	321.05468	361.43142	175.81068	410.0122	357.2909	68.27369	312.97203	265.80417	78.03438	313.9307	361.18305	77.90823	225.59087	144.44002	130.00871	174.08531	53.85841	102.68367	177.83739	56.92988	24.1897	118.54656	37.23343	79.82214	288.92992	29.56712	54.17178	218.26539	676.01234	31.39589	240.85745	672.94726	-127.11404	310.5923	361.06666	32.02968	314.39615	351.49494	-137.79683	288.40223	738.21335	-40.70503	172.32631	47.14098	64.28467	152.78087	47.44111	-171.27934	
110	1.09	133.42779	1122.4766	-60.86337	109.34498	924.08029	-77.51558	246.60748	1049.4866	-48.03297	303.97777	736.0955	-149.85663	272.86064	740.32144	68.41769	167.29393	771.54394	-61.65687	307.97686	418.18822	-214.08718	316.32199	354.8685	-277.3043	408.59086	348.33923	-182.64678	310.67076	259.09015	-186.18924	315.0332	352.60351	-183.7838	203.60907	135.80872	-238.32619	156.70855	61.84602	-207.33726	157.35805	49.02201	-133.47061	94.95579	39.57892	-184.91107	268.67652	29.50377	-184.17362	300.89454	432.21799	112.92369	321.03639	361.41642	175.79333	410.03253	357.2964	68.27569	312.97477	265.80101	78.03945	313.93619	361.17629	77.89688	225.601	144.44156	130.02447	174.10155	53.86057	102.68785	177.84298	56.92671	24.18699	118.56174	37.23501	79.82817	288.93638	29.56658	54.17806	218.27879	676.0112	31.38209	240.87626	672.94229	-127.13016	310.60867	361.06376	32.01753	314.39953	351.48986	-137.80165	288.4192	738.20847	-40.71947	172.33708	47.14055	64.28576	152.78441	47.44051	-171.2842	
111	1.1	133.42319	1122.47623	-60.91712	109.36092	924.08675	-77.55076	246.60143	1049.48139	-48.06926	303.99852	736.08803	-149.86982	272.86744	740.32037	68.40665	167.30977	771.55098	-61.67421	307.99615	418.19563	-214.07207	316.33051	354.84641	-277.30969	408.6071	348.32964	-182.64414	310.67257	259.07401	-186.18577	315.03957	352.5932	-183.78518	203.61189	135.80127	-238.31962	156.70783	61.84436	-207.33025	157.36746	49.02658	-133.47764	94.95605	39.59053	-184.90766	268.67004	29.49767	-184.17899	300.88903	432.20892	112.91995	321.02328	361.40711	175.78509	410.04982	357.30041	68.28143	312.96937	265.78871	78.04739	313.93699	361.1701	77.89033	225.60719	144.44099	130.03974	174.11681	53.86583	102.69553	177.85187	56.93512	24.1813	118.58155	37.24447	79.83871	288.94811	29.57264	54.18623	218.28139	676.01341	31.36785	240.88895	672.93986	-127.1457	310.6159	361.05903	32.01051	314.40486	351.48539	-137.8029	288.43298	738.2042	-40.73159	172.34929	47.1477	64.28697	152.78873	47.44213	-171.28417	
112	1.11	133.41482	1122.47405	-60.96811	109.37539	924.09617	-77.57976	246.59581	1049.4796	-48.10687	304.02331	736.08294	-149.88471	272.87449	740.3235	68.39588	167.30453	771.56598	-61.69446	308.01781	418.20571	-214.05403	316.33926	354.82768	-277.3117	408.62379	348.32214	-182.64	310.68176	259.06459	-186.18219	315.04964	352.58464	-183.78491	203.61158	135.79157	-238.30741	156.70578	61.84446	-207.31955	157.38083	49.03221	-133.47726	94.95523	39.59675	-184.90368	268.6653	29.49125	-184.17831	300.88584	432.206	112.91941	321.0181	361.40387	175.78791	410.06681	357.30443	68.28803	312.95986	265.76867	78.05537	313.93516	361.16633	77.88804	225.61233	144.44069	130.05077	174.12917	53.87218	102.7037	177.86147	56.95228	24.1756	118.60588	37.25884	79.85111	288.96472	29.58423	54.19405	218.28	676.01957	31.35241	240.90038	672.94006	-127.16369	310.61579	361.055	32.00809	314.4156	351.48185	-137.80251	288.4489	738.20322	-40.74442	172.36057	47.15987	64.2883	152.79425	47.44516	-171.27849	
113	1.12	133.40397	1122.46598	-61.01749	109.38744	924.10579	-77.60775	246.59149	1049.48303	-48.14807	304.05395	736.08189	-149.90452	272.88707	740.332	68.38462	167.28666	771.58576	-61.7189	308.04184	418.21399	-214.03879	316.34979	354.81232	-277.31158	408.63981	348.31612	-182.6356	310.69984	259.06339	-186.18131	315.0642	352.57735	-183.78559	203.61012	135.78033	-238.29181	156.70278	61.84478	-207.30729	157.3972	49.03785	-133.4704	94.95351	39.59696	-184.90019	268.66558	29.48663	-184.17312	300.88859	432.20876	112.92055	321.02084	361.40527	175.80141	410.08421	357.30949	68.29318	312.95135	265.74637	78.06126	313.93295	361.16635	77.88974	225.61996	144.44304	130.05611	174.13811	53.87693	102.70985	177.86835	56.97225	24.17203	118.63265	37.27314	79.86263	288.98335	29.59851	54.20025	218.2821	676.02854	31.33591	240.91549	672.94211	-127.18566	310.61169	361.0544	32.00994	314.43213	351.47851	-137.80306	288.47051	738.20694	-40.75995	172.3688	47.17258	64.28958	152.80067	47.44831	-171.26866	
114	1.13	133.39165	1122.45062	-61.06737	109.39234	924.11309	-77.64173	246.58695	1049.49014	-48.19254	304.08772	736.08313	-149.92831	272.90533	740.34335	68.37465	167.27014	771.6048	-61.74731	308.06536	418.2155	-214.02804	316.36111	354.79702	-277.30939	408.65235	348.30913	-182.63242	310.72328	259.06698	-186.18374	315.08081	352.56843	-183.78837	203.6088	135.76774	-238.27551	156.69984	61.84462	-207.29737	157.41308	49.04072	-133.45925	94.95055	39.59225	-184.89887	268.67017	29.48327	-184.16471	300.89635	432.21291	112.92351	321.02968	361.40773	175.82341	410.10017	357.31346	68.29767	312.94631	265.72722	78.06575	313.9321	361.16912	77.89664	225.63084	144.44719	130.05756	174.14343	53.87836	102.71328	177.87046	56.98878	24.17096	118.6576	37.28291	79.87195	288.99965	29.61139	54.20542	218.29044	676.03717	31.32105	240.93494	672.94342	-127.20951	310.60682	361.05733	32.01713	314.45132	351.47267	-137.80573	288.49653	738.21324	-40.77683	172.37275	47.18173	64.29059	152.8068	47.44986	-171.25777	
115	1.14	133.37979	1122.42942	-61.11898	109.38339	924.11665	-77.6875	246.58038	1049.4967	-48.23862	304.12018	736.08269	-149.95272	272.92563	740.35364	68.3685	167.26843	771.61643	-61.77745	308.08459	418.20643	-214.02074	316.3713	354.77703	-277.30481	408.65955	348.29848	-182.63154	310.74622	259.06921	-186.18841	315.0961	352.55445	-183.79306	203.60783	135.75373	-238.26133	156.69892	61.84415	-207.29392	157.42365	49.03789	-133.44692	94.95007	39.58485	-184.90315	268.67583	29.47889	-184.15453	300.906	432.21306	112.92865	321.04149	361.4074	175.85021	410.11267	357.31331	68.30379	312.94226	265.71183	78.07092	313.93222	361.17181	77.90906	225.64343	144.45041	130.05794	174.14519	53.87718	102.71416	177.86877	56.99801	24.17098	118.67462	37.28577	79.87773	289.01045	29.61954	54.20984	218.30431	676.04164	31.31111	240.95745	672.94013	-127.2314	310.60198	361.06145	32.0299	314.46904	351.46154	-137.81032	288.5229	738.21817	-40.79211	172.37291	47.18575	64.29071	152.81128	47.44847	-171.24954	
116	1.15	133.37197	1122.40624	-61.17236	109.35535	924.11702	-77.74742	246.57199	1049.49869	-48.28558	304.14915	736.07756	-149.97508	272.94425	740.36071	68.36623	167.2894	771.6148	-61.80609	308.09778	418.18594	-214.01602	316.38064	354.75007	-277.29885	408.66213	348.28309	-182.63339	310.76416	259.06502	-186.19401	315.10823	352.53426	-183.79945	203.60751	135.73877	-238.2517	156.70186	61.84381	-207.29861	157.42665	49.02907	-133.4371	94.96015	39.57758	-184.91795	268.67987	29.47172	-184.14498	300.91554	432.20655	112.93445	321.05267	361.40243	175.87708	410.1214	357.30835	68.31236	312.93442	265.69642	78.07777	313.93121	361.1718	77.92446	225.65678	144.45213	130.05882	174.14482	53.87594	102.71244	177.86668	56.99986	24.16961	118.67847	37.28186	79.8777	289.01573	29.62258	54.21174	218.32317	676.03951	31.30677	240.98363	672.92916	-127.24891	310.59567	361.06378	32.04568	314.48247	351.44452	-137.81661	288.5467	738.21914	-40.80443	172.37182	47.186	64.2887	152.81397	47.44422	-171.24674	
117	1.16	133.3718	1122.38602	-61.2272	109.30756	924.11535	-77.8195	246.56379	1049.49421	-48.33397	304.17548	736.06734	-149.99448	272.95892	740.36417	68.3649	167.33324	771.59747	-61.83022	308.1065	418.15667	-214.014	316.3917	354.71758	-277.29348	408.66269	348.26393	-182.63775	310.77609	259.05249	-186.19906	315.1178	352.50952	-183.80729	203.6098	135.72466	-238.24734	156.70897	61.84414	-207.30919	157.42508	49.01764	-133.43278	94.987	39.5728	-184.94695	268.68176	29.46164	-184.13794	300.92487	432.19463	112.9386	321.06035	361.39307	175.89971	410.12727	357.30028	68.32182	312.92169	265.67877	78.08565	313.92784	361.16809	77.93904	225.6713	144.45471	130.06024	174.14516	53.87699	102.70796	177.8673	56.99748	24.16487	118.66836	37.27349	79.87013	289.01764	29.62316	54.20867	218.34684	676.03043	31.30502	241.01559	672.91017	-127.26249	310.58743	361.06272	32.0606	314.49122	351.42344	-137.82438	288.5672	738.21575	-40.81479	172.37254	47.18535	64.28356	152.81657	47.43909	-171.24974	
118	1.17	133.37995	1122.37251	-61.28365	109.24545	924.11148	-77.89819	246.55782	1049.48377	-48.38523	304.20102	736.054	-150.01144	272.96796	740.3639	68.3605	167.39269	771.56757	-61.848	308.11426	418.12359	-214.01464	316.40694	354.6832	-277.28968	408.66398	348.24286	-182.64349	310.78404	259.03358	-186.20239	315.12695	352.48329	-183.81583	203.61729	135.71438	-238.24701	156.71878	61.84637	-207.32139	157.42545	49.00918	-133.43546	95.02859	39.57149	-184.98938	268.68281	29.45074	-184.13361	300.93423	432.18134	112.94004	321.06284	361.38081	175.91524	410.13121	357.29202	68.32944	312.90915	265.6629	78.09273	313.92353	361.16201	77.94995	225.68669	144.46102	130.0612	174.14854	53.88118	102.70073	177.8712	56.99535	24.15636	118.64945	37.26482	79.85524	289.01807	29.62479	54.19981	218.37291	676.01595	31.30054	241.05349	672.88622	-127.27511	310.58011	361.05955	32.07173	314.49728	351.40109	-137.83288	288.58449	738.20895	-40.82547	172.37647	47.18649	64.27518	152.82164	47.4365	-171.25715	
119	1.18	133.39319	1122.36579	-61.34267	109.18042	924.10536	-77.97599	246.55509	1049.4694	-48.44092	304.22639	736.04073	-150.02721	272.96974	740.36016	68.35008	167.45633	771.53302	-61.85948	308.12355	418.09145	-214.01675	316.42623	354.65036	-277.28672	408.66729	348.22163	-182.64891	310.79172	259.01364	-186.20428	315.13778	352.45833	-183.82422	203.63073	135.7105	-238.24874	156.729	61.85202	-207.33201	157.4336	49.00873	-133.44487	95.07423	39.57307	-185.03868	268.68508	29.44323	-184.13188	300.9424	432.17164	112.93913	321.05953	361.3687	175.92179	410.13346	357.28694	68.33302	312.90446	265.65726	78.09702	313.92139	361.1569	77.95568	225.70046	144.47254	130.06029	174.15523	53.88805	102.69075	177.87666	56.99693	24.14535	118.63104	37.2613	79.83524	289.01735	29.62956	54.18654	218.39616	675.9993	31.28853	241.09379	672.86266	-127.29042	310.57854	361.05772	32.07741	314.50387	351.37986	-137.84124	288.59806	738.20044	-40.83856	172.38275	47.19088	64.26425	152.83089	47.43974	-171.26722	
120	1.19	133.40703	1122.36228	-61.4056	109.12774	924.09877	-78.04555	246.55502	1049.45349	-48.50113	304.2502	736.03016	-150.04248	272.96302	740.35423	68.33306	167.51407	771.50253	-61.8673	308.13436	418.06243	-214.01817	316.44688	354.62102	-277.28308	408.67214	348.20159	-182.6528	310.80268	258.99826	-186.20552	315.15121	352.43615	-183.83166	203.6484	135.71352	-238.25083	156.738	61.86132	-207.3403	157.45137	49.01828	-133.45836	95.1098	39.57546	-185.08407	268.68979	29.4433	-184.13322	300.94656	432.16937	112.93676	321.05098	361.36114	175.91844	410.13311	357.28767	68.33237	312.91264	265.66875	78.09748	313.92376	361.15618	77.95596	225.70868	144.48849	130.05643	174.16348	53.89646	102.67827	177.88167	57.00322	24.13354	118.62161	37.26732	79.81393	289.01509	29.63729	54.17135	218.41095	675.98448	31.26737	241.13073	672.84448	-127.31013	310.58588	361.0602	32.07732	314.51368	351.36108	-137.84864	288.60661	738.19219	-40.85471	172.38937	47.19836	64.25178	152.84437	47.44993	-171.2782	
121	1.2	133.41889	1122.35762	-61.47364	109.10149	924.0925	-78.1022	246.55571	1049.43739	-48.56356	304.26977	736.02241	-150.05608	272.9479	740.3478	68.31152	167.55984	771.48174	-61.87669	308.1461	418.0363	-214.01669	316.46598	354.59587	-277.27769	408.67727	348.18305	-182.65447	310.81818	258.98895	-186.20544	315.16659	352.4168	-183.83691	203.66789	135.72186	-238.25202	156.74544	61.87246	-207.3472	157.47633	49.03573	-133.47131	95.12608	39.57544	-185.11597	268.696	29.45149	-184.13713	300.94391	432.17559	112.93365	321.03857	361.36159	175.90624	410.12825	357.29411	68.3297	312.93332	265.69787	78.09488	313.93067	361.16091	77.95203	225.70842	144.50629	130.04961	174.17084	53.90481	102.66476	177.88542	57.01298	24.12175	118.62384	37.28278	79.79581	289.01188	29.6464	54.15696	218.41357	675.97481	31.23971	241.15857	672.83384	-127.33221	310.60151	361.06692	32.07276	314.52715	351.34447	-137.85386	288.60884	738.1851	-40.87228	172.39465	47.20748	64.23891	152.86065	47.46505	-171.28825	
122	1.21	133.42905	1122.34954	-61.54711	109.10842	924.08286	-78.14567	246.55549	1049.42096	-48.62516	304.28315	736.01516	-150.06602	272.9271	740.34219	68.28884	167.59107	771.47119	-61.89354	308.16003	418.01226	-214.01125	316.48269	354.57488	-277.27108	408.68175	348.16511	-182.65316	310.83636	258.98239	-186.20199	315.18206	352.39947	-183.83872	203.688	135.73324	-238.25177	156.75162	61.88243	-207.35392	157.50391	49.05517	-133.47959	95.12567	39.57101	-185.13237	268.70165	29.46409	-184.1415	300.93347	432.18816	112.92957	321.02368	361.37061	175.88754	410.11744	357.30312	68.32801	312.96159	265.73859	78.09107	313.94021	361.16904	77.94563	225.69954	144.52282	130.04099	174.17576	53.91098	102.65284	177.88812	57.02365	24.10997	118.63458	37.30211	79.78437	289.00995	29.65479	54.14607	218.40464	675.97125	31.21087	241.17452	672.82908	-127.3523	310.62202	361.07461	32.06556	314.54194	351.32884	-137.85563	288.60512	738.17867	-40.88859	172.39801	47.21592	64.22693	152.87758	47.48058	-171.29591	
123	1.22	133.4398	1122.3394	-61.62456	109.14473	924.06541	-78.18022	246.55506	1049.40408	-48.68523	304.29132	736.00678	-150.07251	272.90666	740.33874	68.2667	167.6091	771.46581	-61.9211	308.17831	417.99045	-214.00322	316.49846	354.55797	-277.26598	408.68577	348.14766	-182.64889	310.85391	258.97442	-186.19415	315.19577	352.38423	-183.83758	203.70931	135.74616	-238.25131	156.75661	61.88859	-207.36075	157.52937	49.0689	-133.48229	95.121	39.56475	-185.13894	268.70603	29.47638	-184.1449	300.91725	432.20367	112.92263	321.00748	361.38635	175.86392	410.10149	357.31146	68.32818	312.99122	265.78234	78.08681	313.95004	361.1776	77.93689	225.68461	144.53528	130.03127	174.17862	53.91305	102.64471	177.89002	57.0323	24.0982	118.64897	37.31749	79.78016	289.01147	29.66031	54.14015	218.39138	675.97203	31.18485	241.18215	672.82627	-127.36771	310.64348	361.0798	32.05599	314.55462	351.31436	-137.8545	288.59899	738.17276	-40.90291	172.39987	47.22128	64.21697	152.89287	47.49119	-171.30083	
124	1.23	133.45415	1122.33195	-61.70324	109.19782	924.04207	-78.21332	246.55731	1049.38833	-48.74635	304.2981	735.99902	-150.07936	272.89417	740.33932	68.24346	167.62028	771.45795	-61.95803	308.20116	417.97222	-213.9964	316.5155	354.54595	-277.2663	408.6907	348.13343	-182.64345	310.86825	258.96422	-186.18389	315.20689	352.37327	-183.83645	203.73317	135.76034	-238.25343	156.7602	61.88969	-207.3666	157.54826	49.07114	-133.48219	95.12453	39.56278	-185.1432	268.71038	29.48591	-184.14864	300.89984	432.22058	112.90962	320.9911	361.40657	175.83559	410.08339	357.3191	68.32787	313.0167	265.82225	78.08057	313.9581	361.18565	77.92398	225.66786	144.5419	130.01985	174.18133	53.9104	102.64059	177.89123	57.03655	24.08693	118.66397	37.32383	79.78053	289.01664	29.66158	54.13813	218.38587	675.97421	31.16157	241.19076	672.82238	-127.37995	310.66242	361.08213	32.04231	314.56284	351.30395	-137.85339	288.59614	738.16917	-40.91795	172.40137	47.22204	64.20944	152.9042	47.49318	-171.30381	
125	1.24	133.47436	1122.33246	-61.78036	109.25297	924.02029	-78.25228	246.56434	1049.37619	-48.81131	304.30735	735.99533	-150.09085	272.89425	740.34533	68.21668	167.6338	771.44205	-61.99922	308.22635	417.9593	-213.99436	316.53445	354.53984	-277.27411	408.6979	348.12606	-182.63873	310.87829	258.95408	-186.17461	315.21532	352.3692	-183.83808	203.75949	135.77561	-238.26008	156.76268	61.88588	-207.36948	157.55734	49.06088	-133.48267	95.14021	39.56879	-185.14923	268.71575	29.49257	-184.15474	300.88593	432.23968	112.88871	320.97557	361.42932	175.8039	410.06566	357.32833	68.32415	313.03316	265.85416	78.07072	313.96189	361.19411	77.90604	225.6535	144.54281	130.0067	174.18557	53.90413	102.63964	177.89208	57.03541	24.0774	118.67854	37.32093	79.78266	289.0233	29.65865	54.13817	218.3975	675.97553	31.13875	241.20918	672.81663	-127.39257	310.67475	361.08387	32.02377	314.56613	351.30095	-137.85506	288.6008	738.17033	-40.93709	172.40365	47.21819	64.20455	152.91005	47.48603	-171.30549	
126	1.25	133.5007	1122.34319	-61.85406	109.29955	924.00536	-78.30075	246.57459	1049.36872	-48.87941	304.31968	735.99656	-150.10775	272.90478	740.35637	68.18672	167.65557	771.41679	-62.03857	308.25063	417.95217	-213.99737	316.55218	354.53839	-277.28761	408.70705	348.12595	-182.63404	310.88424	258.94612	-186.16763	315.22048	352.37158	-183.84193	203.78541	135.79011	-238.27026	156.765	61.87832	-207.36773	157.5558	49.04125	-133.48439	95.16194	39.58058	-185.15596	268.72041	29.49656	-184.16253	300.87696	432.26115	112.86243	320.96139	361.45205	175.77384	410.04799	357.33978	68.31664	313.03643	265.87536	78.05885	313.95821	361.20313	77.88622	225.64339	144.53965	129.99448	174.19114	53.89614	102.64209	177.89265	57.0297	24.07157	118.69175	37.31171	79.78689	289.02756	29.65181	54.14056	218.42621	675.975	31.11573	241.23931	672.80896	-127.40692	310.67563	361.08645	32.00364	314.56518	351.30533	-137.85896	288.61223	738.17647	-40.96051	172.40678	47.21108	64.20337	152.91047	47.47195	-171.30537	
127	1.26	133.53142	1122.36168	-61.92324	109.33313	923.9967	-78.35763	246.58402	1049.36494	-48.94679	304.33189	735.99967	-150.12724	272.91827	740.37045	68.15686	167.6842	771.38446	-62.07192	308.27006	417.94845	-214.0027	316.56284	354.53743	-277.30254	408.71607	348.12959	-182.62674	310.8873	258.9407	-186.16134	315.22127	352.37664	-183.84482	203.8061	135.79994	-238.28024	156.76745	61.86842	-207.36096	157.54527	49.01693	-133.48531	95.17787	39.59244	-185.15828	268.72045	29.4976	-184.16861	300.87003	432.28244	112.83695	320.94874	361.47134	175.75225	410.02864	357.35131	68.30767	313.0243	265.88365	78.04952	313.94467	361.21092	77.87037	225.63612	144.53399	129.9875	174.19635	53.88838	102.64947	177.89231	57.02169	24.07139	118.70154	37.29958	79.79601	289.02567	29.64049	54.14782	218.4629	675.97261	31.0945	241.27517	672.7986	-127.42128	310.66149	361.08884	31.98785	314.56119	351.31349	-137.86185	288.62508	738.18506	-40.98519	172.40967	47.20293	64.20749	152.90643	47.45417	-171.30229	
128	1.27	133.56405	1122.38163	-61.98712	109.35464	923.9901	-78.41896	246.59011	1049.36343	-49.01043	304.3399	736.00053	-150.14655	272.92748	740.38525	68.13012	167.71343	771.35077	-62.09863	308.28055	417.94359	-214.00768	316.56368	354.53346	-277.31546	408.72288	348.13291	-182.61558	310.8894	258.93735	-186.15407	315.21785	352.38052	-183.84472	203.81736	135.8011	-238.28658	156.76876	61.85728	-207.35039	157.52936	48.99249	-133.48336	95.17852	39.59913	-185.15171	268.71407	29.49633	-184.17032	300.86083	432.29972	112.81751	320.93818	361.48445	175.7428	410.0077	357.36101	68.29889	312.99797	265.87775	78.0462	313.92138	361.2153	77.86198	225.62912	144.52733	129.98789	174.19982	53.88256	102.66219	177.89011	57.01388	24.07723	118.70632	37.28756	79.8111	289.01682	29.62498	54.16123	218.49586	675.96974	31.07694	241.30732	672.78559	-127.43394	310.63223	361.08914	31.97989	314.55577	351.32138	-137.86168	288.63369	738.19289	-41.00822	172.41111	47.19592	64.21724	152.89908	47.43568	-171.29587	
129	1.28	133.59625	1122.3956	-62.04558	109.36742	923.98078	-78.48107	246.59405	1049.36391	-49.07091	304.34205	735.99721	-150.16538	272.93026	740.39939	68.10649	167.73754	771.32496	-62.12155	308.28024	417.93433	-214.01255	316.55935	354.52712	-277.32604	408.72665	348.13361	-182.60262	310.89305	258.93608	-186.14695	315.21313	352.38188	-183.84331	203.81813	135.792	-238.28899	156.76739	61.84601	-207.33844	157.51339	48.97256	-133.47931	95.16395	39.59782	-185.13745	268.70395	29.49511	-184.16869	300.84708	432.31078	112.80449	320.93022	361.49086	175.74282	409.98803	357.36974	68.2882	312.96268	265.85889	78.04741	313.89126	361.21577	77.85854	225.62147	144.52174	129.99287	174.20158	53.87976	102.6774	177.88541	57.00785	24.08695	118.70692	37.27815	79.82842	289.00411	29.60841	54.17796	218.51671	675.96982	31.06208	241.32776	672.77298	-127.4456	310.59189	361.08683	31.9772	314.55094	351.32666	-137.86018	288.63616	738.1983	-41.02945	172.41069	47.19144	64.23011	152.89031	47.41951	-171.28769	
130	1.29	133.62581	1122.39799	-62.10001	109.3738	923.9657	-78.54234	246.59909	1049.36693	-49.13113	304.33967	735.99051	-150.18513	272.92897	740.41245	68.08282	167.75402	771.31575	-62.14576	308.27165	417.921	-214.02002	316.5588	354.52199	-277.33635	408.7276	348.13094	-182.59175	310.90057	258.93711	-186.14325	315.21121	352.3813	-183.84474	203.81073	135.77417	-238.28995	156.76371	61.8363	-207.32797	157.50212	48.96152	-133.47706	95.14301	39.58759	-185.12198	268.69535	29.49733	-184.1678	300.82866	432.31588	112.79429	320.92418	361.49232	175.7445	409.97422	357.38055	68.27138	312.92689	265.83248	78.04707	313.85976	361.21421	77.85293	225.61434	144.51931	129.9963	174.20265	53.88008	102.69022	177.8783	57.00414	24.09694	118.70538	37.27245	79.84113	288.99286	29.59579	54.19243	218.52278	675.97684	31.04615	241.33308	672.76565	-127.45891	310.54875	361.08386	31.97243	314.54841	351.32841	-137.86157	288.63432	738.20148	-41.05116	172.40875	47.18979	64.24195	152.8827	47.40881	-171.28112	
131	1.3	133.65105	1122.38687	-62.15304	109.37556	923.94513	-78.60251	246.60745	1049.37245	-49.1932	304.33515	735.98255	-150.2071	272.92579	740.42402	68.05561	167.76261	771.32484	-62.1761	308.2613	417.90721	-214.03226	316.56835	354.52057	-277.34832	408.72698	348.12529	-182.58621	310.91236	258.93959	-186.14525	315.21471	352.37972	-183.85189	203.79937	135.75135	-238.29195	156.75979	61.82998	-207.32184	157.49662	48.9615	-133.48083	95.12621	39.57033	-185.11215	268.69216	29.50546	-184.1711	300.80546	432.31634	112.78291	320.91812	361.49175	175.73937	409.97081	357.39619	68.24637	312.89897	265.80688	78.03893	313.83346	361.21398	77.83818	225.60921	144.52048	129.99304	174.20387	53.8824	102.69717	177.86982	57.00233	24.1045	118.70179	37.26949	79.84418	288.98771	29.59107	54.20016	218.51584	675.99159	31.0251	241.3252	672.76622	-127.47649	310.51335	361.0838	31.95833	314.54897	351.32681	-137.86876	288.63047	738.20329	-41.07575	172.40598	47.19005	64.24978	152.87785	47.4056	-171.27971	
132	1.31	133.67225	1122.36535	-62.20739	109.37637	923.92286	-78.66173	246.61842	1049.37905	-49.25683	304.3295	735.97527	-150.23147	272.9197	740.43305	68.02393	167.76334	771.34619	-62.21549	308.25694	417.89791	-214.04887	316.58816	354.52223	-277.36206	408.72654	348.11789	-182.58712	310.92582	258.94117	-186.1522	315.22318	352.37762	-183.8644	203.78811	135.72806	-238.29575	156.75713	61.82784	-207.32233	157.49377	48.97083	-133.49164	95.12056	39.55292	-185.11147	268.69423	29.51865	-184.17855	300.77695	432.3137	112.76832	320.90943	361.49194	175.72259	409.97923	357.41658	68.21566	312.88284	265.78932	78.02094	313.81694	361.21757	77.81168	225.60623	144.52384	129.98202	174.20473	53.88476	102.69789	177.86182	57.00112	24.10849	118.69371	37.26732	79.83717	288.98953	29.59467	54.20019	218.49882	676.01053	30.99723	241.30857	672.7733	-127.4995	310.49351	361.08901	31.93208	314.55187	351.32288	-137.88139	288.6246	738.20416	-41.10377	172.40285	47.1905	64.25291	152.87493	47.4094	-171.28518	
133	1.32	133.6924	1122.34185	-62.26447	109.38075	923.9062	-78.72093	246.62907	1049.3841	-49.31963	304.32172	735.96908	-150.25734	272.90788	740.43821	67.99022	167.75566	771.37155	-62.26435	308.26405	417.89654	-214.06772	316.61429	354.52425	-277.37604	408.72707	348.10948	-182.59296	310.93654	258.9383	-186.16082	315.23361	352.37453	-183.87926	203.77919	135.70786	-238.30049	156.75537	61.82916	-207.33013	157.48908	48.98492	-133.50658	95.12732	39.54453	-185.11901	268.6981	29.5326	-184.18656	300.74405	432.30979	112.75077	320.89623	361.49492	175.69439	409.99587	357.43823	68.1854	312.87711	265.7829	77.99606	313.81085	361.22496	77.77626	225.60471	144.52763	129.96597	174.20329	53.88499	102.69439	177.85616	56.99995	24.10802	118.67904	37.26458	79.82391	288.99449	29.60307	54.19494	218.47342	676.02847	30.96448	241.28617	672.78298	-127.52702	310.49097	361.09846	31.89639	314.55457	351.31727	-137.89643	288.6148	738.20364	-41.13356	172.39927	47.18976	64.25184	152.87156	47.41746	-171.29645	
134	1.33	133.71581	1122.32698	-62.32424	109.39027	923.90502	-78.78177	246.63671	1049.38468	-49.37861	304.31026	735.96227	-150.28352	272.88836	740.43825	67.95828	167.7382	771.39499	-62.32078	308.28384	417.90241	-214.08634	316.64279	354.52395	-277.38815	408.72842	348.09951	-182.60029	310.94171	258.92783	-186.1674	315.24309	352.369	-183.8927	203.77283	135.69182	-238.30452	156.75309	61.83267	-207.34394	157.48012	48.99909	-133.52136	95.1418	39.55027	-185.13036	268.69979	29.5419	-184.19035	300.71041	432.3063	112.73181	320.87901	361.50221	175.65871	410.01415	357.45594	68.16239	312.87884	265.78753	77.96975	313.81372	361.23423	77.73801	225.60417	144.53109	129.94921	174.1973	53.8817	102.68934	177.85348	56.99977	24.10232	118.65918	37.26088	79.81047	288.99725	29.61094	54.18832	218.43994	676.04129	30.93067	241.25858	672.79083	-127.55694	310.50329	361.10867	31.85745	314.55469	351.30916	-137.91006	288.59931	738.20026	-41.16262	172.39448	47.1877	64.24737	152.86578	47.42676	-171.31076	
135	1.34	133.74475	1122.328	-62.38618	109.40192	923.92524	-78.84501	246.64119	1049.37959	-49.43263	304.29504	735.95235	-150.3097	272.86059	740.43229	67.9291	167.70884	771.41317	-62.38178	308.3142	417.91149	-214.1031	316.67225	354.52011	-277.39691	408.73104	348.08705	-182.60587	310.94328	258.91006	-186.17018	315.25174	352.36007	-183.90245	203.76851	135.67905	-238.30717	156.74922	61.83769	-207.36148	157.46754	49.01107	-133.53395	95.15807	39.56847	-185.1413	268.6971	29.5431	-184.18748	300.68106	432.30454	112.7127	320.86077	361.51522	175.61991	410.02869	357.4661	68.14992	312.8874	265.80266	77.94627	313.82446	361.24373	77.70228	225.60527	144.53463	129.93508	174.18662	53.87543	102.68443	177.85246	57.00126	24.09192	118.6392	37.25684	79.80157	288.99508	29.61419	54.18338	218.39857	676.04681	30.89716	241.22634	672.79347	-127.58834	310.52744	361.11652	31.82076	314.5531	351.29772	-137.92003	288.57781	738.19232	-41.1903	172.38783	47.18503	64.2405	152.85738	47.4358	-171.32596	
136	1.35	133.77757	1122.34558	-62.45057	109.41125	923.96208	-78.90947	246.6455	1049.3713	-49.48416	304.27809	735.93897	-150.33684	272.82583	740.42145	67.89871	167.66645	771.42375	-62.44452	308.3518	417.91969	-214.11792	316.70377	354.5133	-277.40277	408.73663	348.07279	-182.60876	310.94673	258.88988	-186.17038	315.26264	352.34891	-183.90946	203.76574	135.66888	-238.31017	156.74427	61.84393	-207.3802	157.45367	49.02167	-133.54592	95.17367	39.59305	-185.14993	268.69158	29.53769	-184.18022	300.66017	432.30616	112.69337	320.84524	361.53547	175.58028	410.03775	357.46948	68.14506	312.90441	265.82783	77.92637	313.84224	361.2535	77.67037	225.60981	144.53982	129.9244	174.17403	53.86876	102.6792	177.85128	57.00347	24.07952	118.62504	37.25455	79.79734	288.9888	29.61195	54.18043	218.35225	676.04531	30.86085	241.19296	672.79013	-127.62232	310.56049	361.12137	31.78777	314.55386	351.28441	-137.92724	288.55196	738.18021	-41.21907	172.37986	47.18261	64.23233	152.84769	47.4448	-171.34153	
137	1.36	133.80956	1122.37448	-62.51898	109.41634	924.00322	-78.97289	246.65352	1049.36501	-49.53754	304.26218	735.92474	-150.36592	272.78746	740.40988	67.86178	167.61244	771.42513	-62.50748	308.39253	417.92471	-214.13146	316.73847	354.50527	-277.40827	408.74699	348.05942	-182.61022	310.95681	258.87399	-186.17111	315.27869	352.33868	-183.91692	203.76398	135.66211	-238.31661	156.74019	61.85104	-207.39762	157.43984	49.03303	-133.5602	95.18742	39.61711	-185.15534	268.68825	29.53191	-184.17353	300.64897	432.31321	112.67326	320.83476	361.56392	175.54046	410.04234	357.47086	68.14105	312.93025	265.86109	77.90823	313.8647	361.2649	77.64025	225.61841	144.54872	129.916	174.16243	53.86478	102.67174	177.84965	57.00518	24.06925	118.62011	37.25731	79.79429	288.98122	29.60711	54.17707	218.30717	676.0396	30.81809	241.16423	672.78247	-127.65968	310.59798	361.12476	31.75661	314.56072	351.27309	-137.93487	288.52482	738.16731	-41.25207	172.37206	47.18135	64.22407	152.83831	47.4546	-171.3576	
138	1.37	133.83486	1122.40633	-62.59333	109.4186	924.03769	-79.03333	246.66578	1049.36397	-49.59371	304.24865	735.91235	-150.39593	272.74869	740.40197	67.8179	167.54946	771.41838	-62.5711	308.43184	417.92584	-214.14317	316.77462	354.49736	-277.41601	408.76148	348.04904	-182.61146	310.97414	258.86596	-186.17406	315.29927	352.33171	-183.92698	203.76213	135.65958	-238.32773	156.73907	61.85853	-207.41198	157.4245	49.04509	-133.57754	95.19643	39.63551	-185.15741	268.69045	29.53078	-184.17006	300.64435	432.326	112.65305	320.82919	361.59954	175.5019	410.04333	357.47479	68.13384	312.96114	265.89804	77.89097	313.8875	361.27863	77.61093	225.62774	144.56191	129.90913	174.15206	53.86521	102.66157	177.84862	57.00629	24.06463	118.62255	37.26654	79.78979	288.97475	29.60424	54.17103	218.26761	676.0332	30.76983	241.14309	672.77281	-127.69852	310.63372	361.1282	31.72639	314.57363	351.26655	-137.94504	288.49867	738.15716	-41.28902	172.36524	47.18206	64.21729	152.8295	47.46481	-171.3736	
139	1.38	133.84928	1122.43267	-62.67361	109.42002	924.05998	-79.08993	246.6778	1049.36597	-49.64793	304.2364	735.90171	-150.42378	272.71025	740.39845	67.77312	167.47997	771.407	-62.63669	308.46646	417.92324	-214.15079	316.80772	354.48916	-277.42656	408.77624	348.04029	-182.61172	310.99536	258.86392	-186.17757	315.32018	352.32704	-183.93866	203.75865	135.65978	-238.34141	156.74149	61.86585	-207.42261	157.40454	49.05393	-133.59487	95.19749	39.64519	-185.15809	268.69535	29.53272	-184.1676	300.6397	432.34151	112.635	320.82648	361.63834	175.46804	410.03922	357.48148	68.12554	312.98994	265.93272	77.87664	313.90566	361.2929	77.58513	225.63129	144.57684	129.90482	174.14113	53.86923	102.65129	177.848	57.00694	24.06634	118.62536	37.2785	79.78465	288.96919	29.60523	54.16299	218.23205	676.02764	30.72219	241.12668	672.76206	-127.73471	310.66135	361.13097	31.69996	314.58853	351.26361	-137.95678	288.47332	738.15008	-41.32533	172.35856	47.18437	64.2136	152.8201	47.47319	-171.38764	
140	1.39	133.85339	1122.44853	-62.75687	109.41985	924.06906	-79.14335	246.68421	1049.36515	-49.69454	304.22324	735.89028	-150.44692	272.67184	740.39674	67.73484	167.40719	771.39323	-62.70391	308.49566	417.91702	-214.15255	316.83402	354.47885	-277.43898	408.78715	348.02924	-182.60928	311.0162	258.86296	-186.17894	315.33714	352.3214	-183.94959	203.75276	135.65886	-238.35424	156.74569	61.872	-207.43005	157.37984	49.05476	-133.60747	95.18967	39.64499	-185.16038	268.69729	29.53227	-184.16252	300.6287	432.35479	112.62055	320.82448	361.67482	175.44222	410.02773	357.48709	68.12023	313.00989	265.95909	77.86756	313.91544	361.30408	77.5664	225.62377	144.5886	129.90414	174.1286	53.87403	102.64436	177.84583	57.0063	24.07174	118.62099	37.28601	79.78091	288.96253	29.60751	54.15579	218.19718	676.02157	30.68197	241.11026	672.74892	-127.76467	310.67639	361.13027	31.6809	314.60091	351.26028	-137.96772	288.44754	738.14351	-41.35604	172.3506	47.18653	64.21333	152.80924	47.47687	-171.39764	
141	1.4	133.85236	1122.45465	-62.83866	109.41523	924.066	-79.19533	246.68401	1049.35699	-49.73308	304.20854	735.87599	-150.46611	272.63513	740.39449	67.70565	167.33651	771.37664	-62.77014	308.52072	417.90657	-214.14984	316.85445	354.46545	-277.45274	408.79353	348.01318	-182.60436	311.03519	258.85943	-186.17777	315.34978	352.31245	-183.95923	203.7456	135.65352	-238.36442	156.74909	61.87568	-207.43564	157.35614	49.04627	-133.61294	95.17631	39.63639	-185.16662	268.69407	29.52665	-184.15467	300.60944	432.36247	112.60796	320.82283	361.70478	175.42455	410.01034	357.48824	68.11802	313.01771	265.97258	77.8627	313.9163	361.30957	77.55423	225.60541	144.59288	129.90552	174.11566	53.87681	102.64142	177.84089	57.00368	24.07668	118.60745	37.28423	79.7784	288.95461	29.60743	54.15103	218.16357	676.01297	30.65174	241.09268	672.73156	-127.78807	310.67824	361.12428	31.66871	314.60975	351.25357	-137.97737	288.42184	738.13524	-41.38023	172.34138	47.18677	64.21469	152.79858	47.47457	-171.40306	
142	1.41	133.85229	1122.45617	-62.9153	109.40451	924.05295	-79.24691	246.68108	1049.34134	-49.76811	304.19435	735.85946	-150.48474	272.60377	740.3917	67.68239	167.27551	771.35794	-62.83195	308.5435	417.89125	-214.14686	316.87495	354.45051	-277.46752	408.79888	347.99325	-182.59974	311.05498	258.85344	-186.17572	315.36257	352.30096	-183.96903	203.74001	135.64353	-238.37222	156.7509	61.8763	-207.44045	157.34209	49.03205	-133.61294	95.16383	39.62333	-185.17733	268.68909	29.51838	-184.14749	300.58518	432.36496	112.5935	320.8227	361.72688	175.41154	409.99346	357.48552	68.11495	313.01413	265.97211	77.85796	313.9111	361.31015	77.54385	225.58202	144.58878	129.90534	174.10516	53.87671	102.64001	177.83453	57.00004	24.07827	118.58979	37.27397	79.77467	288.94843	29.60397	54.14794	218.135	676.00239	30.62859	241.0766	672.711	-127.80797	310.6706	361.11476	31.65855	314.61879	351.24383	-137.98719	288.39906	738.12558	-41.40118	172.33293	47.18512	64.21505	152.79204	47.46786	-171.40527	
143	1.42	133.85593	1122.45918	-62.98539	109.3894	924.03382	-79.29766	246.6805	1049.3215	-49.80428	304.18334	735.84357	-150.50567	272.5802	740.39034	67.66031	167.2325	771.34198	-62.88646	308.56513	417.87176	-214.14786	316.90184	354.43731	-277.48182	408.80829	347.97372	-182.59824	311.07976	258.84799	-186.17395	315.3814	352.29011	-183.97976	203.73948	135.63241	-238.37841	156.75215	61.87477	-207.44471	157.34277	49.01836	-133.61106	95.15584	39.61039	-185.19039	268.68784	29.51269	-184.1437	300.56102	432.36576	112.57431	320.82426	361.742	175.39877	409.98326	357.48274	68.10747	313.00184	265.96092	77.84972	313.90332	361.30897	77.53053	225.56031	144.57939	129.90103	174.09993	53.87577	102.6376	177.82925	56.99789	24.07606	118.57533	37.26041	79.76774	288.94729	29.59914	54.14486	218.11356	675.99393	30.60762	241.06427	672.69199	-127.82803	310.65847	361.10595	31.64557	314.63368	351.23418	-137.99796	288.38177	738.11695	-41.42268	172.32786	47.18376	64.21304	152.79263	47.4603	-171.4062	
144	1.43	133.86199	1122.46717	-63.04941	109.37554	924.01353	-79.34657	246.68468	1049.30125	-49.8429	304.17537	735.8309	-150.52918	272.56354	740.39284	67.63741	167.21423	771.33562	-62.93223	308.58522	417.85027	-214.15483	316.93629	354.42805	-277.49313	408.82406	347.95867	-182.60046	311.11047	258.84553	-186.17208	315.40813	352.28261	-183.99033	203.74707	135.62614	-238.38321	156.7532	61.87289	-207.44855	157.35574	49.01039	-133.60982	95.14937	39.60145	-185.20212	268.69216	29.51257	-184.14333	300.53928	432.36868	112.54992	320.82463	361.75148	175.38408	409.98067	357.48339	68.09539	312.98302	265.94489	77.83761	313.89403	361.30898	77.51311	225.54305	144.56976	129.89282	174.10069	53.87768	102.63379	177.82635	56.99922	24.07123	118.5677	37.24926	79.75795	288.9516	29.59647	54.14072	218.09702	675.99294	30.58656	241.05403	672.67999	-127.8494	310.64478	361.10153	31.62848	314.65663	351.22754	-138.00858	288.36946	738.11187	-41.44588	172.32713	47.18555	64.20906	152.79921	47.45542	-171.40724	
145	1.44	133.86778	1122.47898	-63.10849	109.37083	923.99554	-79.39274	246.69197	1049.28223	-49.88222	304.16693	735.82157	-150.55388	272.55084	740.4005	67.61479	167.22241	771.34255	-62.96936	308.60286	417.82948	-214.16704	316.97329	354.42207	-277.49986	408.84392	347.94907	-182.60491	311.14228	258.84505	-186.16951	315.43844	352.27834	-183.99886	203.76337	135.62953	-238.38662	156.75251	61.87209	-207.45289	157.37291	49.01027	-133.60945	95.13911	39.5989	-185.21089	268.69839	29.51655	-184.14549	300.51813	432.37495	112.52181	320.81916	361.75596	175.36827	409.98193	357.48808	68.08148	312.95887	265.92934	77.82413	313.88209	361.31101	77.49388	225.52862	144.56382	129.883	174.10525	53.88474	102.62961	177.82565	57.00371	24.06509	118.56545	37.24391	79.74749	288.95898	29.59871	54.13566	218.08111	676.00239	30.56681	241.04118	672.6771	-127.87047	310.62993	361.10242	31.60946	314.68363	351.2241	-138.01714	288.35888	738.11104	-41.46954	172.32951	47.19145	64.20427	152.80694	47.45504	-171.40905	
146	1.45	133.87145	1122.49063	-63.16479	109.3804	923.9817	-79.43595	246.6984	1049.26312	-49.91969	304.15401	735.81273	-150.57838	272.53869	740.41215	67.59316	167.2503	771.36016	-62.9997	308.6188	417.81151	-214.18202	317.006	354.41646	-277.50217	408.86437	347.94263	-182.60936	311.16755	258.84158	-186.16654	315.46541	352.27445	-184.00375	203.78487	135.64196	-238.38956	156.74799	61.87264	-207.45953	157.38704	49.01721	-133.60867	95.12384	39.6025	-185.21956	268.70123	29.52039	-184.14961	300.49465	432.38226	112.49226	320.80489	361.75516	175.35331	409.98183	357.49403	68.06942	312.93077	265.91641	77.81199	313.86634	361.31325	77.47609	225.51479	144.56264	129.87412	174.11022	53.89571	102.62597	177.82672	57.00907	24.05809	118.56572	37.24496	79.73875	288.96695	29.60619	54.13088	218.06225	676.02064	30.54981	241.02172	672.68048	-127.88934	310.61358	361.10608	31.59171	314.70776	351.22103	-138.02205	288.34635	738.11244	-41.49261	172.33305	47.19974	64.19929	152.81123	47.45897	-171.41192	
147	1.46	133.87279	1122.49942	-63.22224	109.40274	923.97405	-79.47703	246.70137	1049.2414	-49.95424	304.13547	735.80027	-150.60223	272.524	740.42416	67.57007	167.28385	771.38086	-63.02669	308.63588	417.79692	-214.19752	317.03106	354.40824	-277.5017	408.88453	347.93572	-182.61254	311.1827	258.82961	-186.16482	315.48548	352.26712	-184.00471	203.80587	135.657	-238.39389	156.73898	61.87365	-207.47021	157.39718	49.0281	-133.60654	95.10761	39.60884	-185.23273	268.69843	29.52003	-184.15507	300.46875	432.38604	112.46301	320.78341	361.74865	175.34031	409.97736	357.49698	68.06152	312.90148	265.90467	77.80194	313.84776	361.31251	77.46156	225.50244	144.56475	129.86753	174.1145	53.90667	102.62335	177.82943	57.01285	24.04961	118.56834	37.25047	79.73277	288.97514	29.61644	54.12758	218.03873	676.04228	30.53333	240.99541	672.68435	-127.90633	310.5964	361.10806	31.57707	314.72537	351.21412	-138.02304	288.32973	738.11222	-41.51608	172.33711	47.20725	64.19399	152.81133	47.46527	-171.41629	
148	1.47	133.87275	1122.50573	-63.28496	109.43245	923.97477	-79.51703	246.70236	1049.21672	-49.98754	304.1143	735.78255	-150.62623	272.50542	740.43303	67.54048	167.30815	771.39718	-63.05425	308.65647	417.78478	-214.21297	317.04999	354.39674	-277.50135	408.90505	347.92592	-182.61553	311.19174	258.8089	-186.16748	315.50052	352.25436	-184.00426	203.82239	135.66715	-238.40117	156.72644	61.87389	-207.48502	157.40738	49.03916	-133.60381	95.09597	39.61288	-185.2518	268.69273	29.51451	-184.16127	300.44325	432.38262	112.43457	320.75985	361.73734	175.32865	409.97011	357.49513	68.05683	312.87493	265.89158	77.79231	313.82945	361.30725	77.44924	225.49542	144.56807	129.86254	174.12059	53.91367	102.62189	177.83331	57.01367	24.03902	118.57474	37.25642	79.72846	288.98476	29.62563	54.12573	218.01156	676.06182	30.51147	240.96641	672.68457	-127.92448	310.58056	361.10563	31.56456	314.7385	351.20074	-138.02264	288.30986	738.10779	-41.54287	172.34265	47.21134	64.18814	152.80978	47.47143	-171.4225	
149	1.48	133.87174	1122.51143	-63.35418	109.46448	923.98441	-79.55611	246.70589	1049.19255	-50.02283	304.09537	735.76254	-150.65227	272.48415	740.43822	67.50019	167.31362	771.40556	-63.08493	308.67993	417.77458	-214.22907	317.06556	354.38416	-277.50456	408.92434	347.91332	-182.62088	311.20188	258.78638	-186.17815	315.51401	352.23766	-184.00736	203.83331	135.66901	-238.41176	156.71184	61.87275	-207.5014	157.42054	49.04821	-133.60243	95.09082	39.6113	-185.27252	268.68941	29.50697	-184.16809	300.4205	432.3721	112.40646	320.73849	361.72438	175.3169	409.96446	357.49114	68.05117	312.8545	265.87675	77.78019	313.81412	361.29944	77.43578	225.49648	144.57151	129.85675	174.13106	53.91491	102.62086	177.83683	57.01182	24.02715	118.58394	37.25871	79.72343	288.99588	29.63135	54.12411	217.98437	676.07663	30.47865	240.94105	672.68106	-127.94781	310.5681	361.10024	31.55088	314.75097	351.18202	-138.02581	288.28976	738.10038	-41.57604	172.35017	47.21117	64.18188	152.80871	47.476	-171.43012	
150	1.49	133.86879	1122.51811	-63.42701	109.49531	924.00166	-79.59301	246.71469	1049.17357	-50.06208	304.0811	735.74534	-150.68159	272.46218	740.44224	67.45034	167.29826	771.40544	-63.11846	308.70257	417.76726	-214.24585	317.07776	354.37365	-277.51312	408.93713	347.89933	-182.62988	311.21633	258.77105	-186.19827	315.52621	352.22037	-184.01778	203.83825	135.66413	-238.42443	156.69666	61.87089	-207.51507	157.43443	49.05512	-133.60358	95.08833	39.60543	-185.2868	268.69094	29.50196	-184.17486	300.39973	432.35822	112.37864	320.72001	361.71409	175.30472	409.96283	357.48983	68.0405	312.84091	265.86289	77.76423	313.80178	361.29333	77.41882	225.50366	144.57454	129.8481	174.1443	53.91092	102.6192	177.83761	57.00906	24.01659	118.59168	37.25604	79.71675	289.00529	29.63361	54.12204	217.96118	676.08655	30.43517	240.92362	672.67554	-127.97761	310.55878	361.0961	31.5337	314.76316	351.16138	-138.0363	288.27164	738.09379	-41.61562	172.35762	47.20782	64.17607	152.80771	47.47915	-171.43744	
151	1.5	133.86211	1122.52651	-63.49819	109.52281	924.02491	-79.62555	246.72663	1049.16151	-50.10408	304.06971	735.73348	-150.71277	272.44102	740.44836	67.39852	167.26706	771.39801	-63.15203	308.71985	417.764	-214.26167	317.08406	354.36681	-277.52581	408.93752	347.88466	-182.6408	311.23157	258.76642	-186.22475	315.53352	352.20474	-184.03478	203.83601	135.65611	-238.43656	156.68282	61.86973	-207.52219	157.44365	49.0605	-133.60685	95.08342	39.6005	-185.28845	268.6947	29.50157	-184.17894	300.37819	432.34541	112.35251	320.70325	361.70979	175.29362	409.96337	357.49415	68.02465	312.83216	265.85341	77.74659	313.79038	361.29208	77.39979	225.51102	144.57611	129.83712	174.15488	53.90366	102.61701	177.83398	57.00721	24.01037	118.59267	37.25077	79.71094	289.0076	29.63296	54.121	217.94374	676.09268	30.38903	240.91345	672.66859	-128.00999	310.55014	361.09629	31.51447	314.77093	351.14138	-138.05339	288.25537	738.09092	-41.65713	172.36143	47.20313	64.17227	152.80513	47.48186	-171.44232	
152	1.51	133.85023	1122.53588	-63.56343	109.54664	924.05413	-79.65213	246.73683	1049.15413	-50.14572	304.05824	735.72533	-150.74232	272.4221	740.4586	67.35399	167.23008	771.38672	-63.18217	308.72944	417.76457	-214.27466	317.0823	354.36251	-277.53984	408.92392	347.86938	-182.65049	311.24183	258.76904	-186.25145	315.53231	352.19097	-184.05413	203.82615	135.64799	-238.44562	156.67353	61.87007	-207.52141	157.44454	49.06469	-133.61135	95.07527	39.60074	-185.27757	268.69642	29.50425	-184.17675	300.35475	432.33645	112.32957	320.68811	361.7122	175.28555	409.9629	357.50387	68.00725	312.82608	265.84931	77.73138	313.77853	361.29567	77.38251	225.5133	144.57508	129.82617	174.15812	53.89581	102.61558	177.82678	57.00619	24.0099	118.58396	37.24739	79.71009	288.99922	29.62871	54.12339	217.93122	676.09733	30.35072	240.90647	672.65987	-128.0383	310.54012	361.10046	31.49706	314.76994	351.12289	-138.07285	288.24017	738.09197	-41.69416	172.35966	47.19847	64.17177	152.80084	47.48468	-171.44371	
153	1.52	133.8336	1122.54349	-63.6214	109.56812	924.09084	-79.67303	246.74246	1049.1476	-50.18524	304.04714	735.71783	-150.7679	272.40706	740.47279	67.32136	167.19876	771.37473	-63.20657	308.73302	417.76712	-214.28483	317.07224	354.35773	-277.55321	408.90158	347.85462	-182.65753	311.24622	258.77384	-186.27386	315.5233	352.17834	-184.0719	203.81161	135.64223	-238.45103	156.67295	61.87126	-207.51407	157.43802	49.0675	-133.61712	95.06676	39.60556	-185.25891	268.69507	29.50643	-184.16671	300.33223	432.33228	112.3094	320.67682	361.71952	175.28096	409.96166	357.51771	67.99151	312.82353	265.84883	77.72089	313.76769	361.30205	77.36932	225.51044	144.57143	129.81655	174.15422	53.89023	102.61581	177.81985	57.00413	24.01413	118.56799	37.25036	79.71611	288.98154	29.61977	54.12962	217.92306	676.10223	30.32535	240.90123	672.649	-128.05893	310.52978	361.10641	31.48383	314.76141	351.10635	-138.09071	288.2271	738.09531	-41.72327	172.35438	47.19438	64.17441	152.79743	47.48718	-171.44242	
154	1.53	133.81485	1122.54626	-63.6736	109.58856	924.13642	-79.69039	246.74453	1049.13955	-50.2236	304.041	735.70997	-150.79044	272.39748	740.48935	67.29895	167.18044	771.36091	-63.22464	308.73424	417.76892	-214.29438	317.05601	354.35014	-277.56547	408.87973	347.84306	-182.6633	311.24987	258.77871	-186.29176	315.51176	352.16672	-184.0869	203.79766	135.64081	-238.45456	156.68393	61.87202	-207.50276	157.42815	49.06863	-133.62535	95.06035	39.61109	-185.23792	268.69377	29.50533	-184.15055	300.31548	432.33298	112.28935	320.67306	361.72942	175.27826	409.96337	357.53539	67.9767	312.82864	265.85009	77.71355	313.76148	361.30955	77.35909	225.50757	144.56653	129.80733	174.1482	53.88913	102.61697	177.8184	56.99965	24.02046	118.55145	37.26236	79.72706	288.95954	29.60604	54.13725	217.92178	676.10628	30.31043	240.90243	672.63532	-128.07387	310.52267	361.1128	31.47368	314.75216	351.09272	-138.10571	288.21924	738.09966	-41.74575	172.35074	47.19134	64.17853	152.79825	47.48852	-171.44043	
155	1.54	133.79647	1122.54375	-63.72252	109.60783	924.19077	-79.7067	246.7454	1049.1297	-50.26253	304.04396	735.70277	-150.81225	272.39399	740.50678	67.28255	167.17539	771.34213	-63.23731	308.7351	417.76754	-214.3056	317.03706	354.33961	-277.57713	408.86491	347.83655	-182.67006	311.25783	258.78393	-186.30719	315.50287	352.15658	-184.09999	203.78751	135.64407	-238.45851	156.70567	61.87182	-207.48977	157.41876	49.06816	-133.63718	95.05623	39.61449	-185.21829	268.69608	29.50059	-184.13148	300.307	432.33812	112.26671	320.67897	361.74064	175.27525	409.9706	357.5569	67.95983	312.8447	265.8528	77.70624	313.76226	361.31765	77.34929	225.51	144.56205	129.79691	174.14516	53.89312	102.61731	177.82566	56.99346	24.02661	118.53973	37.28353	79.73932	288.93747	29.58858	54.14332	217.93031	676.1072	30.30061	240.91559	672.61837	-128.08718	310.52129	361.11945	31.46403	314.74821	351.08275	-138.11872	288.21898	738.10478	-41.76485	172.35294	47.19003	64.18213	152.80469	47.48844	-171.43948	
156	1.55	133.77917	1122.53809	-63.76918	109.62552	924.25057	-79.72288	246.74596	1049.11873	-50.30169	304.05439	735.69665	-150.83388	272.39505	740.52421	67.26951	167.17918	771.31909	-63.24636	308.73565	417.76292	-214.31851	317.01783	354.32743	-277.58837	408.85683	347.83402	-182.67815	311.26976	258.78936	-186.32111	315.49741	352.14787	-184.11187	203.78069	135.65047	-238.46341	156.73387	61.87103	-207.47649	157.411	49.06671	-133.65179	95.05351	39.61589	-185.20108	268.70184	29.4935	-184.11169	300.30481	432.34631	112.24166	320.69213	361.75248	175.27131	409.98177	357.58066	67.94062	312.86909	265.8568	77.69811	313.76842	361.32597	77.33918	225.51769	144.55845	129.78535	174.14566	53.90076	102.61636	177.83986	56.98692	24.03186	118.533	37.31092	79.75108	288.91664	29.56912	54.14727	217.94657	676.10515	30.29306	240.93855	672.59923	-128.10029	310.52439	361.12614	31.45414	314.74951	351.07575	-138.13045	288.22472	738.11043	-41.78218	172.36041	47.19042	64.1846	152.81516	47.48748	-171.43985	
