Walking01.mot
version=1
nRows=901
nColumns=19
inDegrees=yes
endheader
time	ground_force1_vx	ground_force1_vy	ground_force1_vz	ground_force1_px	ground_force1_py	ground_force1_pz	ground_force2_vx	ground_force2_vy	ground_force2_vz	ground_force2_px	ground_force2_py	ground_force2_pz	ground_torque1_x	ground_torque1_y	ground_torque1_z	ground_torque2_x	ground_torque2_y	ground_torque2_z
      1.76000000	    -26.15722288	     55.74794312	      7.73402245	     -0.30873387	      0.00000000	      0.06040721	      0.00000000	      0.00000000	      0.00000000	      0.00000000	      0.00000000	      0.00000000	      0.00000000	     -0.01861634	      0.00000000	      0.00000000	      0.00000000	      0.00000000
      1.76100000	    -29.02987954	     64.13577599	      8.18465915	     -0.31147145	      0.00000000	      0.06292671	      0.00000000	      0.00000000	      0.00000000	      0.00000000	      0.00000000	      0.00000000	      0.00000000	     -0.00198020	      0.00000000	      0.00000000	      0.00000000	      0.00000000
      1.76200000	    -32.07209993	     73.42133214	      8.62010916	     -0.31399958	      0.00000000	      0.06518052	      0.00000000	      0.00000000	      0.00000000	      0.00000000	      0.00000000	      0.00000000	      0.00000000	      0.01742028	      0.00000000	      0.00000000	      0.00000000	      0.00000000
      1.76300000	    -35.26250622	     83.61640175	      9.03260177	     -0.31632521	      0.00000000	      0.06719167	      0.00000000	      0.00000000	      0.00000000	      0.00000000	      0.00000000	      0.00000000	      0.00000000	      0.03977147	      0.00000000	      0.00000000	      0.00000000	      0.00000000
      1.76400000	    -38.57142317	     94.71321939	      9.41346610	     -0.31845647	      0.00000000	      0.06898126	      0.00000000	      0.00000000	      0.00000000	      0.00000000	      0.00000000	      0.00000000	      0.00000000	      0.06522040	      0.00000000	      0.00000000	      0.00000000	      0.00000000
      1.76500000	    -41.96018211	    106.68079933	      9.75331435	     -0.32040133	      0.00000000	      0.07056792	      0.00000000	      0.00000000	      0.00000000	      0.00000000	      0.00000000	      0.00000000	      0.00000000	      0.09386641	      0.00000000	      0.00000000	      0.00000000	      0.00000000
      1.76600000	    -45.38046606	    119.46101381	     10.04233192	     -0.32216687	      0.00000000	      0.07196777	      0.00000000	      0.00000000	      0.00000000	      0.00000000	      0.00000000	      0.00000000	      0.00000000	      0.12575064	      0.00000000	      0.00000000	      0.00000000	      0.00000000
      1.76700000	    -48.77393002	    132.96522186	     10.27073306	     -0.32375902	      0.00000000	      0.07319474	      0.00000000	      0.00000000	      0.00000000	      0.00000000	      0.00000000	      0.00000000	      0.00000000	      0.16083975	      0.00000000	      0.00000000	      0.00000000	      0.00000000
      1.76800000	    -52.07233550	    147.07191518	     10.42933505	     -0.32518265	      0.00000000	      0.07426082	      0.00000000	      0.00000000	      0.00000000	      0.00000000	      0.00000000	      0.00000000	      0.00000000	      0.19901051	      0.00000000	      0.00000000	      0.00000000	      0.00000000
      1.76900000	    -55.19802062	    161.62504121	     10.51018336	     -0.32644140	      0.00000000	      0.07517590	      0.00000000	      0.00000000	      0.00000000	      0.00000000	      0.00000000	      0.00000000	      0.00000000	      0.24003080	      0.00000000	      0.00000000	      0.00000000	      0.00000000
      1.77000000	    -58.06452908	    176.43310477	     10.50723551	     -0.32753748	      0.00000000	      0.07594757	      0.00000000	      0.00000000	      0.00000000	      0.00000000	      0.00000000	      0.00000000	      0.00000000	      0.28353302	      0.00000000	      0.00000000	      0.00000000	      0.00000000
      1.77100000	    -60.57798723	    191.27029030	     10.41712280	     -0.32847139	      0.00000000	      0.07658121	      0.00000000	      0.00000000	      0.00000000	      0.00000000	      0.00000000	      0.00000000	      0.00000000	      0.32901514	      0.00000000	      0.00000000	      0.00000000	      0.00000000
      1.77200000	    -62.64028504	    205.88175251	     10.24003400	     -0.32924204	      0.00000000	      0.07708047	      0.00000000	      0.00000000	      0.00000000	      0.00000000	      0.00000000	      0.00000000	      0.00000000	      0.37589016	      0.00000000	      0.00000000	      0.00000000	      0.00000000
      1.77300000	    -64.15504281	    219.99625667	      9.98075967	     -0.32984767	      0.00000000	      0.07744812	      0.00000000	      0.00000000	      0.00000000	      0.00000000	      0.00000000	      0.00000000	      0.00000000	      0.42353888	      0.00000000	      0.00000000	      0.00000000	      0.00000000
      1.77400000	    -65.03743681	    233.34987179	      9.64986149	     -0.33028772	      0.00000000	      0.07768738	      0.00000000	      0.00000000	      0.00000000	      0.00000000	      0.00000000	      0.00000000	      0.00000000	      0.47133251	      0.00000000	      0.00000000	      0.00000000	      0.00000000
      1.77500000	    -65.22843449	    245.72203918	      9.26477332	     -0.33056560	      0.00000000	      0.07780351	      0.00000000	      0.00000000	      0.00000000	      0.00000000	      0.00000000	      0.00000000	      0.00000000	      0.51865160	      0.00000000	      0.00000000	      0.00000000	      0.00000000
      1.77600000	    -64.71108030	    256.97630664	      8.85016702	     -0.33069084	      0.00000000	      0.07780497	      0.00000000	      0.00000000	      0.00000000	      0.00000000	      0.00000000	      0.00000000	      0.00000000	      0.56492139	      0.00000000	      0.00000000	      0.00000000	      0.00000000
      1.77700000	    -63.52196032	    267.08654702	      8.43653981	     -0.33067869	      0.00000000	      0.07770313	      0.00000000	      0.00000000	      0.00000000	      0.00000000	      0.00000000	      0.00000000	      0.00000000	      0.60966185	      0.00000000	      0.00000000	      0.00000000	      0.00000000
      1.77800000	    -61.74998249	    276.13152236	      8.05672710	     -0.33054706	      0.00000000	      0.07751065	      0.00000000	      0.00000000	      0.00000000	      0.00000000	      0.00000000	      0.00000000	      0.00000000	      0.65256952	      0.00000000	      0.00000000	      0.00000000	      0.00000000
      1.77900000	    -59.52154419	    284.26026915	      7.74154175	     -0.33031300	      0.00000000	      0.07723997	      0.00000000	      0.00000000	      0.00000000	      0.00000000	      0.00000000	      0.00000000	      0.00000000	      0.69361570	      0.00000000	      0.00000000	      0.00000000	      0.00000000
      1.78000000	    -56.98024720	    291.64824455	      7.51616164	     -0.32999039	      0.00000000	      0.07690259	      0.00000000	      0.00000000	      0.00000000	      0.00000000	      0.00000000	      0.00000000	      0.00000000	      0.73308157	      0.00000000	      0.00000000	      0.00000000	      0.00000000
      1.78100000	    -54.27010115	    298.46286216	      7.39796636	     -0.32958911	      0.00000000	      0.07650890	      0.00000000	      0.00000000	      0.00000000	      0.00000000	      0.00000000	      0.00000000	      0.00000000	      0.77149114	      0.00000000	      0.00000000	      0.00000000	      0.00000000
      1.78200000	    -51.52505753	    304.84409629	      7.39571579	     -0.32911508	      0.00000000	      0.07606807	      0.00000000	      0.00000000	      0.00000000	      0.00000000	      0.00000000	      0.00000000	      0.00000000	      0.80949293	      0.00000000	      0.00000000	      0.00000000	      0.00000000
      1.78300000	    -48.86347629	    310.89683930	      7.50979631	     -0.32857060	      0.00000000	      0.07558774	      0.00000000	      0.00000000	      0.00000000	      0.00000000	      0.00000000	      0.00000000	      0.00000000	      0.84774643	      0.00000000	      0.00000000	      0.00000000	      0.00000000
      1.78400000	    -46.38571167	    316.69046665	      7.73328390	     -0.32795492	      0.00000000	      0.07507398	      0.00000000	      0.00000000	      0.00000000	      0.00000000	      0.00000000	      0.00000000	      0.00000000	      0.88682359	      0.00000000	      0.00000000	      0.00000000	      0.00000000
      1.78500000	    -44.17369996	    322.26282444	      8.05356121	     -0.32726518	      0.00000000	      0.07453141	      0.00000000	      0.00000000	      0.00000000	      0.00000000	      0.00000000	      0.00000000	      0.00000000	      0.92712000	      0.00000000	      0.00000000	      0.00000000	      0.00000000
      1.78600000	    -42.29185597	    327.62733194	      8.45425831	     -0.32649740	      0.00000000	      0.07396344	      0.00000000	      0.00000000	      0.00000000	      0.00000000	      0.00000000	      0.00000000	      0.00000000	      0.96878111	      0.00000000	      0.00000000	      0.00000000	      0.00000000
      1.78700000	    -40.78877887	    332.78219485	      8.91732346	     -0.32564758	      0.00000000	      0.07337271	      0.00000000	      0.00000000	      0.00000000	      0.00000000	      0.00000000	      0.00000000	      0.00000000	      1.01165433	      0.00000000	      0.00000000	      0.00000000	      0.00000000
      1.78800000	    -39.69939103	    337.72013606	      9.42498886	     -0.32471272	      0.00000000	      0.07276145	      0.00000000	      0.00000000	      0.00000000	      0.00000000	      0.00000000	      0.00000000	      0.00000000	      1.05526748	      0.00000000	      0.00000000	      0.00000000	      0.00000000
      1.78900000	    -39.04714720	    342.43659999	      9.96141432	     -0.32369158	      0.00000000	      0.07213175	      0.00000000	      0.00000000	      0.00000000	      0.00000000	      0.00000000	      0.00000000	      0.00000000	      1.09881944	      0.00000000	      0.00000000	      0.00000000	      0.00000000
      1.79000000	    -38.84597026	    346.93482757	     10.51385033	     -0.32258519	      0.00000000	      0.07148575	      0.00000000	      0.00000000	      0.00000000	      0.00000000	      0.00000000	      0.00000000	      0.00000000	      1.14117980	      0.00000000	      0.00000000	      0.00000000	      0.00000000
      1.79100000	    -39.10168109	    351.22743578	     11.07318380	     -0.32139697	      0.00000000	      0.07082580	      0.00000000	      0.00000000	      0.00000000	      0.00000000	      0.00000000	      0.00000000	      0.00000000	      1.18091829	      0.00000000	      0.00000000	      0.00000000	      0.00000000
      1.79200000	    -39.81284697	    355.33529871	     11.63381712	     -0.32013248	      0.00000000	      0.07015448	      0.00000000	      0.00000000	      0.00000000	      0.00000000	      0.00000000	      0.00000000	      0.00000000	      1.21638412	      0.00000000	      0.00000000	      0.00000000	      0.00000000
      1.79300000	    -40.97111013	    359.28502727	     12.19297813	     -0.31879903	      0.00000000	      0.06947467	      0.00000000	      0.00000000	      0.00000000	      0.00000000	      0.00000000	      0.00000000	      0.00000000	      1.24582967	      0.00000000	      0.00000000	      0.00000000	      0.00000000
      1.79400000	    -42.56113326	    363.10631632	     12.74965561	     -0.31740532	      0.00000000	      0.06878947	      0.00000000	      0.00000000	      0.00000000	      0.00000000	      0.00000000	      0.00000000	      0.00000000	      1.26754857	      0.00000000	      0.00000000	      0.00000000	      0.00000000
      1.79500000	    -44.56038750	    366.82987134	     13.30337209	     -0.31596106	      0.00000000	      0.06810220	      0.00000000	      0.00000000	      0.00000000	      0.00000000	      0.00000000	      0.00000000	      0.00000000	      1.28000170	      0.00000000	      0.00000000	      0.00000000	      0.00000000
      1.79600000	    -46.93905666	    370.48583100	     13.85299388	     -0.31447667	      0.00000000	      0.06741635	      0.00000000	      0.00000000	      0.00000000	      0.00000000	      0.00000000	      0.00000000	      0.00000000	      1.28192408	      0.00000000	      0.00000000	      0.00000000	      0.00000000
      1.79700000	    -49.66024369	    374.10243672	     14.39575852	     -0.31296305	      0.00000000	      0.06673567	      0.00000000	      0.00000000	      0.00000000	      0.00000000	      0.00000000	      0.00000000	      0.00000000	      1.27240937	      0.00000000	      0.00000000	      0.00000000	      0.00000000
      1.79800000	    -52.68057374	    377.70503329	     14.92665488	     -0.31143148	      0.00000000	      0.06606409	      0.00000000	      0.00000000	      0.00000000	      0.00000000	      0.00000000	      0.00000000	      0.00000000	      1.25096289	      0.00000000	      0.00000000	      0.00000000	      0.00000000
      1.79900000	    -55.95119446	    381.31558005	     15.43824672	     -0.30989330	      0.00000000	      0.06540570	      0.00000000	      0.00000000	      0.00000000	      0.00000000	      0.00000000	      0.00000000	      0.00000000	      1.21751756	      0.00000000	      0.00000000	      0.00000000	      0.00000000
      1.80000000	    -59.41907896	    384.95272050	     15.92098341	     -0.30835979	      0.00000000	      0.06476468	      0.00000000	      0.00000000	      0.00000000	      0.00000000	      0.00000000	      0.00000000	      0.00000000	      1.17241402	      0.00000000	      0.00000000	      0.00000000	      0.00000000
      1.80100000	    -63.02857619	    388.63225743	     16.36394417	     -0.30684189	      0.00000000	      0.06414512	      0.00000000	      0.00000000	      0.00000000	      0.00000000	      0.00000000	      0.00000000	      0.00000000	      1.11635363	      0.00000000	      0.00000000	      0.00000000	      0.00000000
      1.80200000	    -66.72319830	    392.36770876	     16.75587271	     -0.30535011	      0.00000000	      0.06355088	      0.00000000	      0.00000000	      0.00000000	      0.00000000	      0.00000000	      0.00000000	      0.00000000	      1.05033711	      0.00000000	      0.00000000	      0.00000000	      0.00000000
      1.80300000	    -70.44756286	    396.17069741	     17.08633363	     -0.30389426	      0.00000000	      0.06298539	      0.00000000	      0.00000000	      0.00000000	      0.00000000	      0.00000000	      0.00000000	      0.00000000	      0.97559728	      0.00000000	      0.00000000	      0.00000000	      0.00000000
      1.80400000	    -74.14933286	    400.05115180	     17.34680144	     -0.30248331	      0.00000000	      0.06245154	      0.00000000	      0.00000000	      0.00000000	      0.00000000	      0.00000000	      0.00000000	      0.00000000	      0.89352974	      0.00000000	      0.00000000	      0.00000000	      0.00000000
      1.80500000	    -77.78093839	    404.01738943	     17.53151399	     -0.30112521	      0.00000000	      0.06195163	      0.00000000	      0.00000000	      0.00000000	      0.00000000	      0.00000000	      0.00000000	      0.00000000	      0.80562633	      0.00000000	      0.00000000	      0.00000000	      0.00000000
      1.80600000	    -81.30086143	    408.07616444	     17.63800119	     -0.29982678	      0.00000000	      0.06148725	      0.00000000	      0.00000000	      0.00000000	      0.00000000	      0.00000000	      0.00000000	      0.00000000	      0.71341793	      0.00000000	      0.00000000	      0.00000000	      0.00000000
      1.80700000	    -84.67434770	    412.23271150	     17.66723270	     -0.29859361	      0.00000000	      0.06105933	      0.00000000	      0.00000000	      0.00000000	      0.00000000	      0.00000000	      0.00000000	      0.00000000	      0.61843059	      0.00000000	      0.00000000	      0.00000000	      0.00000000
      1.80800000	    -87.87350779	    416.49066358	     17.62338042	     -0.29743000	      0.00000000	      0.06066808	      0.00000000	      0.00000000	      0.00000000	      0.00000000	      0.00000000	      0.00000000	      0.00000000	      0.52215363	      0.00000000	      0.00000000	      0.00000000	      0.00000000
      1.80900000	    -90.87689980	    420.85173842	     17.51329159	     -0.29633895	      0.00000000	      0.06031307	      0.00000000	      0.00000000	      0.00000000	      0.00000000	      0.00000000	      0.00000000	      0.00000000	      0.42601814	      0.00000000	      0.00000000	      0.00000000	      0.00000000
      1.81000000	    -93.66881208	    425.31534294	     17.34580140	     -0.29532214	      0.00000000	      0.05999337	      0.00000000	      0.00000000	      0.00000000	      0.00000000	      0.00000000	      0.00000000	      0.00000000	      0.33138381	      0.00000000	      0.00000000	      0.00000000	      0.00000000
      1.81100000	    -96.23848777	    429.87830335	     17.13101027	     -0.29438005	      0.00000000	      0.05970756	      0.00000000	      0.00000000	      0.00000000	      0.00000000	      0.00000000	      0.00000000	      0.00000000	      0.23952570	      0.00000000	      0.00000000	      0.00000000	      0.00000000
      1.81200000	    -98.57946400	    434.53474213	     16.87964825	     -0.29351201	      0.00000000	      0.05945384	      0.00000000	      0.00000000	      0.00000000	      0.00000000	      0.00000000	      0.00000000	      0.00000000	      0.15161553	      0.00000000	      0.00000000	      0.00000000	      0.00000000
      1.81300000	   -100.68909511	    439.27609955	     16.60259620	     -0.29271635	      0.00000000	      0.05923010	      0.00000000	      0.00000000	      0.00000000	      0.00000000	      0.00000000	      0.00000000	      0.00000000	      0.06870253	      0.00000000	      0.00000000	      0.00000000	      0.00000000
      1.81400000	   -102.56824258	    444.09140663	     16.31055618	     -0.29199047	      0.00000000	      0.05903405	      0.00000000	      0.00000000	      0.00000000	      0.00000000	      0.00000000	      0.00000000	      0.00000000	     -0.00830247	      0.00000000	      0.00000000	      0.00000000	      0.00000000
      1.81500000	   -104.22106772	    448.96784175	     16.01380300	     -0.29133103	      0.00000000	      0.05886322	      0.00000000	      0.00000000	      0.00000000	      0.00000000	      0.00000000	      0.00000000	      0.00000000	     -0.07864524	      0.00000000	      0.00000000	      0.00000000	      0.00000000
      1.81600000	   -105.65482724	    453.89138983	     15.72194279	     -0.29073410	      0.00000000	      0.05871506	      0.00000000	      0.00000000	      0.00000000	      0.00000000	      0.00000000	      0.00000000	      0.00000000	     -0.14174721	      0.00000000	      0.00000000	      0.00000000	      0.00000000
      1.81700000	   -106.87955797	    458.84734935	     15.44365883	     -0.29019531	      0.00000000	      0.05858704	      0.00000000	      0.00000000	      0.00000000	      0.00000000	      0.00000000	      0.00000000	      0.00000000	     -0.19721490	      0.00000000	      0.00000000	      0.00000000	      0.00000000
      1.81800000	   -107.90758599	    463.82061751	     15.18644790	     -0.28971006	      0.00000000	      0.05847673	      0.00000000	      0.00000000	      0.00000000	      0.00000000	      0.00000000	      0.00000000	      0.00000000	     -0.24483797	      0.00000000	      0.00000000	      0.00000000	      0.00000000
      1.81900000	   -108.75286498	    468.79588835	     14.95633337	     -0.28927369	      0.00000000	      0.05838193	      0.00000000	      0.00000000	      0.00000000	      0.00000000	      0.00000000	      0.00000000	      0.00000000	     -0.28458576	      0.00000000	      0.00000000	      0.00000000	      0.00000000
      1.82000000	   -109.43021361	    473.75789149	     14.75756589	     -0.28888155	      0.00000000	      0.05830065	      0.00000000	      0.00000000	      0.00000000	      0.00000000	      0.00000000	      0.00000000	      0.00000000	     -0.31660488	      0.00000000	      0.00000000	      0.00000000	      0.00000000
      1.82100000	   -109.95458018	    478.69169250	     14.59236921	     -0.28852917	      0.00000000	      0.05823120	      0.00000000	      0.00000000	      0.00000000	      0.00000000	      0.00000000	      0.00000000	      0.00000000	     -0.34121264	      0.00000000	      0.00000000	      0.00000000	      0.00000000
      1.82200000	   -110.34042989	    483.58298482	     14.46080258	     -0.28821225	      0.00000000	      0.05817215	      0.00000000	      0.00000000	      0.00000000	      0.00000000	      0.00000000	      0.00000000	      0.00000000	     -0.35888482	      0.00000000	      0.00000000	      0.00000000	      0.00000000
      1.82300000	   -110.60128213	    488.41828763	     14.36079058	     -0.28792683	      0.00000000	      0.05812232	      0.00000000	      0.00000000	      0.00000000	      0.00000000	      0.00000000	      0.00000000	      0.00000000	     -0.37023892	      0.00000000	      0.00000000	      0.00000000	      0.00000000
      1.82400000	   -110.74943536	    493.18507921	     14.28831611	     -0.28766932	      0.00000000	      0.05808085	      0.00000000	      0.00000000	      0.00000000	      0.00000000	      0.00000000	      0.00000000	      0.00000000	     -0.37601020	      0.00000000	      0.00000000	      0.00000000	      0.00000000
      1.82500000	   -110.79588788	    497.87196564	     14.23772611	     -0.28743650	      0.00000000	      0.05804714	      0.00000000	      0.00000000	      0.00000000	      0.00000000	      0.00000000	      0.00000000	      0.00000000	     -0.37702234	      0.00000000	      0.00000000	      0.00000000	      0.00000000
      1.82600000	   -110.75039092	    502.46887258	     14.20211409	     -0.28722548	      0.00000000	      0.05802080	      0.00000000	      0.00000000	      0.00000000	      0.00000000	      0.00000000	      0.00000000	      0.00000000	     -0.37415984	      0.00000000	      0.00000000	      0.00000000	      0.00000000
      1.82700000	   -110.62158992	    506.96713236	     14.17375251	     -0.28703372	      0.00000000	      0.05800164	      0.00000000	      0.00000000	      0.00000000	      0.00000000	      0.00000000	      0.00000000	      0.00000000	     -0.36834213	      0.00000000	      0.00000000	      0.00000000	      0.00000000
      1.82800000	   -110.41722595	    511.35938069	     14.14452872	     -0.28685896	      0.00000000	      0.05798957	      0.00000000	      0.00000000	      0.00000000	      0.00000000	      0.00000000	      0.00000000	      0.00000000	     -0.36049369	      0.00000000	      0.00000000	      0.00000000	      0.00000000
      1.82900000	   -110.14432510	    515.63931795	     14.10634934	     -0.28669921	      0.00000000	      0.05798461	      0.00000000	      0.00000000	      0.00000000	      0.00000000	      0.00000000	      0.00000000	      0.00000000	     -0.35151452	      0.00000000	      0.00000000	      0.00000000	      0.00000000
      1.83000000	   -109.80933417	    519.80147907	     14.05148832	     -0.28655268	      0.00000000	      0.05798684	      0.00000000	      0.00000000	      0.00000000	      0.00000000	      0.00000000	      0.00000000	      0.00000000	     -0.34225851	      0.00000000	      0.00000000	      0.00000000	      0.00000000
      1.83100000	   -109.41820623	    523.84109221	     13.97286105	     -0.28641781	      0.00000000	      0.05799635	      0.00000000	      0.00000000	      0.00000000	      0.00000000	      0.00000000	      0.00000000	      0.00000000	     -0.33351647	      0.00000000	      0.00000000	      0.00000000	      0.00000000
      1.83200000	   -108.97641461	    527.75398182	     13.86422791	     -0.28629322	      0.00000000	      0.05801323	      0.00000000	      0.00000000	      0.00000000	      0.00000000	      0.00000000	      0.00000000	      0.00000000	     -0.32599850	      0.00000000	      0.00000000	      0.00000000	      0.00000000
      1.83300000	   -108.48889068	    531.53647539	     13.72033296	     -0.28617772	      0.00000000	      0.05803747	      0.00000000	      0.00000000	      0.00000000	      0.00000000	      0.00000000	      0.00000000	      0.00000000	     -0.32031704	      0.00000000	      0.00000000	      0.00000000	      0.00000000
      1.83400000	   -107.95993170	    535.18532996	     13.53699517	     -0.28607021	      0.00000000	      0.05806900	      0.00000000	      0.00000000	      0.00000000	      0.00000000	      0.00000000	      0.00000000	      0.00000000	     -0.31697467	      0.00000000	      0.00000000	      0.00000000	      0.00000000
      1.83500000	   -107.39311780	    538.69766563	     13.31117233	     -0.28596973	      0.00000000	      0.05810760	      0.00000000	      0.00000000	      0.00000000	      0.00000000	      0.00000000	      0.00000000	      0.00000000	     -0.31635896	      0.00000000	      0.00000000	      0.00000000	      0.00000000
      1.83600000	   -106.79125810	    542.07089921	     13.04098353	     -0.28587545	      0.00000000	      0.05815301	      0.00000000	      0.00000000	      0.00000000	      0.00000000	      0.00000000	      0.00000000	      0.00000000	     -0.31874409	      0.00000000	      0.00000000	      0.00000000	      0.00000000
      1.83700000	   -106.15639436	    545.30269601	     12.72567607	     -0.28578662	      0.00000000	      0.05820485	      0.00000000	      0.00000000	      0.00000000	      0.00000000	      0.00000000	      0.00000000	      0.00000000	     -0.32429554	      0.00000000	      0.00000000	      0.00000000	      0.00000000
      1.83800000	   -105.48989175	    548.39094765	     12.36555920	     -0.28570254	      0.00000000	      0.05826268	      0.00000000	      0.00000000	      0.00000000	      0.00000000	      0.00000000	      0.00000000	      0.00000000	     -0.33307714	      0.00000000	      0.00000000	      0.00000000	      0.00000000
      1.83900000	   -104.79259786	    551.33381302	     11.96193132	     -0.28562258	      0.00000000	      0.05832600	      0.00000000	      0.00000000	      0.00000000	      0.00000000	      0.00000000	      0.00000000	      0.00000000	     -0.34506272	      0.00000000	      0.00000000	      0.00000000	      0.00000000
      1.84000000	   -104.06500508	    554.12979091	     11.51700240	     -0.28554618	      0.00000000	      0.05839424	      0.00000000	      0.00000000	      0.00000000	      0.00000000	      0.00000000	      0.00000000	      0.00000000	     -0.36014813	      0.00000000	      0.00000000	      0.00000000	      0.00000000
      1.84100000	   -103.30740724	    556.77772029	     11.03379907	     -0.28547280	      0.00000000	      0.05846680	      0.00000000	      0.00000000	      0.00000000	      0.00000000	      0.00000000	      0.00000000	      0.00000000	     -0.37815606	      0.00000000	      0.00000000	      0.00000000	      0.00000000
      1.84200000	   -102.52007210	    559.27672562	     10.51605529	     -0.28540197	      0.00000000	      0.05854303	      0.00000000	      0.00000000	      0.00000000	      0.00000000	      0.00000000	      0.00000000	      0.00000000	     -0.39884121	      0.00000000	      0.00000000	      0.00000000	      0.00000000
      1.84300000	   -101.70338780	    561.62618456	      9.96810719	     -0.28533327	      0.00000000	      0.05862229	      0.00000000	      0.00000000	      0.00000000	      0.00000000	      0.00000000	      0.00000000	      0.00000000	     -0.42190591	      0.00000000	      0.00000000	      0.00000000	      0.00000000
      1.84400000	   -100.85795202	    563.82572588	      9.39479912	     -0.28526632	      0.00000000	      0.05870393	      0.00000000	      0.00000000	      0.00000000	      0.00000000	      0.00000000	      0.00000000	      0.00000000	     -0.44701865	      0.00000000	      0.00000000	      0.00000000	      0.00000000
      1.84500000	    -99.98462269	    565.87520873	      8.80140009	     -0.28520075	      0.00000000	      0.05878730	      0.00000000	      0.00000000	      0.00000000	      0.00000000	      0.00000000	      0.00000000	      0.00000000	     -0.47382695	      0.00000000	      0.00000000	      0.00000000	      0.00000000
      1.84600000	    -99.08454511	    567.77464278	      8.19351802	     -0.28513620	      0.00000000	      0.05887171	      0.00000000	      0.00000000	      0.00000000	      0.00000000	      0.00000000	      0.00000000	      0.00000000	     -0.50196765	      0.00000000	      0.00000000	      0.00000000	      0.00000000
      1.84700000	    -98.15915976	    569.52409293	      7.57698941	     -0.28507233	      0.00000000	      0.05895649	      0.00000000	      0.00000000	      0.00000000	      0.00000000	      0.00000000	      0.00000000	      0.00000000	     -0.53107611	      0.00000000	      0.00000000	      0.00000000	      0.00000000
      1.84800000	    -97.21017587	    571.12361816	      6.95775236	     -0.28500882	      0.00000000	      0.05904096	      0.00000000	      0.00000000	      0.00000000	      0.00000000	      0.00000000	      0.00000000	      0.00000000	     -0.56079348	      0.00000000	      0.00000000	      0.00000000	      0.00000000
      1.84900000	    -96.23950027	    572.57326683	      6.34171262	     -0.28494535	      0.00000000	      0.05912449	      0.00000000	      0.00000000	      0.00000000	      0.00000000	      0.00000000	      0.00000000	      0.00000000	     -0.59077437	      0.00000000	      0.00000000	      0.00000000	      0.00000000
      1.85000000	    -95.24915448	    573.87315854	      5.73459576	     -0.28488163	      0.00000000	      0.05920649	      0.00000000	      0.00000000	      0.00000000	      0.00000000	      0.00000000	      0.00000000	      0.00000000	     -0.62069472	      0.00000000	      0.00000000	      0.00000000	      0.00000000
      1.85100000	    -94.24121375	    575.02358947	      5.14180317	     -0.28481736	      0.00000000	      0.05928636	      0.00000000	      0.00000000	      0.00000000	      0.00000000	      0.00000000	      0.00000000	      0.00000000	     -0.65025770	      0.00000000	      0.00000000	      0.00000000	      0.00000000
      1.85200000	    -93.21774979	    576.02504857	      4.56828869	     -0.28475222	      0.00000000	      0.05936356	      0.00000000	      0.00000000	      0.00000000	      0.00000000	      0.00000000	      0.00000000	      0.00000000	     -0.67919893	      0.00000000	      0.00000000	      0.00000000	      0.00000000
      1.85300000	    -92.18075027	    576.87815945	      4.01846064	     -0.28468588	      0.00000000	      0.05943753	      0.00000000	      0.00000000	      0.00000000	      0.00000000	      0.00000000	      0.00000000	      0.00000000	     -0.70729236	      0.00000000	      0.00000000	      0.00000000	      0.00000000
      1.85400000	    -91.13203147	    577.58362272	      3.49612294	     -0.28461802	      0.00000000	      0.05950777	      0.00000000	      0.00000000	      0.00000000	      0.00000000	      0.00000000	      0.00000000	      0.00000000	     -0.73435550	      0.00000000	      0.00000000	      0.00000000	      0.00000000
      1.85500000	    -90.07317139	    578.14216583	      3.00444696	     -0.28454840	      0.00000000	      0.05957383	      0.00000000	      0.00000000	      0.00000000	      0.00000000	      0.00000000	      0.00000000	      0.00000000	     -0.76025074	      0.00000000	      0.00000000	      0.00000000	      0.00000000
      1.85600000	    -89.00547830	    578.55451653	      2.54595445	     -0.28447683	      0.00000000	      0.05963535	      0.00000000	      0.00000000	      0.00000000	      0.00000000	      0.00000000	      0.00000000	      0.00000000	     -0.78488191	      0.00000000	      0.00000000	      0.00000000	      0.00000000
      1.85700000	    -87.92999724	    578.82143859	      2.12251149	     -0.28440313	      0.00000000	      0.05969204	      0.00000000	      0.00000000	      0.00000000	      0.00000000	      0.00000000	      0.00000000	      0.00000000	     -0.80818873	      0.00000000	      0.00000000	      0.00000000	      0.00000000
      1.85800000	    -86.84752966	    578.94379917	      1.73533415	     -0.28432710	      0.00000000	      0.05974367	      0.00000000	      0.00000000	      0.00000000	      0.00000000	      0.00000000	      0.00000000	      0.00000000	     -0.83014308	      0.00000000	      0.00000000	      0.00000000	      0.00000000
      1.85900000	    -85.75865017	    578.92261348	      1.38500878	     -0.28424862	      0.00000000	      0.05979010	      0.00000000	      0.00000000	      0.00000000	      0.00000000	      0.00000000	      0.00000000	      0.00000000	     -0.85074846	      0.00000000	      0.00000000	      0.00000000	      0.00000000
      1.86000000	    -84.66373499	    578.75906171	      1.07152999	     -0.28416758	      0.00000000	      0.05983120	      0.00000000	      0.00000000	      0.00000000	      0.00000000	      0.00000000	      0.00000000	      0.00000000	     -0.87003957	      0.00000000	      0.00000000	      0.00000000	      0.00000000
      1.86100000	    -83.56300649	    578.45448504	      0.79435591	     -0.28408391	      0.00000000	      0.05986692	      0.00000000	      0.00000000	      0.00000000	      0.00000000	      0.00000000	      0.00000000	      0.00000000	     -0.88807762	      0.00000000	      0.00000000	      0.00000000	      0.00000000
      1.86200000	    -82.45658297	    578.01036749	      0.55248013	     -0.28399754	      0.00000000	      0.05989723	      0.00000000	      0.00000000	      0.00000000	      0.00000000	      0.00000000	      0.00000000	      0.00000000	     -0.90494202	      0.00000000	      0.00000000	      0.00000000	      0.00000000
      1.86300000	    -81.34452954	    577.42833444	      0.34450589	     -0.28390837	      0.00000000	      0.05992218	      0.00000000	      0.00000000	      0.00000000	      0.00000000	      0.00000000	      0.00000000	      0.00000000	     -0.92072347	      0.00000000	      0.00000000	      0.00000000	      0.00000000
      1.86400000	    -80.22690327	    576.71018921	      0.16871404	     -0.28381636	      0.00000000	      0.05994186	      0.00000000	      0.00000000	      0.00000000	      0.00000000	      0.00000000	      0.00000000	      0.00000000	     -0.93552167	      0.00000000	      0.00000000	      0.00000000	      0.00000000
      1.86500000	    -79.10378914	    575.85794944	      0.02312983	     -0.28372146	      0.00000000	      0.05995638	      0.00000000	      0.00000000	      0.00000000	      0.00000000	      0.00000000	      0.00000000	      0.00000000	     -0.94944612	      0.00000000	      0.00000000	      0.00000000	      0.00000000
      1.86600000	    -77.97533590	    574.87382790	     -0.09441660	     -0.28362366	      0.00000000	      0.05996590	      0.00000000	      0.00000000	      0.00000000	      0.00000000	      0.00000000	      0.00000000	      0.00000000	     -0.96261488	      0.00000000	      0.00000000	      0.00000000	      0.00000000
      1.86700000	    -76.84178464	    573.76018530	     -0.18623684	     -0.28352298	      0.00000000	      0.05997058	      0.00000000	      0.00000000	      0.00000000	      0.00000000	      0.00000000	      0.00000000	      0.00000000	     -0.97515009	      0.00000000	      0.00000000	      0.00000000	      0.00000000
      1.86800000	    -75.70348200	    572.51949855	     -0.25473517	     -0.28341945	      0.00000000	      0.05997064	      0.00000000	      0.00000000	      0.00000000	      0.00000000	      0.00000000	      0.00000000	      0.00000000	     -0.98717344	      0.00000000	      0.00000000	      0.00000000	      0.00000000
      1.86900000	    -74.56089019	    571.15433115	     -0.30235959	     -0.28331311	      0.00000000	      0.05996631	      0.00000000	      0.00000000	      0.00000000	      0.00000000	      0.00000000	      0.00000000	      0.00000000	     -0.99880329	      0.00000000	      0.00000000	      0.00000000	      0.00000000
      1.87000000	    -73.41459345	    569.66731763	     -0.33154788	     -0.28320399	      0.00000000	      0.05995787	      0.00000000	      0.00000000	      0.00000000	      0.00000000	      0.00000000	      0.00000000	      0.00000000	     -1.01015325	      0.00000000	      0.00000000	      0.00000000	      0.00000000
      1.87100000	    -72.26529958	    568.06118766	     -0.34468585	     -0.28309212	      0.00000000	      0.05994560	      0.00000000	      0.00000000	      0.00000000	      0.00000000	      0.00000000	      0.00000000	      0.00000000	     -1.02133146	      0.00000000	      0.00000000	      0.00000000	      0.00000000
      1.87200000	    -71.11383635	    566.33877991	     -0.34408376	     -0.28297756	      0.00000000	      0.05992986	      0.00000000	      0.00000000	      0.00000000	      0.00000000	      0.00000000	      0.00000000	      0.00000000	     -1.03243934	      0.00000000	      0.00000000	      0.00000000	      0.00000000
      1.87300000	    -69.96113049	    564.50298592	     -0.33195045	     -0.28286037	      0.00000000	      0.05991097	      0.00000000	      0.00000000	      0.00000000	      0.00000000	      0.00000000	      0.00000000	      0.00000000	     -1.04357089	      0.00000000	      0.00000000	      0.00000000	      0.00000000
      1.87400000	    -68.80818154	    562.55665938	     -0.31036835	     -0.28274063	      0.00000000	      0.05988927	      0.00000000	      0.00000000	      0.00000000	      0.00000000	      0.00000000	      0.00000000	      0.00000000	     -1.05481384	      0.00000000	      0.00000000	      0.00000000	      0.00000000
      1.87500000	    -67.65604597	    560.50256741	     -0.28128617	     -0.28261840	      0.00000000	      0.05986509	      0.00000000	      0.00000000	      0.00000000	      0.00000000	      0.00000000	      0.00000000	      0.00000000	     -1.06625076	      0.00000000	      0.00000000	      0.00000000	      0.00000000
      1.87600000	    -66.50581818	    558.34342088	     -0.24651941	     -0.28249380	      0.00000000	      0.05983876	      0.00000000	      0.00000000	      0.00000000	      0.00000000	      0.00000000	      0.00000000	      0.00000000	     -1.07795865	      0.00000000	      0.00000000	      0.00000000	      0.00000000
      1.87700000	    -65.35861118	    556.08198058	     -0.20774305	     -0.28236696	      0.00000000	      0.05981058	      0.00000000	      0.00000000	      0.00000000	      0.00000000	      0.00000000	      0.00000000	      0.00000000	     -1.09000655	      0.00000000	      0.00000000	      0.00000000	      0.00000000
      1.87800000	    -64.21555246	    553.72116729	     -0.16648530	     -0.28223802	      0.00000000	      0.05978085	      0.00000000	      0.00000000	      0.00000000	      0.00000000	      0.00000000	      0.00000000	      0.00000000	     -1.10245182	      0.00000000	      0.00000000	      0.00000000	      0.00000000
      1.87900000	    -63.07778366	    551.26407182	     -0.12413230	     -0.28210711	      0.00000000	      0.05974980	      0.00000000	      0.00000000	      0.00000000	      0.00000000	      0.00000000	      0.00000000	      0.00000000	     -1.11533820	      0.00000000	      0.00000000	      0.00000000	      0.00000000
      1.88000000	    -61.94643985	    548.71386945	     -0.08192768	     -0.28197437	      0.00000000	      0.05971765	      0.00000000	      0.00000000	      0.00000000	      0.00000000	      0.00000000	      0.00000000	      0.00000000	     -1.12869678	      0.00000000	      0.00000000	      0.00000000	      0.00000000
      1.88100000	    -60.82261637	    546.07374322	     -0.04096284	     -0.28183988	      0.00000000	      0.05968460	      0.00000000	      0.00000000	      0.00000000	      0.00000000	      0.00000000	      0.00000000	      0.00000000	     -1.14254633	      0.00000000	      0.00000000	      0.00000000	      0.00000000
      1.88200000	    -59.70734397	    543.34686226	     -0.00218146	     -0.28170367	      0.00000000	      0.05965082	      0.00000000	      0.00000000	      0.00000000	      0.00000000	      0.00000000	      0.00000000	      0.00000000	     -1.15689131	      0.00000000	      0.00000000	      0.00000000	      0.00000000
      1.88300000	    -58.60156592	    540.53637274	      0.03359531	     -0.28156580	      0.00000000	      0.05961645	      0.00000000	      0.00000000	      0.00000000	      0.00000000	      0.00000000	      0.00000000	      0.00000000	     -1.17172128	      0.00000000	      0.00000000	      0.00000000	      0.00000000
      1.88400000	    -57.50611172	    537.64537093	      0.06565001	     -0.28142630	      0.00000000	      0.05958165	      0.00000000	      0.00000000	      0.00000000	      0.00000000	      0.00000000	      0.00000000	      0.00000000	     -1.18701377	      0.00000000	      0.00000000	      0.00000000	      0.00000000
      1.88500000	    -56.42167278	    534.67687159	      0.09336812	     -0.28128525	      0.00000000	      0.05954655	      0.00000000	      0.00000000	      0.00000000	      0.00000000	      0.00000000	      0.00000000	      0.00000000	     -1.20273812	      0.00000000	      0.00000000	      0.00000000	      0.00000000
      1.88600000	    -55.34878795	    531.63377732	      0.11623471	     -0.28114275	      0.00000000	      0.05951135	      0.00000000	      0.00000000	      0.00000000	      0.00000000	      0.00000000	      0.00000000	      0.00000000	     -1.21885838	      0.00000000	      0.00000000	      0.00000000	      0.00000000
      1.88700000	    -54.28784273	    528.51886492	      0.13382085	     -0.28099892	      0.00000000	      0.05947622	      0.00000000	      0.00000000	      0.00000000	      0.00000000	      0.00000000	      0.00000000	      0.00000000	     -1.23533427	      0.00000000	      0.00000000	      0.00000000	      0.00000000
      1.88800000	    -53.23906931	    525.33483656	      0.14576473	     -0.28085390	      0.00000000	      0.05944136	      0.00000000	      0.00000000	      0.00000000	      0.00000000	      0.00000000	      0.00000000	      0.00000000	     -1.25212192	      0.00000000	      0.00000000	      0.00000000	      0.00000000
      1.88900000	    -52.20255093	    522.08441612	      0.15174618	     -0.28070783	      0.00000000	      0.05940697	      0.00000000	      0.00000000	      0.00000000	      0.00000000	      0.00000000	      0.00000000	      0.00000000	     -1.26917625	      0.00000000	      0.00000000	      0.00000000	      0.00000000
      1.89000000	    -51.17824252	    518.77041689	      0.15146912	     -0.28056085	      0.00000000	      0.05937321	      0.00000000	      0.00000000	      0.00000000	      0.00000000	      0.00000000	      0.00000000	      0.00000000	     -1.28645348	      0.00000000	      0.00000000	      0.00000000	      0.00000000
      1.89100000	    -50.16599322	    515.39574615	      0.14466710	     -0.28041317	      0.00000000	      0.05934020	      0.00000000	      0.00000000	      0.00000000	      0.00000000	      0.00000000	      0.00000000	      0.00000000	     -1.30391137	      0.00000000	      0.00000000	      0.00000000	      0.00000000
      1.89200000	    -49.16556213	    511.96332681	      0.13111960	     -0.28026495	      0.00000000	      0.05930801	      0.00000000	      0.00000000	      0.00000000	      0.00000000	      0.00000000	      0.00000000	      0.00000000	     -1.32150669	      0.00000000	      0.00000000	      0.00000000	      0.00000000
      1.89300000	    -48.17662816	    508.47596145	      0.11065570	     -0.28011631	      0.00000000	      0.05927664	      0.00000000	      0.00000000	      0.00000000	      0.00000000	      0.00000000	      0.00000000	      0.00000000	     -1.33919317	      0.00000000	      0.00000000	      0.00000000	      0.00000000
      1.89400000	    -47.19879459	    504.93624037	      0.08314488	     -0.27996730	      0.00000000	      0.05924610	      0.00000000	      0.00000000	      0.00000000	      0.00000000	      0.00000000	      0.00000000	      0.00000000	     -1.35692303	      0.00000000	      0.00000000	      0.00000000	      0.00000000
      1.89500000	    -46.23159930	    501.34655356	      0.04849898	     -0.27981792	      0.00000000	      0.05921638	      0.00000000	      0.00000000	      0.00000000	      0.00000000	      0.00000000	      0.00000000	      0.00000000	     -1.37464930	      0.00000000	      0.00000000	      0.00000000	      0.00000000
      1.89600000	    -45.27453854	    497.70915257	      0.00668442	     -0.27966813	      0.00000000	      0.05918750	      0.00000000	      0.00000000	      0.00000000	      0.00000000	      0.00000000	      0.00000000	      0.00000000	     -1.39232546	      0.00000000	      0.00000000	      0.00000000	      0.00000000
      1.89700000	    -44.32709815	    494.02619313	     -0.04228146	     -0.27951791	      0.00000000	      0.05915951	      0.00000000	      0.00000000	      0.00000000	      0.00000000	      0.00000000	      0.00000000	      0.00000000	     -1.40990345	      0.00000000	      0.00000000	      0.00000000	      0.00000000
      1.89800000	    -43.38878337	    490.29974539	     -0.09835086	     -0.27936721	      0.00000000	      0.05913241	      0.00000000	      0.00000000	      0.00000000	      0.00000000	      0.00000000	      0.00000000	      0.00000000	     -1.42733265	      0.00000000	      0.00000000	      0.00000000	      0.00000000
      1.89900000	    -42.45914393	    486.53176583	     -0.16146335	     -0.27921598	      0.00000000	      0.05910623	      0.00000000	      0.00000000	      0.00000000	      0.00000000	      0.00000000	      0.00000000	      0.00000000	     -1.44456014	      0.00000000	      0.00000000	      0.00000000	      0.00000000
      1.90000000	    -41.53777692	    482.72406109	     -0.23155181	     -0.27906417	      0.00000000	      0.05908105	      0.00000000	      0.00000000	      0.00000000	      0.00000000	      0.00000000	      0.00000000	      0.00000000	     -1.46153292	      0.00000000	      0.00000000	      0.00000000	      0.00000000
      1.90100000	    -40.62430658	    478.87830852	     -0.30854063	     -0.27891173	      0.00000000	      0.05905695	      0.00000000	      0.00000000	      0.00000000	      0.00000000	      0.00000000	      0.00000000	      0.00000000	     -1.47820192	      0.00000000	      0.00000000	      0.00000000	      0.00000000
      1.90200000	    -39.71837688	    474.99609948	     -0.39234435	     -0.27875864	      0.00000000	      0.05903407	      0.00000000	      0.00000000	      0.00000000	      0.00000000	      0.00000000	      0.00000000	      0.00000000	     -1.49452407	      0.00000000	      0.00000000	      0.00000000	      0.00000000
      1.90300000	    -38.81965545	    471.07892764	     -0.48286433	     -0.27860484	      0.00000000	      0.05901253	      0.00000000	      0.00000000	      0.00000000	      0.00000000	      0.00000000	      0.00000000	      0.00000000	     -1.51046309	      0.00000000	      0.00000000	      0.00000000	      0.00000000
      1.90400000	    -37.92782801	    467.12813658	     -0.57998849	     -0.27845030	      0.00000000	      0.05899248	      0.00000000	      0.00000000	      0.00000000	      0.00000000	      0.00000000	      0.00000000	      0.00000000	     -1.52598987	      0.00000000	      0.00000000	      0.00000000	      0.00000000
      1.90500000	    -37.04259538	    463.14488558	     -0.68360869	     -0.27829496	      0.00000000	      0.05897405	      0.00000000	      0.00000000	      0.00000000	      0.00000000	      0.00000000	      0.00000000	      0.00000000	     -1.54108072	      0.00000000	      0.00000000	      0.00000000	      0.00000000
      1.90600000	    -36.16367523	    459.13021837	     -0.79365065	     -0.27813883	      0.00000000	      0.05895741	      0.00000000	      0.00000000	      0.00000000	      0.00000000	      0.00000000	      0.00000000	      0.00000000	     -1.55571476	      0.00000000	      0.00000000	      0.00000000	      0.00000000
      1.90700000	    -35.29079304	    455.08523264	     -0.91009016	     -0.27798195	      0.00000000	      0.05894266	      0.00000000	      0.00000000	      0.00000000	      0.00000000	      0.00000000	      0.00000000	      0.00000000	     -1.56987239	      0.00000000	      0.00000000	      0.00000000	      0.00000000
      1.90800000	    -34.42366134	    451.01116353	     -1.03293297	     -0.27782445	      0.00000000	      0.05892982	      0.00000000	      0.00000000	      0.00000000	      0.00000000	      0.00000000	      0.00000000	      0.00000000	     -1.58353514	      0.00000000	      0.00000000	      0.00000000	      0.00000000
      1.90900000	    -33.56196924	    446.90932515	     -1.16216919	     -0.27766646	      0.00000000	      0.05891891	      0.00000000	      0.00000000	      0.00000000	      0.00000000	      0.00000000	      0.00000000	      0.00000000	     -1.59668572	      0.00000000	      0.00000000	      0.00000000	      0.00000000
      1.91000000	    -32.70540109	    442.78107710	     -1.29774171	     -0.27750812	      0.00000000	      0.05890990	      0.00000000	      0.00000000	      0.00000000	      0.00000000	      0.00000000	      0.00000000	      0.00000000	     -1.60930628	      0.00000000	      0.00000000	      0.00000000	      0.00000000
      1.91100000	    -31.85366493	    438.62788137	     -1.43954571	     -0.27734955	      0.00000000	      0.05890277	      0.00000000	      0.00000000	      0.00000000	      0.00000000	      0.00000000	      0.00000000	      0.00000000	     -1.62137590	      0.00000000	      0.00000000	      0.00000000	      0.00000000
      1.91200000	    -31.00649998	    434.45135880	     -1.58744392	     -0.27719094	      0.00000000	      0.05889746	      0.00000000	      0.00000000	      0.00000000	      0.00000000	      0.00000000	      0.00000000	      0.00000000	     -1.63287216	      0.00000000	      0.00000000	      0.00000000	      0.00000000
      1.91300000	    -30.16366672	    430.25328406	     -1.74128407	     -0.27703244	      0.00000000	      0.05889390	      0.00000000	      0.00000000	      0.00000000	      0.00000000	      0.00000000	      0.00000000	      0.00000000	     -1.64377523	      0.00000000	      0.00000000	      0.00000000	      0.00000000
      1.91400000	    -29.32494560	    426.03555131	     -1.90091163	     -0.27687424	      0.00000000	      0.05889202	      0.00000000	      0.00000000	      0.00000000	      0.00000000	      0.00000000	      0.00000000	      0.00000000	     -1.65407063	      0.00000000	      0.00000000	      0.00000000	      0.00000000
      1.91500000	    -28.49015813	    421.80013042	     -2.06617422	     -0.27671644	      0.00000000	      0.05889177	      0.00000000	      0.00000000	      0.00000000	      0.00000000	      0.00000000	      0.00000000	      0.00000000	     -1.66375008	      0.00000000	      0.00000000	      0.00000000	      0.00000000
      1.91600000	    -27.65919146	    417.54899453	     -2.23692507	     -0.27655917	      0.00000000	      0.05889308	      0.00000000	      0.00000000	      0.00000000	      0.00000000	      0.00000000	      0.00000000	      0.00000000	     -1.67281279	      0.00000000	      0.00000000	      0.00000000	      0.00000000
      1.91700000	    -26.83199852	    413.28405245	     -2.41302706	     -0.27640250	      0.00000000	      0.05889588	      0.00000000	      0.00000000	      0.00000000	      0.00000000	      0.00000000	      0.00000000	      0.00000000	     -1.68126703	      0.00000000	      0.00000000	      0.00000000	      0.00000000
      1.91800000	    -26.00858464	    409.00713403	     -2.59435354	     -0.27624651	      0.00000000	      0.05890010	      0.00000000	      0.00000000	      0.00000000	      0.00000000	      0.00000000	      0.00000000	      0.00000000	     -1.68912941	      0.00000000	      0.00000000	      0.00000000	      0.00000000
      1.91900000	    -25.18901111	    404.72001695	     -2.78078814	     -0.27609126	      0.00000000	      0.05890568	      0.00000000	      0.00000000	      0.00000000	      0.00000000	      0.00000000	      0.00000000	      0.00000000	     -1.69642120	      0.00000000	      0.00000000	      0.00000000	      0.00000000
      1.92000000	    -24.37340477	    400.42447280	     -2.97221647	     -0.27593680	      0.00000000	      0.05891260	      0.00000000	      0.00000000	      0.00000000	      0.00000000	      0.00000000	      0.00000000	      0.00000000	     -1.70316471	      0.00000000	      0.00000000	      0.00000000	      0.00000000
      1.92100000	    -23.56194581	    396.12231938	     -3.16850849	     -0.27578323	      0.00000000	      0.05892083	      0.00000000	      0.00000000	      0.00000000	      0.00000000	      0.00000000	      0.00000000	      0.00000000	     -1.70938212	      0.00000000	      0.00000000	      0.00000000	      0.00000000
      1.92200000	    -22.75483465	    391.81543002	     -3.36950514	     -0.27563065	      0.00000000	      0.05893036	      0.00000000	      0.00000000	      0.00000000	      0.00000000	      0.00000000	      0.00000000	      0.00000000	     -1.71509509	      0.00000000	      0.00000000	      0.00000000	      0.00000000
      1.92300000	    -21.95226175	    387.50568402	     -3.57501446	     -0.27547916	      0.00000000	      0.05894117	      0.00000000	      0.00000000	      0.00000000	      0.00000000	      0.00000000	      0.00000000	      0.00000000	     -1.72032302	      0.00000000	      0.00000000	      0.00000000	      0.00000000
      1.92400000	    -21.15441184	    383.19492135	     -3.78482141	     -0.27532886	      0.00000000	      0.05895328	      0.00000000	      0.00000000	      0.00000000	      0.00000000	      0.00000000	      0.00000000	      0.00000000	     -1.72508075	      0.00000000	      0.00000000	      0.00000000	      0.00000000
      1.92500000	    -20.36149782	    378.88494273	     -3.99870687	     -0.27517981	      0.00000000	      0.05896668	      0.00000000	      0.00000000	      0.00000000	      0.00000000	      0.00000000	      0.00000000	      0.00000000	     -1.72937821	      0.00000000	      0.00000000	      0.00000000	      0.00000000
      1.92600000	    -19.57377194	    374.57751920	     -4.21644746	     -0.27503198	      0.00000000	      0.05898139	      0.00000000	      0.00000000	      0.00000000	      0.00000000	      0.00000000	      0.00000000	      0.00000000	     -1.73322131	      0.00000000	      0.00000000	      0.00000000	      0.00000000
      1.92700000	    -18.79150478	    370.27437729	     -4.43779222	     -0.27488521	      0.00000000	      0.05899745	      0.00000000	      0.00000000	      0.00000000	      0.00000000	      0.00000000	      0.00000000	      0.00000000	     -1.73661258	      0.00000000	      0.00000000	      0.00000000	      0.00000000
      1.92800000	    -18.01497810	    365.97719166	     -4.66243770	     -0.27473934	      0.00000000	      0.05901489	      0.00000000	      0.00000000	      0.00000000	      0.00000000	      0.00000000	      0.00000000	      0.00000000	     -1.73955205	      0.00000000	      0.00000000	      0.00000000	      0.00000000
      1.92900000	    -17.24449679	    361.68761714	     -4.89000393	     -0.27459427	      0.00000000	      0.05903373	      0.00000000	      0.00000000	      0.00000000	      0.00000000	      0.00000000	      0.00000000	      0.00000000	     -1.74203932	      0.00000000	      0.00000000	      0.00000000	      0.00000000
      1.93000000	    -16.48038933	    357.40734709	     -5.12002167	     -0.27444994	      0.00000000	      0.05905396	      0.00000000	      0.00000000	      0.00000000	      0.00000000	      0.00000000	      0.00000000	      0.00000000	     -1.74407409	      0.00000000	      0.00000000	      0.00000000	      0.00000000
      1.93100000	    -15.72300332	    353.13815375	     -5.35194938	     -0.27430634	      0.00000000	      0.05907553	      0.00000000	      0.00000000	      0.00000000	      0.00000000	      0.00000000	      0.00000000	      0.00000000	     -1.74565292	      0.00000000	      0.00000000	      0.00000000	      0.00000000
      1.93200000	    -14.97271285	    348.88184783	     -5.58520884	     -0.27416349	      0.00000000	      0.05909843	      0.00000000	      0.00000000	      0.00000000	      0.00000000	      0.00000000	      0.00000000	      0.00000000	     -1.74676605	      0.00000000	      0.00000000	      0.00000000	      0.00000000
      1.93300000	    -14.22991886	    344.64018344	     -5.81921740	     -0.27402142	      0.00000000	      0.05912263	      0.00000000	      0.00000000	      0.00000000	      0.00000000	      0.00000000	      0.00000000	      0.00000000	     -1.74739866	      0.00000000	      0.00000000	      0.00000000	      0.00000000
      1.93400000	    -13.49502288	    340.41483018	     -6.05340160	     -0.27388018	      0.00000000	      0.05914814	      0.00000000	      0.00000000	      0.00000000	      0.00000000	      0.00000000	      0.00000000	      0.00000000	     -1.74753593	      0.00000000	      0.00000000	      0.00000000	      0.00000000
      1.93500000	    -12.76839410	    336.20743833	     -6.28719514	     -0.27373981	      0.00000000	      0.05917495	      0.00000000	      0.00000000	      0.00000000	      0.00000000	      0.00000000	      0.00000000	      0.00000000	     -1.74716668	      0.00000000	      0.00000000	      0.00000000	      0.00000000
      1.93600000	    -12.05035997	    332.01967620	     -6.52004403	     -0.27360039	      0.00000000	      0.05920308	      0.00000000	      0.00000000	      0.00000000	      0.00000000	      0.00000000	      0.00000000	      0.00000000	     -1.74628048	      0.00000000	      0.00000000	      0.00000000	      0.00000000
      1.93700000	    -11.34121200	    327.85316349	     -6.75142142	     -0.27346201	      0.00000000	      0.05923251	      0.00000000	      0.00000000	      0.00000000	      0.00000000	      0.00000000	      0.00000000	      0.00000000	     -1.74486230	      0.00000000	      0.00000000	      0.00000000	      0.00000000
      1.93800000	    -10.64120403	    323.70938689	     -6.98082871	     -0.27332472	      0.00000000	      0.05926322	      0.00000000	      0.00000000	      0.00000000	      0.00000000	      0.00000000	      0.00000000	      0.00000000	     -1.74289348	      0.00000000	      0.00000000	      0.00000000	      0.00000000
      1.93900000	     -9.95054700	    319.58972266	     -7.20777842	     -0.27318857	      0.00000000	      0.05929523	      0.00000000	      0.00000000	      0.00000000	      0.00000000	      0.00000000	      0.00000000	      0.00000000	     -1.74035747	      0.00000000	      0.00000000	      0.00000000	      0.00000000
      1.94000000	     -9.26941174	    315.49556698	     -7.43178216	     -0.27305366	      0.00000000	      0.05932859	      0.00000000	      0.00000000	      0.00000000	      0.00000000	      0.00000000	      0.00000000	      0.00000000	     -1.73724143	      0.00000000	      0.00000000	      0.00000000	      0.00000000
      1.94100000	     -8.59794198	    311.42845014	     -7.65235375	     -0.27292017	      0.00000000	      0.05936333	      0.00000000	      0.00000000	      0.00000000	      0.00000000	      0.00000000	      0.00000000	      0.00000000	     -1.73353294	      0.00000000	      0.00000000	      0.00000000	      0.00000000
      1.94200000	     -7.93626968	    307.39004229	     -7.86901739	     -0.27278823	      0.00000000	      0.05939947	      0.00000000	      0.00000000	      0.00000000	      0.00000000	      0.00000000	      0.00000000	      0.00000000	     -1.72921831	      0.00000000	      0.00000000	      0.00000000	      0.00000000
      1.94300000	     -7.28451825	    303.38206914	     -8.08132377	     -0.27265793	      0.00000000	      0.05943703	      0.00000000	      0.00000000	      0.00000000	      0.00000000	      0.00000000	      0.00000000	      0.00000000	     -1.72428686	      0.00000000	      0.00000000	      0.00000000	      0.00000000
      1.94400000	     -6.64279278	    299.40618783	     -8.28886978	     -0.27252920	      0.00000000	      0.05947602	      0.00000000	      0.00000000	      0.00000000	      0.00000000	      0.00000000	      0.00000000	      0.00000000	     -1.71873653	      0.00000000	      0.00000000	      0.00000000	      0.00000000
      1.94500000	     -6.01116775	    295.46387430	     -8.49130561	     -0.27240188	      0.00000000	      0.05951642	      0.00000000	      0.00000000	      0.00000000	      0.00000000	      0.00000000	      0.00000000	      0.00000000	     -1.71257556	      0.00000000	      0.00000000	      0.00000000	      0.00000000
      1.94600000	     -5.38969019	    291.55638570	     -8.68833404	     -0.27227574	      0.00000000	      0.05955821	      0.00000000	      0.00000000	      0.00000000	      0.00000000	      0.00000000	      0.00000000	      0.00000000	     -1.70581966	      0.00000000	      0.00000000	      0.00000000	      0.00000000
      1.94700000	     -4.77840535	    287.68483298	     -8.87971065	     -0.27215050	      0.00000000	      0.05960141	      0.00000000	      0.00000000	      0.00000000	      0.00000000	      0.00000000	      0.00000000	      0.00000000	     -1.69848688	      0.00000000	      0.00000000	      0.00000000	      0.00000000
      1.94800000	     -4.17739297	    283.85033283	     -9.06524631	     -0.27202597	      0.00000000	      0.05964605	      0.00000000	      0.00000000	      0.00000000	      0.00000000	      0.00000000	      0.00000000	      0.00000000	     -1.69059262	      0.00000000	      0.00000000	      0.00000000	      0.00000000
      1.94900000	     -3.58680096	    280.05414081	     -9.24481325	     -0.27190206	      0.00000000	      0.05969215	      0.00000000	      0.00000000	      0.00000000	      0.00000000	      0.00000000	      0.00000000	      0.00000000	     -1.68214633	      0.00000000	      0.00000000	      0.00000000	      0.00000000
      1.95000000	     -3.00685082	    276.29768252	     -9.41834582	     -0.27177887	      0.00000000	      0.05973966	      0.00000000	      0.00000000	      0.00000000	      0.00000000	      0.00000000	      0.00000000	      0.00000000	     -1.67315229	      0.00000000	      0.00000000	      0.00000000	      0.00000000
      1.95100000	     -2.43780877	    272.58248194	     -9.58583279	     -0.27165659	      0.00000000	      0.05978852	      0.00000000	      0.00000000	      0.00000000	      0.00000000	      0.00000000	      0.00000000	      0.00000000	     -1.66361477	      0.00000000	      0.00000000	      0.00000000	      0.00000000
      1.95200000	     -1.87995808	    268.91001764	     -9.74729886	     -0.27153552	      0.00000000	      0.05983866	      0.00000000	      0.00000000	      0.00000000	      0.00000000	      0.00000000	      0.00000000	      0.00000000	     -1.65354145	      0.00000000	      0.00000000	      0.00000000	      0.00000000
      1.95300000	     -1.33357595	    265.28159294	     -9.90276610	     -0.27141601	      0.00000000	      0.05989002	      0.00000000	      0.00000000	      0.00000000	      0.00000000	      0.00000000	      0.00000000	      0.00000000	     -1.64294148	      0.00000000	      0.00000000	      0.00000000	      0.00000000
      1.95400000	     -0.79890214	    261.69831972	    -10.05222021	     -0.27129841	      0.00000000	      0.05994260	      0.00000000	      0.00000000	      0.00000000	      0.00000000	      0.00000000	      0.00000000	      0.00000000	     -1.63182253	      0.00000000	      0.00000000	      0.00000000	      0.00000000
      1.95500000	     -0.27612975	    258.16114292	    -10.19561394	     -0.27118302	      0.00000000	      0.05999639	      0.00000000	      0.00000000	      0.00000000	      0.00000000	      0.00000000	      0.00000000	      0.00000000	     -1.62019130	      0.00000000	      0.00000000	      0.00000000	      0.00000000
      1.95600000	      0.23457305	    254.67080332	    -10.33289422	     -0.27107008	      0.00000000	      0.06005143	      0.00000000	      0.00000000	      0.00000000	      0.00000000	      0.00000000	      0.00000000	      0.00000000	     -1.60805687	      0.00000000	      0.00000000	      0.00000000	      0.00000000
      1.95700000	      0.73304488	    251.22780529	    -10.46402415	     -0.27095977	      0.00000000	      0.06010782	      0.00000000	      0.00000000	      0.00000000	      0.00000000	      0.00000000	      0.00000000	      0.00000000	     -1.59543270	      0.00000000	      0.00000000	      0.00000000	      0.00000000
      1.95800000	      1.21913645	    247.83246872	    -10.58899203	     -0.27085221	      0.00000000	      0.06016569	      0.00000000	      0.00000000	      0.00000000	      0.00000000	      0.00000000	      0.00000000	      0.00000000	     -1.58233454	      0.00000000	      0.00000000	      0.00000000	      0.00000000
      1.95900000	      1.69272401	    244.48502573	    -10.70780806	     -0.27074748	      0.00000000	      0.06022521	      0.00000000	      0.00000000	      0.00000000	      0.00000000	      0.00000000	      0.00000000	      0.00000000	     -1.56877849	      0.00000000	      0.00000000	      0.00000000	      0.00000000
      1.96000000	      2.15370298	    241.18569748	    -10.82049389	     -0.27064566	      0.00000000	      0.06028651	      0.00000000	      0.00000000	      0.00000000	      0.00000000	      0.00000000	      0.00000000	      0.00000000	     -1.55478240	      0.00000000	      0.00000000	      0.00000000	      0.00000000
      1.96100000	      2.60196546	    237.93474635	    -10.92707870	     -0.27054687	      0.00000000	      0.06034971	      0.00000000	      0.00000000	      0.00000000	      0.00000000	      0.00000000	      0.00000000	      0.00000000	     -1.54036841	      0.00000000	      0.00000000	      0.00000000	      0.00000000
      1.96200000	      3.03739086	    234.73249904	    -11.02761060	     -0.27045121	      0.00000000	      0.06041486	      0.00000000	      0.00000000	      0.00000000	      0.00000000	      0.00000000	      0.00000000	      0.00000000	     -1.52556394	      0.00000000	      0.00000000	      0.00000000	      0.00000000
      1.96300000	      3.45985803	    231.57930719	    -11.12217665	     -0.27035881	      0.00000000	      0.06048191	      0.00000000	      0.00000000	      0.00000000	      0.00000000	      0.00000000	      0.00000000	      0.00000000	     -1.51040121	      0.00000000	      0.00000000	      0.00000000	      0.00000000
      1.96400000	      3.86925967	    228.47543793	    -11.21091526	     -0.27026971	      0.00000000	      0.06055076	      0.00000000	      0.00000000	      0.00000000	      0.00000000	      0.00000000	      0.00000000	      0.00000000	     -1.49491743	      0.00000000	      0.00000000	      0.00000000	      0.00000000
      1.96500000	      4.26550630	    225.42096325	    -11.29400845	     -0.27018394	      0.00000000	      0.06062133	      0.00000000	      0.00000000	      0.00000000	      0.00000000	      0.00000000	      0.00000000	      0.00000000	     -1.47915475	      0.00000000	      0.00000000	      0.00000000	      0.00000000
      1.96600000	      4.64853050	    222.41577392	    -11.37165777	     -0.27010140	      0.00000000	      0.06069353	      0.00000000	      0.00000000	      0.00000000	      0.00000000	      0.00000000	      0.00000000	      0.00000000	     -1.46315801	      0.00000000	      0.00000000	      0.00000000	      0.00000000
      1.96700000	      5.01829384	    219.45971040	    -11.44406612	     -0.27002191	      0.00000000	      0.06076728	      0.00000000	      0.00000000	      0.00000000	      0.00000000	      0.00000000	      0.00000000	      0.00000000	     -1.44697179	      0.00000000	      0.00000000	      0.00000000	      0.00000000
      1.96800000	      5.37478229	    216.55264142	    -11.51143513	     -0.26994526	      0.00000000	      0.06084241	      0.00000000	      0.00000000	      0.00000000	      0.00000000	      0.00000000	      0.00000000	      0.00000000	     -1.43064065	      0.00000000	      0.00000000	      0.00000000	      0.00000000
      1.96900000	      5.71799074	    213.69443324	    -11.57396479	     -0.26987125	      0.00000000	      0.06091868	      0.00000000	      0.00000000	      0.00000000	      0.00000000	      0.00000000	      0.00000000	      0.00000000	     -1.41421004	      0.00000000	      0.00000000	      0.00000000	      0.00000000
      1.97000000	      6.04791598	    210.88492663	    -11.63183943	     -0.26979974	      0.00000000	      0.06099588	      0.00000000	      0.00000000	      0.00000000	      0.00000000	      0.00000000	      0.00000000	      0.00000000	     -1.39772147	      0.00000000	      0.00000000	      0.00000000	      0.00000000
      1.97100000	      6.36456660	    208.12396672	    -11.68519711	     -0.26973071	      0.00000000	      0.06107385	      0.00000000	      0.00000000	      0.00000000	      0.00000000	      0.00000000	      0.00000000	      0.00000000	     -1.38120565	      0.00000000	      0.00000000	      0.00000000	      0.00000000
      1.97200000	      6.66797565	    205.41141378	    -11.73410689	     -0.26966417	      0.00000000	      0.06115246	      0.00000000	      0.00000000	      0.00000000	      0.00000000	      0.00000000	      0.00000000	      0.00000000	     -1.36468268	      0.00000000	      0.00000000	      0.00000000	      0.00000000
      1.97300000	      6.95820475	    202.74713197	    -11.77857351	     -0.26960014	      0.00000000	      0.06123159	      0.00000000	      0.00000000	      0.00000000	      0.00000000	      0.00000000	      0.00000000	      0.00000000	     -1.34816860	      0.00000000	      0.00000000	      0.00000000	      0.00000000
      1.97400000	      7.23534853	    200.13098179	    -11.81855369	     -0.26953854	      0.00000000	      0.06131112	      0.00000000	      0.00000000	      0.00000000	      0.00000000	      0.00000000	      0.00000000	      0.00000000	     -1.33167980	      0.00000000	      0.00000000	      0.00000000	      0.00000000
      1.97500000	      7.49953445	    197.56277417	    -11.85398180	     -0.26947913	      0.00000000	      0.06139097	      0.00000000	      0.00000000	      0.00000000	      0.00000000	      0.00000000	      0.00000000	      0.00000000	     -1.31523184	      0.00000000	      0.00000000	      0.00000000	      0.00000000
      1.97600000	      7.75091471	    195.04222235	    -11.88480437	     -0.26942156	      0.00000000	      0.06147103	      0.00000000	      0.00000000	      0.00000000	      0.00000000	      0.00000000	      0.00000000	      0.00000000	     -1.29883719	      0.00000000	      0.00000000	      0.00000000	      0.00000000
      1.97700000	      7.98967154	    192.56897271	    -11.91100352	     -0.26936545	      0.00000000	      0.06155125	      0.00000000	      0.00000000	      0.00000000	      0.00000000	      0.00000000	      0.00000000	      0.00000000	     -1.28250613	      0.00000000	      0.00000000	      0.00000000	      0.00000000
      1.97800000	      8.21602583	    190.14265765	    -11.93261303	     -0.26931043	      0.00000000	      0.06163153	      0.00000000	      0.00000000	      0.00000000	      0.00000000	      0.00000000	      0.00000000	      0.00000000	     -1.26624843	      0.00000000	      0.00000000	      0.00000000	      0.00000000
      1.97900000	      8.43023774	    187.76291076	    -11.94973125	     -0.26925617	      0.00000000	      0.06171172	      0.00000000	      0.00000000	      0.00000000	      0.00000000	      0.00000000	      0.00000000	      0.00000000	     -1.25007285	      0.00000000	      0.00000000	      0.00000000	      0.00000000
      1.98000000	      8.63261230	    185.42939401	    -11.96251465	     -0.26920243	      0.00000000	      0.06179161	      0.00000000	      0.00000000	      0.00000000	      0.00000000	      0.00000000	      0.00000000	      0.00000000	     -1.23398459	      0.00000000	      0.00000000	      0.00000000	      0.00000000
      1.98100000	      8.82349940	    183.14183712	    -11.97115644	     -0.26914912	      0.00000000	      0.06187099	      0.00000000	      0.00000000	      0.00000000	      0.00000000	      0.00000000	      0.00000000	      0.00000000	     -1.21798349	      0.00000000	      0.00000000	      0.00000000	      0.00000000
      1.98200000	      9.00329362	    180.90003244	    -11.97586919	     -0.26909625	      0.00000000	      0.06194967	      0.00000000	      0.00000000	      0.00000000	      0.00000000	      0.00000000	      0.00000000	      0.00000000	     -1.20206659	      0.00000000	      0.00000000	      0.00000000	      0.00000000
      1.98300000	      9.17244311	    178.70378978	    -11.97687465	     -0.26904384	      0.00000000	      0.06202755	      0.00000000	      0.00000000	      0.00000000	      0.00000000	      0.00000000	      0.00000000	      0.00000000	     -1.18623291	      0.00000000	      0.00000000	      0.00000000	      0.00000000
      1.98400000	      9.33144647	    176.55288762	    -11.97438700	     -0.26899190	      0.00000000	      0.06210457	      0.00000000	      0.00000000	      0.00000000	      0.00000000	      0.00000000	      0.00000000	      0.00000000	     -1.17048497	      0.00000000	      0.00000000	      0.00000000	      0.00000000
      1.98500000	      9.48084031	    174.44705051	    -11.96858474	     -0.26894036	      0.00000000	      0.06218065	      0.00000000	      0.00000000	      0.00000000	      0.00000000	      0.00000000	      0.00000000	      0.00000000	     -1.15482821	      0.00000000	      0.00000000	      0.00000000	      0.00000000
      1.98600000	      9.62117770	    172.38598757	    -11.95959498	     -0.26888916	      0.00000000	      0.06225571	      0.00000000	      0.00000000	      0.00000000	      0.00000000	      0.00000000	      0.00000000	      0.00000000	     -1.13926955	      0.00000000	      0.00000000	      0.00000000	      0.00000000
      1.98700000	      9.75300278	    170.36947552	    -11.94750243	     -0.26883833	      0.00000000	      0.06232967	      0.00000000	      0.00000000	      0.00000000	      0.00000000	      0.00000000	      0.00000000	      0.00000000	     -1.12381431	      0.00000000	      0.00000000	      0.00000000	      0.00000000
      1.98800000	      9.87685081	    168.39741307	    -11.93236907	     -0.26878802	      0.00000000	      0.06240249	      0.00000000	      0.00000000	      0.00000000	      0.00000000	      0.00000000	      0.00000000	      0.00000000	     -1.10846548	      0.00000000	      0.00000000	      0.00000000	      0.00000000
      1.98900000	      9.99325144	    166.46981526	    -11.91425153	     -0.26873850	      0.00000000	      0.06247414	      0.00000000	      0.00000000	      0.00000000	      0.00000000	      0.00000000	      0.00000000	      0.00000000	     -1.09322598	      0.00000000	      0.00000000	      0.00000000	      0.00000000
      1.99000000	     10.10271643	    164.58678968	    -11.89321093	     -0.26869005	      0.00000000	      0.06254462	      0.00000000	      0.00000000	      0.00000000	      0.00000000	      0.00000000	      0.00000000	      0.00000000	     -1.07810095	      0.00000000	      0.00000000	      0.00000000	      0.00000000
      1.99100000	     10.20574087	    162.74851880	    -11.86932251	     -0.26864295	      0.00000000	      0.06261387	      0.00000000	      0.00000000	      0.00000000	      0.00000000	      0.00000000	      0.00000000	      0.00000000	     -1.06309977	      0.00000000	      0.00000000	      0.00000000	      0.00000000
      1.99200000	     10.30281163	    160.95519864	    -11.84269143	     -0.26859748	      0.00000000	      0.06268183	      0.00000000	      0.00000000	      0.00000000	      0.00000000	      0.00000000	      0.00000000	      0.00000000	     -1.04823653	      0.00000000	      0.00000000	      0.00000000	      0.00000000
      1.99300000	     10.39440180	    159.20692029	    -11.81346303	     -0.26855381	      0.00000000	      0.06274842	      0.00000000	      0.00000000	      0.00000000	      0.00000000	      0.00000000	      0.00000000	      0.00000000	     -1.03352957	      0.00000000	      0.00000000	      0.00000000	      0.00000000
      1.99400000	     10.48096225	    157.50359919	    -11.78182639	     -0.26851194	      0.00000000	      0.06281363	      0.00000000	      0.00000000	      0.00000000	      0.00000000	      0.00000000	      0.00000000	      0.00000000	     -1.01900218	      0.00000000	      0.00000000	      0.00000000	      0.00000000
      1.99500000	     10.56292609	    155.84504505	    -11.74801139	     -0.26847169	      0.00000000	      0.06287740	      0.00000000	      0.00000000	      0.00000000	      0.00000000	      0.00000000	      0.00000000	      0.00000000	     -1.00468182	      0.00000000	      0.00000000	      0.00000000	      0.00000000
      1.99600000	     10.64072625	    154.23108852	    -11.71226781	     -0.26843277	      0.00000000	      0.06293957	      0.00000000	      0.00000000	      0.00000000	      0.00000000	      0.00000000	      0.00000000	      0.00000000	     -0.99059604	      0.00000000	      0.00000000	      0.00000000	      0.00000000
      1.99700000	     10.71480442	    152.66158317	    -11.67484612	     -0.26839486	      0.00000000	      0.06299991	      0.00000000	      0.00000000	      0.00000000	      0.00000000	      0.00000000	      0.00000000	      0.00000000	     -0.97676829	      0.00000000	      0.00000000	      0.00000000	      0.00000000
      1.99800000	     10.78559945	    151.13628746	    -11.63600353	     -0.26835765	      0.00000000	      0.06305825	      0.00000000	      0.00000000	      0.00000000	      0.00000000	      0.00000000	      0.00000000	      0.00000000	     -0.96321586	      0.00000000	      0.00000000	      0.00000000	      0.00000000
      1.99900000	     10.85353553	    149.65481570	    -11.59600934	     -0.26832090	      0.00000000	      0.06311450	      0.00000000	      0.00000000	      0.00000000	      0.00000000	      0.00000000	      0.00000000	      0.00000000	     -0.94995028	      0.00000000	      0.00000000	      0.00000000	      0.00000000
      2.00000000	     10.91901944	    148.21672121	    -11.55513050	     -0.26828455	      0.00000000	      0.06316868	      0.00000000	      0.00000000	      0.00000000	      0.00000000	      0.00000000	      0.00000000	      0.00000000	     -0.93697945	      0.00000000	      0.00000000	      0.00000000	      0.00000000
      2.00100000	     10.98243369	    146.82158584	    -11.51361450	     -0.26824864	      0.00000000	      0.06322080	      0.00000000	      0.00000000	      0.00000000	      0.00000000	      0.00000000	      0.00000000	      0.00000000	     -0.92430974	      0.00000000	      0.00000000	      0.00000000	      0.00000000
      2.00200000	     11.04412285	    145.46901723	    -11.47168233	     -0.26821317	      0.00000000	      0.06327086	      0.00000000	      0.00000000	      0.00000000	      0.00000000	      0.00000000	      0.00000000	      0.00000000	     -0.91194660	      0.00000000	      0.00000000	      0.00000000	      0.00000000
      2.00300000	     11.10438290	    144.15860646	    -11.42953371	     -0.26817814	      0.00000000	      0.06331888	      0.00000000	      0.00000000	      0.00000000	      0.00000000	      0.00000000	      0.00000000	      0.00000000	     -0.89989484	      0.00000000	      0.00000000	      0.00000000	      0.00000000
      2.00400000	     11.16344397	    142.88992581	    -11.38734967	     -0.26814350	      0.00000000	      0.06336486	      0.00000000	      0.00000000	      0.00000000	      0.00000000	      0.00000000	      0.00000000	      0.00000000	     -0.88815853	      0.00000000	      0.00000000	      0.00000000	      0.00000000
      2.00500000	     11.22143145	    141.66254752	    -11.34527342	     -0.26810923	      0.00000000	      0.06340882	      0.00000000	      0.00000000	      0.00000000	      0.00000000	      0.00000000	      0.00000000	      0.00000000	     -0.87674021	      0.00000000	      0.00000000	      0.00000000	      0.00000000
      2.00600000	     11.27833358	    140.47606115	    -11.30338468	     -0.26807531	      0.00000000	      0.06345080	      0.00000000	      0.00000000	      0.00000000	      0.00000000	      0.00000000	      0.00000000	      0.00000000	     -0.86564062	      0.00000000	      0.00000000	      0.00000000	      0.00000000
      2.00700000	     11.33400894	    139.33011235	    -11.26168410	     -0.26804165	      0.00000000	      0.06349087	      0.00000000	      0.00000000	      0.00000000	      0.00000000	      0.00000000	      0.00000000	      0.00000000	     -0.85485997	      0.00000000	      0.00000000	      0.00000000	      0.00000000
      2.00800000	     11.38821022	    138.22445430	    -11.22007847	     -0.26800804	      0.00000000	      0.06352911	      0.00000000	      0.00000000	      0.00000000	      0.00000000	      0.00000000	      0.00000000	      0.00000000	     -0.84439776	      0.00000000	      0.00000000	      0.00000000	      0.00000000
      2.00900000	     11.44059198	    137.15898353	    -11.17836921	     -0.26797411	      0.00000000	      0.06356554	      0.00000000	      0.00000000	      0.00000000	      0.00000000	      0.00000000	      0.00000000	      0.00000000	     -0.83424942	      0.00000000	      0.00000000	      0.00000000	      0.00000000
      2.01000000	     11.49072139	    136.13374373	    -11.13626006	     -0.26793943	      0.00000000	      0.06360006	      0.00000000	      0.00000000	      0.00000000	      0.00000000	      0.00000000	      0.00000000	      0.00000000	     -0.82440368	      0.00000000	      0.00000000	      0.00000000	      0.00000000
      2.01100000	     11.53811173	    135.14888108	    -11.09337597	     -0.26790367	      0.00000000	      0.06363244	      0.00000000	      0.00000000	      0.00000000	      0.00000000	      0.00000000	      0.00000000	      0.00000000	     -0.81484241	      0.00000000	      0.00000000	      0.00000000	      0.00000000
      2.01200000	     11.58225829	    134.20457521	    -11.04927671	     -0.26786672	      0.00000000	      0.06366242	      0.00000000	      0.00000000	      0.00000000	      0.00000000	      0.00000000	      0.00000000	      0.00000000	     -0.80553993	      0.00000000	      0.00000000	      0.00000000	      0.00000000
      2.01300000	     11.62265951	    133.30101309	    -11.00346017	     -0.26782865	      0.00000000	      0.06368975	      0.00000000	      0.00000000	      0.00000000	      0.00000000	      0.00000000	      0.00000000	      0.00000000	     -0.79646205	      0.00000000	      0.00000000	      0.00000000	      0.00000000
      2.01400000	     11.65883151	    132.43839976	    -10.95535768	     -0.26778961	      0.00000000	      0.06371418	      0.00000000	      0.00000000	      0.00000000	      0.00000000	      0.00000000	      0.00000000	      0.00000000	     -0.78756844	      0.00000000	      0.00000000	      0.00000000	      0.00000000
      2.01500000	     11.69033144	    131.61695186	    -10.90433451	     -0.26774963	      0.00000000	      0.06373548	      0.00000000	      0.00000000	      0.00000000	      0.00000000	      0.00000000	      0.00000000	      0.00000000	     -0.77881672	      0.00000000	      0.00000000	      0.00000000	      0.00000000
      2.01600000	     11.71679167	    130.83690076	    -10.84970740	     -0.26770861	      0.00000000	      0.06375337	      0.00000000	      0.00000000	      0.00000000	      0.00000000	      0.00000000	      0.00000000	      0.00000000	     -0.77016571	      0.00000000	      0.00000000	      0.00000000	      0.00000000
      2.01700000	     11.73793551	    130.09851873	    -10.79077866	     -0.26766634	      0.00000000	      0.06376749	      0.00000000	      0.00000000	      0.00000000	      0.00000000	      0.00000000	      0.00000000	      0.00000000	     -0.76157619	      0.00000000	      0.00000000	      0.00000000	      0.00000000
      2.01800000	     11.75355773	    129.40211093	    -10.72686891	     -0.26762256	      0.00000000	      0.06377738	      0.00000000	      0.00000000	      0.00000000	      0.00000000	      0.00000000	      0.00000000	      0.00000000	     -0.75300925	      0.00000000	      0.00000000	      0.00000000	      0.00000000
      2.01900000	     11.76350879	    128.74797014	    -10.65732734	     -0.26757701	      0.00000000	      0.06378266	      0.00000000	      0.00000000	      0.00000000	      0.00000000	      0.00000000	      0.00000000	      0.00000000	     -0.74442423	      0.00000000	      0.00000000	      0.00000000	      0.00000000
      2.02000000	     11.76770643	    128.13633147	    -10.58154753	     -0.26752946	      0.00000000	      0.06378304	      0.00000000	      0.00000000	      0.00000000	      0.00000000	      0.00000000	      0.00000000	      0.00000000	     -0.73577845	      0.00000000	      0.00000000	      0.00000000	      0.00000000
      2.02100000	     11.76615144	    127.56735243	    -10.49903093	     -0.26747989	      0.00000000	      0.06377835	      0.00000000	      0.00000000	      0.00000000	      0.00000000	      0.00000000	      0.00000000	      0.00000000	     -0.72703016	      0.00000000	      0.00000000	      0.00000000	      0.00000000
      2.02200000	     11.75894420	    127.04112578	    -10.40946376	     -0.26742850	      0.00000000	      0.06376843	      0.00000000	      0.00000000	      0.00000000	      0.00000000	      0.00000000	      0.00000000	      0.00000000	     -0.71814321	      0.00000000	      0.00000000	      0.00000000	      0.00000000
      2.02300000	     11.74630061	    126.55765737	    -10.31274381	     -0.26737556	      0.00000000	      0.06375313	      0.00000000	      0.00000000	      0.00000000	      0.00000000	      0.00000000	      0.00000000	      0.00000000	     -0.70908877	      0.00000000	      0.00000000	      0.00000000	      0.00000000
      2.02400000	     11.72854975	    126.11678971	    -10.20895984	     -0.26732120	      0.00000000	      0.06373235	      0.00000000	      0.00000000	      0.00000000	      0.00000000	      0.00000000	      0.00000000	      0.00000000	     -0.69984349	      0.00000000	      0.00000000	      0.00000000	      0.00000000
      2.02500000	     11.70613001	    125.71819550	    -10.09835878	     -0.26726545	      0.00000000	      0.06370608	      0.00000000	      0.00000000	      0.00000000	      0.00000000	      0.00000000	      0.00000000	      0.00000000	     -0.69039066	      0.00000000	      0.00000000	      0.00000000	      0.00000000
      2.02600000	     11.67959559	    125.36147591	     -9.98130984	     -0.26720834	      0.00000000	      0.06367436	      0.00000000	      0.00000000	      0.00000000	      0.00000000	      0.00000000	      0.00000000	      0.00000000	     -0.68072346	      0.00000000	      0.00000000	      0.00000000	      0.00000000
      2.02700000	     11.64960262	    125.04622711	     -9.85826902	     -0.26715001	      0.00000000	      0.06363722	      0.00000000	      0.00000000	      0.00000000	      0.00000000	      0.00000000	      0.00000000	      0.00000000	     -0.67084242	      0.00000000	      0.00000000	      0.00000000	      0.00000000
      2.02800000	     11.61686577	    124.77200206	     -9.72974838	     -0.26709080	      0.00000000	      0.06359470	      0.00000000	      0.00000000	      0.00000000	      0.00000000	      0.00000000	      0.00000000	      0.00000000	     -0.66074829	      0.00000000	      0.00000000	      0.00000000	      0.00000000
      2.02900000	     11.58211931	    124.53826199	     -9.59628038	     -0.26703118	      0.00000000	      0.06354694	      0.00000000	      0.00000000	      0.00000000	      0.00000000	      0.00000000	      0.00000000	      0.00000000	     -0.65044085	      0.00000000	      0.00000000	      0.00000000	      0.00000000
      2.03000000	     11.54609534	    124.34440058	     -9.45837084	     -0.26697164	      0.00000000	      0.06349418	      0.00000000	      0.00000000	      0.00000000	      0.00000000	      0.00000000	      0.00000000	      0.00000000	     -0.63992484	      0.00000000	      0.00000000	      0.00000000	      0.00000000
      2.03100000	     11.50950258	    124.18978703	     -9.31645180	     -0.26691261	      0.00000000	      0.06343670	      0.00000000	      0.00000000	      0.00000000	      0.00000000	      0.00000000	      0.00000000	      0.00000000	     -0.62921204	      0.00000000	      0.00000000	      0.00000000	      0.00000000
      2.03200000	     11.47300693	    124.07376843	     -9.17085421	     -0.26685438	      0.00000000	      0.06337479	      0.00000000	      0.00000000	      0.00000000	      0.00000000	      0.00000000	      0.00000000	      0.00000000	     -0.61831546	      0.00000000	      0.00000000	      0.00000000	      0.00000000
      2.03300000	     11.43721425	    123.99566489	     -9.02181054	     -0.26679719	      0.00000000	      0.06330868	      0.00000000	      0.00000000	      0.00000000	      0.00000000	      0.00000000	      0.00000000	      0.00000000	     -0.60724480	      0.00000000	      0.00000000	      0.00000000	      0.00000000
      2.03400000	     11.40265270	    123.95481159	     -8.86947555	     -0.26674128	      0.00000000	      0.06323850	      0.00000000	      0.00000000	      0.00000000	      0.00000000	      0.00000000	      0.00000000	      0.00000000	     -0.59600903	      0.00000000	      0.00000000	      0.00000000	      0.00000000
      2.03500000	     11.36977900	    123.95060345	     -8.71394021	     -0.26668692	      0.00000000	      0.06316423	      0.00000000	      0.00000000	      0.00000000	      0.00000000	      0.00000000	      0.00000000	      0.00000000	     -0.58462178	      0.00000000	      0.00000000	      0.00000000	      0.00000000
      2.03600000	     11.33900962	    123.98245860	     -8.55522654	     -0.26663434	      0.00000000	      0.06308577	      0.00000000	      0.00000000	      0.00000000	      0.00000000	      0.00000000	      0.00000000	      0.00000000	     -0.57310360	      0.00000000	      0.00000000	      0.00000000	      0.00000000
      2.03700000	     11.31074135	    124.04973266	     -8.39327410	     -0.26658378	      0.00000000	      0.06300306	      0.00000000	      0.00000000	      0.00000000	      0.00000000	      0.00000000	      0.00000000	      0.00000000	     -0.56147928	      0.00000000	      0.00000000	      0.00000000	      0.00000000
      2.03800000	     11.28536312	    124.15166207	     -8.22792715	     -0.26653553	      0.00000000	      0.06291608	      0.00000000	      0.00000000	      0.00000000	      0.00000000	      0.00000000	      0.00000000	      0.00000000	     -0.54977359	      0.00000000	      0.00000000	      0.00000000	      0.00000000
      2.03900000	     11.26329305	    124.28734753	     -8.05892056	     -0.26649003	      0.00000000	      0.06282492	      0.00000000	      0.00000000	      0.00000000	      0.00000000	      0.00000000	      0.00000000	      0.00000000	     -0.53801010	      0.00000000	      0.00000000	      0.00000000	      0.00000000
      2.04000000	     11.24503156	    124.45573887	     -7.88587746	     -0.26644768	      0.00000000	      0.06272982	      0.00000000	      0.00000000	      0.00000000	      0.00000000	      0.00000000	      0.00000000	      0.00000000	     -0.52621396	      0.00000000	      0.00000000	      0.00000000	      0.00000000
      2.04100000	     11.23120135	    124.65559798	     -7.70832149	     -0.26640881	      0.00000000	      0.06263109	      0.00000000	      0.00000000	      0.00000000	      0.00000000	      0.00000000	      0.00000000	      0.00000000	     -0.51441666	      0.00000000	      0.00000000	      0.00000000	      0.00000000
      2.04200000	     11.22259327	    124.88550501	     -7.52570023	     -0.26637356	      0.00000000	      0.06252916	      0.00000000	      0.00000000	      0.00000000	      0.00000000	      0.00000000	      0.00000000	      0.00000000	     -0.50265832	      0.00000000	      0.00000000	      0.00000000	      0.00000000
      2.04300000	     11.22024338	    125.14408382	     -7.33747725	     -0.26634196	      0.00000000	      0.06242435	      0.00000000	      0.00000000	      0.00000000	      0.00000000	      0.00000000	      0.00000000	      0.00000000	     -0.49098439	      0.00000000	      0.00000000	      0.00000000	      0.00000000
      2.04400000	     11.22549093	    125.43050325	     -7.14332941	     -0.26631391	      0.00000000	      0.06231670	      0.00000000	      0.00000000	      0.00000000	      0.00000000	      0.00000000	      0.00000000	      0.00000000	     -0.47943894	      0.00000000	      0.00000000	      0.00000000	      0.00000000
      2.04500000	     11.23988368	    125.74485270	     -6.94331583	     -0.26628922	      0.00000000	      0.06220584	      0.00000000	      0.00000000	      0.00000000	      0.00000000	      0.00000000	      0.00000000	      0.00000000	     -0.46805746	      0.00000000	      0.00000000	      0.00000000	      0.00000000
      2.04600000	     11.26486876	    126.08789485	     -6.73784844	     -0.26626759	      0.00000000	      0.06209123	      0.00000000	      0.00000000	      0.00000000	      0.00000000	      0.00000000	      0.00000000	      0.00000000	     -0.45685914	      0.00000000	      0.00000000	      0.00000000	      0.00000000
      2.04700000	     11.30143887	    126.46034973	     -6.52751176	     -0.26624864	      0.00000000	      0.06197253	      0.00000000	      0.00000000	      0.00000000	      0.00000000	      0.00000000	      0.00000000	      0.00000000	     -0.44584263	      0.00000000	      0.00000000	      0.00000000	      0.00000000
      2.04800000	     11.34995697	    126.86236392	     -6.31294693	     -0.26623198	      0.00000000	      0.06184993	      0.00000000	      0.00000000	      0.00000000	      0.00000000	      0.00000000	      0.00000000	      0.00000000	     -0.43498908	      0.00000000	      0.00000000	      0.00000000	      0.00000000
      2.04900000	     11.41019766	    127.29355584	     -6.09489973	     -0.26621718	      0.00000000	      0.06172400	      0.00000000	      0.00000000	      0.00000000	      0.00000000	      0.00000000	      0.00000000	      0.00000000	     -0.42427031	      0.00000000	      0.00000000	      0.00000000	      0.00000000
      2.05000000	     11.48150295	    127.75346166	     -5.87430736	     -0.26620376	      0.00000000	      0.06159550	      0.00000000	      0.00000000	      0.00000000	      0.00000000	      0.00000000	      0.00000000	      0.00000000	     -0.41365828	      0.00000000	      0.00000000	      0.00000000	      0.00000000
      2.05100000	     11.56292764	    128.24194409	     -5.65227404	     -0.26619134	      0.00000000	      0.06146513	      0.00000000	      0.00000000	      0.00000000	      0.00000000	      0.00000000	      0.00000000	      0.00000000	     -0.40313188	      0.00000000	      0.00000000	      0.00000000	      0.00000000
      2.05200000	     11.65331852	    128.75930911	     -5.42993236	     -0.26617966	      0.00000000	      0.06133350	      0.00000000	      0.00000000	      0.00000000	      0.00000000	      0.00000000	      0.00000000	      0.00000000	     -0.39267910	      0.00000000	      0.00000000	      0.00000000	      0.00000000
      2.05300000	     11.75137292	    129.30617887	     -5.20826714	     -0.26616864	      0.00000000	      0.06120107	      0.00000000	      0.00000000	      0.00000000	      0.00000000	      0.00000000	      0.00000000	      0.00000000	     -0.38229489	      0.00000000	      0.00000000	      0.00000000	      0.00000000
      2.05400000	     11.85571730	    129.88330496	     -4.98797634	     -0.26615816	      0.00000000	      0.06106822	      0.00000000	      0.00000000	      0.00000000	      0.00000000	      0.00000000	      0.00000000	      0.00000000	     -0.37197673	      0.00000000	      0.00000000	      0.00000000	      0.00000000
      2.05500000	     11.96499631	    130.49144916	     -4.76940957	     -0.26614806	      0.00000000	      0.06093517	      0.00000000	      0.00000000	      0.00000000	      0.00000000	      0.00000000	      0.00000000	      0.00000000	     -0.36172091	      0.00000000	      0.00000000	      0.00000000	      0.00000000
      2.05600000	     12.07795930	    131.13135987	     -4.55256923	     -0.26613813	      0.00000000	      0.06080195	      0.00000000	      0.00000000	      0.00000000	      0.00000000	      0.00000000	      0.00000000	      0.00000000	     -0.35152043	      0.00000000	      0.00000000	      0.00000000	      0.00000000
      2.05700000	     12.19352851	    131.80381213	     -4.33715644	     -0.26612816	      0.00000000	      0.06066842	      0.00000000	      0.00000000	      0.00000000	      0.00000000	      0.00000000	      0.00000000	      0.00000000	     -0.34136283	      0.00000000	      0.00000000	      0.00000000	      0.00000000
      2.05800000	     12.31084398	    132.50961037	     -4.12266018	     -0.26611800	      0.00000000	      0.06053429	      0.00000000	      0.00000000	      0.00000000	      0.00000000	      0.00000000	      0.00000000	      0.00000000	     -0.33122883	      0.00000000	      0.00000000	      0.00000000	      0.00000000
      2.05900000	     12.42929120	    133.24949344	     -3.90846225	     -0.26610759	      0.00000000	      0.06039920	      0.00000000	      0.00000000	      0.00000000	      0.00000000	      0.00000000	      0.00000000	      0.00000000	     -0.32109502	      0.00000000	      0.00000000	      0.00000000	      0.00000000
      2.06000000	     12.54849155	    134.02399994	     -3.69392379	     -0.26609694	      0.00000000	      0.06026283	      0.00000000	      0.00000000	      0.00000000	      0.00000000	      0.00000000	      0.00000000	      0.00000000	     -0.31093851	      0.00000000	      0.00000000	      0.00000000	      0.00000000
      2.06100000	     12.66826153	    134.83337732	     -3.47844606	     -0.26608617	      0.00000000	      0.06012497	      0.00000000	      0.00000000	      0.00000000	      0.00000000	      0.00000000	      0.00000000	      0.00000000	     -0.30073915	      0.00000000	      0.00000000	      0.00000000	      0.00000000
      2.06200000	     12.78858278	    135.67759615	     -3.26151736	     -0.26607545	      0.00000000	      0.05998559	      0.00000000	      0.00000000	      0.00000000	      0.00000000	      0.00000000	      0.00000000	      0.00000000	     -0.29048062	      0.00000000	      0.00000000	      0.00000000	      0.00000000
      2.06300000	     12.90958261	    136.55644813	     -3.04275840	     -0.26606506	      0.00000000	      0.05984479	      0.00000000	      0.00000000	      0.00000000	      0.00000000	      0.00000000	      0.00000000	      0.00000000	     -0.28015261	      0.00000000	      0.00000000	      0.00000000	      0.00000000
      2.06400000	     13.03150975	    137.46962017	     -2.82195111	     -0.26605524	      0.00000000	      0.05970276	      0.00000000	      0.00000000	      0.00000000	      0.00000000	      0.00000000	      0.00000000	      0.00000000	     -0.26975234	      0.00000000	      0.00000000	      0.00000000	      0.00000000
      2.06500000	     13.15471034	    138.41669633	     -2.59902022	     -0.26604619	      0.00000000	      0.05955966	      0.00000000	      0.00000000	      0.00000000	      0.00000000	      0.00000000	      0.00000000	      0.00000000	     -0.25928268	      0.00000000	      0.00000000	      0.00000000	      0.00000000
      2.06600000	     13.27960881	    139.39711961	     -2.37397613	     -0.26603805	      0.00000000	      0.05941568	      0.00000000	      0.00000000	      0.00000000	      0.00000000	      0.00000000	      0.00000000	      0.00000000	     -0.24874863	      0.00000000	      0.00000000	      0.00000000	      0.00000000
      2.06700000	     13.40669500	    140.41014357	     -2.14685744	     -0.26603091	      0.00000000	      0.05927096	      0.00000000	      0.00000000	      0.00000000	      0.00000000	      0.00000000	      0.00000000	      0.00000000	     -0.23815597	      0.00000000	      0.00000000	      0.00000000	      0.00000000
      2.06800000	     13.53650085	    141.45482990	     -1.91769177	     -0.26602476	      0.00000000	      0.05912563	      0.00000000	      0.00000000	      0.00000000	      0.00000000	      0.00000000	      0.00000000	      0.00000000	     -0.22750967	      0.00000000	      0.00000000	      0.00000000	      0.00000000
      2.06900000	     13.66955890	    142.53016255	     -1.68647752	     -0.26601951	      0.00000000	      0.05897972	      0.00000000	      0.00000000	      0.00000000	      0.00000000	      0.00000000	      0.00000000	      0.00000000	     -0.21681019	      0.00000000	      0.00000000	      0.00000000	      0.00000000
      2.07000000	     13.80637031	    143.63521331	     -1.45318183	     -0.26601508	      0.00000000	      0.05883315	      0.00000000	      0.00000000	      0.00000000	      0.00000000	      0.00000000	      0.00000000	      0.00000000	     -0.20605132	      0.00000000	      0.00000000	      0.00000000	      0.00000000
      2.07100000	     13.94738777	    144.76917169	     -1.21774589	     -0.26601140	      0.00000000	      0.05868567	      0.00000000	      0.00000000	      0.00000000	      0.00000000	      0.00000000	      0.00000000	      0.00000000	     -0.19522192	      0.00000000	      0.00000000	      0.00000000	      0.00000000
      2.07200000	     14.09300698	    145.93121279	     -0.98009399	     -0.26600846	      0.00000000	      0.05853702	      0.00000000	      0.00000000	      0.00000000	      0.00000000	      0.00000000	      0.00000000	      0.00000000	     -0.18431076	      0.00000000	      0.00000000	      0.00000000	      0.00000000
      2.07300000	     14.24357762	    147.12037616	     -0.74013696	     -0.26600619	      0.00000000	      0.05838702	      0.00000000	      0.00000000	      0.00000000	      0.00000000	      0.00000000	      0.00000000	      0.00000000	     -0.17331084	      0.00000000	      0.00000000	      0.00000000	      0.00000000
      2.07400000	     14.39941264	    148.33554309	     -0.49777314	     -0.26600449	      0.00000000	      0.05823562	      0.00000000	      0.00000000	      0.00000000	      0.00000000	      0.00000000	      0.00000000	      0.00000000	     -0.16221871	      0.00000000	      0.00000000	      0.00000000	      0.00000000
      2.07500000	     14.56077548	    149.57545896	     -0.25290517	     -0.26600328	      0.00000000	      0.05808289	      0.00000000	      0.00000000	      0.00000000	      0.00000000	      0.00000000	      0.00000000	      0.00000000	     -0.15103217	      0.00000000	      0.00000000	      0.00000000	      0.00000000
      2.07600000	     14.72787089	    150.83876533	     -0.00546161	     -0.26600258	      0.00000000	      0.05792900	      0.00000000	      0.00000000	      0.00000000	      0.00000000	      0.00000000	      0.00000000	      0.00000000	     -0.13974999	      0.00000000	      0.00000000	      0.00000000	      0.00000000
      2.07700000	     14.90085363	    152.12403962	      0.24459221	     -0.26600246	      0.00000000	      0.05777421	      0.00000000	      0.00000000	      0.00000000	      0.00000000	      0.00000000	      0.00000000	      0.00000000	     -0.12837186	      0.00000000	      0.00000000	      0.00000000	      0.00000000
      2.07800000	     15.07984520	    153.42983397	      0.49725194	     -0.26600289	      0.00000000	      0.05761879	      0.00000000	      0.00000000	      0.00000000	      0.00000000	      0.00000000	      0.00000000	      0.00000000	     -0.11689745	      0.00000000	      0.00000000	      0.00000000	      0.00000000
      2.07900000	     15.26494429	    154.75470091	      0.75248322	     -0.26600370	      0.00000000	      0.05746301	      0.00000000	      0.00000000	      0.00000000	      0.00000000	      0.00000000	      0.00000000	      0.00000000	     -0.10532721	      0.00000000	      0.00000000	      0.00000000	      0.00000000
      2.08000000	     15.45622526	    156.09718248	      1.01022671	     -0.26600466	      0.00000000	      0.05730719	      0.00000000	      0.00000000	      0.00000000	      0.00000000	      0.00000000	      0.00000000	      0.00000000	     -0.09366520	      0.00000000	      0.00000000	      0.00000000	      0.00000000
      2.08100000	     15.65374333	    157.45576835	      1.27038841	     -0.26600553	      0.00000000	      0.05715155	      0.00000000	      0.00000000	      0.00000000	      0.00000000	      0.00000000	      0.00000000	      0.00000000	     -0.08192039	      0.00000000	      0.00000000	      0.00000000	      0.00000000
      2.08200000	     15.85755296	    158.82886721	      1.53283833	     -0.26600609	      0.00000000	      0.05699628	      0.00000000	      0.00000000	      0.00000000	      0.00000000	      0.00000000	      0.00000000	      0.00000000	     -0.07010356	      0.00000000	      0.00000000	      0.00000000	      0.00000000
      2.08300000	     16.06771898	    160.21478044	      1.79742097	     -0.26600614	      0.00000000	      0.05684145	      0.00000000	      0.00000000	      0.00000000	      0.00000000	      0.00000000	      0.00000000	      0.00000000	     -0.05822245	      0.00000000	      0.00000000	      0.00000000	      0.00000000
      2.08400000	     16.28431649	    161.61165501	      2.06396739	     -0.26600554	      0.00000000	      0.05668706	      0.00000000	      0.00000000	      0.00000000	      0.00000000	      0.00000000	      0.00000000	      0.00000000	     -0.04628076	      0.00000000	      0.00000000	      0.00000000	      0.00000000
      2.08500000	     16.50743221	    163.01750057	      2.33230522	     -0.26600414	      0.00000000	      0.05653310	      0.00000000	      0.00000000	      0.00000000	      0.00000000	      0.00000000	      0.00000000	      0.00000000	     -0.03428131	      0.00000000	      0.00000000	      0.00000000	      0.00000000
      2.08600000	     16.73716476	    164.43028700	      2.60226407	     -0.26600178	      0.00000000	      0.05637954	      0.00000000	      0.00000000	      0.00000000	      0.00000000	      0.00000000	      0.00000000	      0.00000000	     -0.02222780	      0.00000000	      0.00000000	      0.00000000	      0.00000000
      2.08700000	     16.97361656	    165.84798994	      2.87368833	     -0.26599833	      0.00000000	      0.05622631	      0.00000000	      0.00000000	      0.00000000	      0.00000000	      0.00000000	      0.00000000	      0.00000000	     -0.01012072	      0.00000000	      0.00000000	      0.00000000	      0.00000000
      2.08800000	     17.21687836	    167.26857820	      3.14644846	     -0.26599372	      0.00000000	      0.05607333	      0.00000000	      0.00000000	      0.00000000	      0.00000000	      0.00000000	      0.00000000	      0.00000000	      0.00204684	      0.00000000	      0.00000000	      0.00000000	      0.00000000
      2.08900000	     17.46701019	    168.69006414	      3.42043388	     -0.26598790	      0.00000000	      0.05592061	      0.00000000	      0.00000000	      0.00000000	      0.00000000	      0.00000000	      0.00000000	      0.00000000	      0.01428589	      0.00000000	      0.00000000	      0.00000000	      0.00000000
      2.09000000	     17.72403019	    170.11060326	      3.69554846	     -0.26598093	      0.00000000	      0.05576815	      0.00000000	      0.00000000	      0.00000000	      0.00000000	      0.00000000	      0.00000000	      0.00000000	      0.02660510	      0.00000000	      0.00000000	      0.00000000	      0.00000000
      2.09100000	     17.98792101	    171.52852571	      3.97171080	     -0.26597299	      0.00000000	      0.05561596	      0.00000000	      0.00000000	      0.00000000	      0.00000000	      0.00000000	      0.00000000	      0.00000000	      0.03900906	      0.00000000	      0.00000000	      0.00000000	      0.00000000
      2.09200000	     18.25864850	    172.94229041	      4.24884238	     -0.26596426	      0.00000000	      0.05546400	      0.00000000	      0.00000000	      0.00000000	      0.00000000	      0.00000000	      0.00000000	      0.00000000	      0.05149986	      0.00000000	      0.00000000	      0.00000000	      0.00000000
      2.09300000	     18.53617170	    174.35045716	      4.52686258	     -0.26595493	      0.00000000	      0.05531214	      0.00000000	      0.00000000	      0.00000000	      0.00000000	      0.00000000	      0.00000000	      0.00000000	      0.06407668	      0.00000000	      0.00000000	      0.00000000	      0.00000000
      2.09400000	     18.82043055	    175.75170770	      4.80569518	     -0.26594525	      0.00000000	      0.05516020	      0.00000000	      0.00000000	      0.00000000	      0.00000000	      0.00000000	      0.00000000	      0.00000000	      0.07673263	      0.00000000	      0.00000000	      0.00000000	      0.00000000
      2.09500000	     19.11132981	    177.14485523	      5.08526900	     -0.26593552	      0.00000000	      0.05500796	      0.00000000	      0.00000000	      0.00000000	      0.00000000	      0.00000000	      0.00000000	      0.00000000	      0.08945199	      0.00000000	      0.00000000	      0.00000000	      0.00000000
      2.09600000	     19.40872927	    178.52882799	      5.36551631	     -0.26592604	      0.00000000	      0.05485531	      0.00000000	      0.00000000	      0.00000000	      0.00000000	      0.00000000	      0.00000000	      0.00000000	      0.10221211	      0.00000000	      0.00000000	      0.00000000	      0.00000000
      2.09700000	     19.71243113	    179.90266079	      5.64636884	     -0.26591707	      0.00000000	      0.05470216	      0.00000000	      0.00000000	      0.00000000	      0.00000000	      0.00000000	      0.00000000	      0.00000000	      0.11498957	      0.00000000	      0.00000000	      0.00000000	      0.00000000
      2.09800000	     20.02217707	    181.26548758	      5.92775729	     -0.26590875	      0.00000000	      0.05454852	      0.00000000	      0.00000000	      0.00000000	      0.00000000	      0.00000000	      0.00000000	      0.00000000	      0.12776418	      0.00000000	      0.00000000	      0.00000000	      0.00000000
      2.09900000	     20.33765420	    182.61654460	      6.20962547	     -0.26590112	      0.00000000	      0.05439443	      0.00000000	      0.00000000	      0.00000000	      0.00000000	      0.00000000	      0.00000000	      0.00000000	      0.14051910	      0.00000000	      0.00000000	      0.00000000	      0.00000000
      2.10000000	     20.65849124	    183.95519070	      6.49193921	     -0.26589415	      0.00000000	      0.05423999	      0.00000000	      0.00000000	      0.00000000	      0.00000000	      0.00000000	      0.00000000	      0.00000000	      0.15324119	      0.00000000	      0.00000000	      0.00000000	      0.00000000
      2.10100000	     20.98425456	    185.28088831	      6.77467836	     -0.26588763	      0.00000000	      0.05408531	      0.00000000	      0.00000000	      0.00000000	      0.00000000	      0.00000000	      0.00000000	      0.00000000	      0.16592254	      0.00000000	      0.00000000	      0.00000000	      0.00000000
      2.10200000	     21.31445120	    186.59315434	      7.05783182	     -0.26588122	      0.00000000	      0.05393049	      0.00000000	      0.00000000	      0.00000000	      0.00000000	      0.00000000	      0.00000000	      0.00000000	      0.17856168	      0.00000000	      0.00000000	      0.00000000	      0.00000000
      2.10300000	     21.64853343	    187.89157449	      7.34140201	     -0.26587454	      0.00000000	      0.05377559	      0.00000000	      0.00000000	      0.00000000	      0.00000000	      0.00000000	      0.00000000	      0.00000000	      0.19116319	      0.00000000	      0.00000000	      0.00000000	      0.00000000
      2.10400000	     21.98590804	    189.17586315	      7.62540689	     -0.26586722	      0.00000000	      0.05362065	      0.00000000	      0.00000000	      0.00000000	      0.00000000	      0.00000000	      0.00000000	      0.00000000	      0.20373451	      0.00000000	      0.00000000	      0.00000000	      0.00000000
      2.10500000	     22.32595254	    190.44585366	      7.90987157	     -0.26585900	      0.00000000	      0.05346567	      0.00000000	      0.00000000	      0.00000000	      0.00000000	      0.00000000	      0.00000000	      0.00000000	      0.21627959	      0.00000000	      0.00000000	      0.00000000	      0.00000000
      2.10600000	     22.66802985	    191.70144317	      8.19481984	     -0.26584983	      0.00000000	      0.05331073	      0.00000000	      0.00000000	      0.00000000	      0.00000000	      0.00000000	      0.00000000	      0.00000000	      0.22879405	      0.00000000	      0.00000000	      0.00000000	      0.00000000
      2.10700000	     23.01148686	    192.94257761	      8.48027168	     -0.26583982	      0.00000000	      0.05315594	      0.00000000	      0.00000000	      0.00000000	      0.00000000	      0.00000000	      0.00000000	      0.00000000	      0.24126705	      0.00000000	      0.00000000	      0.00000000	      0.00000000
      2.10800000	     23.35565762	    194.16925896	      8.76624140	     -0.26582915	      0.00000000	      0.05300141	      0.00000000	      0.00000000	      0.00000000	      0.00000000	      0.00000000	      0.00000000	      0.00000000	      0.25368548	      0.00000000	      0.00000000	      0.00000000	      0.00000000
      2.10900000	     23.69989378	    195.38159263	      9.05274204	     -0.26581795	      0.00000000	      0.05284725	      0.00000000	      0.00000000	      0.00000000	      0.00000000	      0.00000000	      0.00000000	      0.00000000	      0.26603320	      0.00000000	      0.00000000	      0.00000000	      0.00000000
      2.11000000	     24.04359029	    196.57987973	      9.33978600	     -0.26580631	      0.00000000	      0.05269355	      0.00000000	      0.00000000	      0.00000000	      0.00000000	      0.00000000	      0.00000000	      0.00000000	      0.27828741	      0.00000000	      0.00000000	      0.00000000	      0.00000000
      2.11100000	     24.38618789	    197.76462938	      9.62736614	     -0.26579431	      0.00000000	      0.05254040	      0.00000000	      0.00000000	      0.00000000	      0.00000000	      0.00000000	      0.00000000	      0.00000000	      0.29041733	      0.00000000	      0.00000000	      0.00000000	      0.00000000
      2.11200000	     24.72717651	    198.93642960	      9.91543615	     -0.26578206	      0.00000000	      0.05238790	      0.00000000	      0.00000000	      0.00000000	      0.00000000	      0.00000000	      0.00000000	      0.00000000	      0.30238534	      0.00000000	      0.00000000	      0.00000000	      0.00000000
      2.11300000	     25.06610368	    200.09576941	     10.20390205	     -0.26576970	      0.00000000	      0.05223621	      0.00000000	      0.00000000	      0.00000000	      0.00000000	      0.00000000	      0.00000000	      0.00000000	      0.31414826	      0.00000000	      0.00000000	      0.00000000	      0.00000000
      2.11400000	     25.40257737	    201.24294223	     10.49261881	     -0.26575736	      0.00000000	      0.05208549	      0.00000000	      0.00000000	      0.00000000	      0.00000000	      0.00000000	      0.00000000	      0.00000000	      0.32565985	      0.00000000	      0.00000000	      0.00000000	      0.00000000
      2.11500000	     25.73626087	    202.37808749	     10.78140369	     -0.26574508	      0.00000000	      0.05193593	      0.00000000	      0.00000000	      0.00000000	      0.00000000	      0.00000000	      0.00000000	      0.00000000	      0.33687514	      0.00000000	      0.00000000	      0.00000000	      0.00000000
      2.11600000	     26.06686550	    203.50132350	     11.07005735	     -0.26573280	      0.00000000	      0.05178773	      0.00000000	      0.00000000	      0.00000000	      0.00000000	      0.00000000	      0.00000000	      0.00000000	      0.34775307	      0.00000000	      0.00000000	      0.00000000	      0.00000000
      2.11700000	     26.39415512	    204.61287877	     11.35836529	     -0.26572044	      0.00000000	      0.05164111	      0.00000000	      0.00000000	      0.00000000	      0.00000000	      0.00000000	      0.00000000	      0.00000000	      0.35825558	      0.00000000	      0.00000000	      0.00000000	      0.00000000
      2.11800000	     26.71795736	    205.71315239	     11.64608691	     -0.26570788	      0.00000000	      0.05149631	      0.00000000	      0.00000000	      0.00000000	      0.00000000	      0.00000000	      0.00000000	      0.00000000	      0.36834588	      0.00000000	      0.00000000	      0.00000000	      0.00000000
      2.11900000	     27.03815918	    206.80270063	     11.93294775	     -0.26569498	      0.00000000	      0.05135358	      0.00000000	      0.00000000	      0.00000000	      0.00000000	      0.00000000	      0.00000000	      0.00000000	      0.37798778	      0.00000000	      0.00000000	      0.00000000	      0.00000000
      2.12000000	     27.35469111	    207.88218378	     12.21863625	     -0.26568152	      0.00000000	      0.05121314	      0.00000000	      0.00000000	      0.00000000	      0.00000000	      0.00000000	      0.00000000	      0.00000000	      0.38714719	      0.00000000	      0.00000000	      0.00000000	      0.00000000
      2.12100000	     27.66750384	    208.95230293	     12.50281120	     -0.26566722	      0.00000000	      0.05107522	      0.00000000	      0.00000000	      0.00000000	      0.00000000	      0.00000000	      0.00000000	      0.00000000	      0.39579501	      0.00000000	      0.00000000	      0.00000000	      0.00000000
      2.12200000	     27.97654031	    210.01375943	     12.78511165	     -0.26565177	      0.00000000	      0.05094004	      0.00000000	      0.00000000	      0.00000000	      0.00000000	      0.00000000	      0.00000000	      0.00000000	      0.40390761	      0.00000000	      0.00000000	      0.00000000	      0.00000000
      2.12300000	     28.28173309	    211.06724394	     13.06514995	     -0.26563488	      0.00000000	      0.05080778	      0.00000000	      0.00000000	      0.00000000	      0.00000000	      0.00000000	      0.00000000	      0.00000000	      0.41146149	      0.00000000	      0.00000000	      0.00000000	      0.00000000
      2.12400000	     28.58302356	    212.11339937	     13.34249135	     -0.26561629	      0.00000000	      0.05067863	      0.00000000	      0.00000000	      0.00000000	      0.00000000	      0.00000000	      0.00000000	      0.00000000	      0.41842657	      0.00000000	      0.00000000	      0.00000000	      0.00000000
      2.12500000	     28.88037484	    213.15274201	     13.61663938	     -0.26559578	      0.00000000	      0.05055278	      0.00000000	      0.00000000	      0.00000000	      0.00000000	      0.00000000	      0.00000000	      0.00000000	      0.42476463	      0.00000000	      0.00000000	      0.00000000	      0.00000000
      2.12600000	     29.17376864	    214.18561732	     13.88703886	     -0.26557323	      0.00000000	      0.05043046	      0.00000000	      0.00000000	      0.00000000	      0.00000000	      0.00000000	      0.00000000	      0.00000000	      0.43043302	      0.00000000	      0.00000000	      0.00000000	      0.00000000
      2.12700000	     29.46318665	    215.21222127	     14.15308723	     -0.26554856	      0.00000000	      0.05031196	      0.00000000	      0.00000000	      0.00000000	      0.00000000	      0.00000000	      0.00000000	      0.00000000	      0.43538924	      0.00000000	      0.00000000	      0.00000000	      0.00000000
      2.12800000	     29.74860435	    216.23266018	     14.41413609	     -0.26552177	      0.00000000	      0.05019749	      0.00000000	      0.00000000	      0.00000000	      0.00000000	      0.00000000	      0.00000000	      0.00000000	      0.43959310	      0.00000000	      0.00000000	      0.00000000	      0.00000000
      2.12900000	     30.03002179	    217.24699642	     14.66949189	     -0.26549285	      0.00000000	      0.05008722	      0.00000000	      0.00000000	      0.00000000	      0.00000000	      0.00000000	      0.00000000	      0.00000000	      0.44300684	      0.00000000	      0.00000000	      0.00000000	      0.00000000
      2.13000000	     30.30749340	    218.25521533	     14.91842914	     -0.26546186	      0.00000000	      0.04998130	      0.00000000	      0.00000000	      0.00000000	      0.00000000	      0.00000000	      0.00000000	      0.00000000	      0.44559392	      0.00000000	      0.00000000	      0.00000000	      0.00000000
      2.13100000	     30.58110117	    219.25716295	     15.16020460	     -0.26542897	      0.00000000	      0.04987995	      0.00000000	      0.00000000	      0.00000000	      0.00000000	      0.00000000	      0.00000000	      0.00000000	      0.44731550	      0.00000000	      0.00000000	      0.00000000	      0.00000000
      2.13200000	     30.85090227	    220.25255944	     15.39407253	     -0.26539448	      0.00000000	      0.04978337	      0.00000000	      0.00000000	      0.00000000	      0.00000000	      0.00000000	      0.00000000	      0.00000000	      0.44812939	      0.00000000	      0.00000000	      0.00000000	      0.00000000
      2.13300000	     31.11691731	    221.24107331	     15.61930019	     -0.26535877	      0.00000000	      0.04969177	      0.00000000	      0.00000000	      0.00000000	      0.00000000	      0.00000000	      0.00000000	      0.00000000	      0.44799555	      0.00000000	      0.00000000	      0.00000000	      0.00000000
      2.13400000	     31.37916189	    222.22238472	     15.83516913	     -0.26532227	      0.00000000	      0.04960536	      0.00000000	      0.00000000	      0.00000000	      0.00000000	      0.00000000	      0.00000000	      0.00000000	      0.44687904	      0.00000000	      0.00000000	      0.00000000	      0.00000000
      2.13500000	     31.63765734	    223.19620038	     16.04097186	     -0.26528546	      0.00000000	      0.04952437	      0.00000000	      0.00000000	      0.00000000	      0.00000000	      0.00000000	      0.00000000	      0.00000000	      0.44474450	      0.00000000	      0.00000000	      0.00000000	      0.00000000
      2.13600000	     31.89235155	    224.16220387	     16.23601889	     -0.26524882	      0.00000000	      0.04944906	      0.00000000	      0.00000000	      0.00000000	      0.00000000	      0.00000000	      0.00000000	      0.00000000	      0.44155001	      0.00000000	      0.00000000	      0.00000000	      0.00000000
      2.13700000	     32.14302933	    225.12000606	     16.41965648	     -0.26521281	      0.00000000	      0.04937979	      0.00000000	      0.00000000	      0.00000000	      0.00000000	      0.00000000	      0.00000000	      0.00000000	      0.43724649	      0.00000000	      0.00000000	      0.00000000	      0.00000000
      2.13800000	     32.38933501	    226.06918419	     16.59129393	     -0.26517777	      0.00000000	      0.04931696	      0.00000000	      0.00000000	      0.00000000	      0.00000000	      0.00000000	      0.00000000	      0.00000000	      0.43178418	      0.00000000	      0.00000000	      0.00000000	      0.00000000
      2.13900000	     32.63085619	    227.00938298	     16.75042608	     -0.26514394	      0.00000000	      0.04926095	      0.00000000	      0.00000000	      0.00000000	      0.00000000	      0.00000000	      0.00000000	      0.00000000	      0.42511959	      0.00000000	      0.00000000	      0.00000000	      0.00000000
      2.14000000	     32.86720579	    227.94041494	     16.89663440	     -0.26511141	      0.00000000	      0.04921213	      0.00000000	      0.00000000	      0.00000000	      0.00000000	      0.00000000	      0.00000000	      0.00000000	      0.41721513	      0.00000000	      0.00000000	      0.00000000	      0.00000000
      2.14100000	     33.09809395	    228.86231209	     17.02956732	     -0.26508019	      0.00000000	      0.04917072	      0.00000000	      0.00000000	      0.00000000	      0.00000000	      0.00000000	      0.00000000	      0.00000000	      0.40803715	      0.00000000	      0.00000000	      0.00000000	      0.00000000
      2.14200000	     33.32333862	    229.77524971	     17.14890225	     -0.26505024	      0.00000000	      0.04913683	      0.00000000	      0.00000000	      0.00000000	      0.00000000	      0.00000000	      0.00000000	      0.00000000	      0.39755970	      0.00000000	      0.00000000	      0.00000000	      0.00000000
      2.14300000	     33.54281492	    230.67936165	     17.25431149	     -0.26502146	      0.00000000	      0.04911051	      0.00000000	      0.00000000	      0.00000000	      0.00000000	      0.00000000	      0.00000000	      0.00000000	      0.38576758	      0.00000000	      0.00000000	      0.00000000	      0.00000000
      2.14400000	     33.75640901	    231.57461204	     17.34546656	     -0.26499380	      0.00000000	      0.04909179	      0.00000000	      0.00000000	      0.00000000	      0.00000000	      0.00000000	      0.00000000	      0.00000000	      0.37265181	      0.00000000	      0.00000000	      0.00000000	      0.00000000
      2.14500000	     33.96399858	    232.46081038	     17.42207455	     -0.26496727	      0.00000000	      0.04908074	      0.00000000	      0.00000000	      0.00000000	      0.00000000	      0.00000000	      0.00000000	      0.00000000	      0.35820331	      0.00000000	      0.00000000	      0.00000000	      0.00000000
      2.14600000	     34.16544264	    233.33769807	     17.48391396	     -0.26494189	      0.00000000	      0.04907745	      0.00000000	      0.00000000	      0.00000000	      0.00000000	      0.00000000	      0.00000000	      0.00000000	      0.34241427	      0.00000000	      0.00000000	      0.00000000	      0.00000000
      2.14700000	     34.36057762	    234.20502543	     17.53084849	     -0.26491765	      0.00000000	      0.04908196	      0.00000000	      0.00000000	      0.00000000	      0.00000000	      0.00000000	      0.00000000	      0.00000000	      0.32528588	      0.00000000	      0.00000000	      0.00000000	      0.00000000
      2.14800000	     34.54923162	    235.06262084	     17.56281872	     -0.26489449	      0.00000000	      0.04909425	      0.00000000	      0.00000000	      0.00000000	      0.00000000	      0.00000000	      0.00000000	      0.00000000	      0.30683142	      0.00000000	      0.00000000	      0.00000000	      0.00000000
      2.14900000	     34.73125265	    235.91045075	     17.57983378	     -0.26487230	      0.00000000	      0.04911423	      0.00000000	      0.00000000	      0.00000000	      0.00000000	      0.00000000	      0.00000000	      0.00000000	      0.28707069	      0.00000000	      0.00000000	      0.00000000	      0.00000000
      2.15000000	     34.90653588	    236.74860746	     17.58197822	     -0.26485096	      0.00000000	      0.04914173	      0.00000000	      0.00000000	      0.00000000	      0.00000000	      0.00000000	      0.00000000	      0.00000000	      0.26602380	      0.00000000	      0.00000000	      0.00000000	      0.00000000
      2.15100000	     35.07503822	    237.57723844	     17.56941988	     -0.26483029	      0.00000000	      0.04917662	      0.00000000	      0.00000000	      0.00000000	      0.00000000	      0.00000000	      0.00000000	      0.00000000	      0.24371132	      0.00000000	      0.00000000	      0.00000000	      0.00000000
      2.15200000	     35.23677087	    238.39649042	     17.54240309	     -0.26481006	      0.00000000	      0.04921875	      0.00000000	      0.00000000	      0.00000000	      0.00000000	      0.00000000	      0.00000000	      0.00000000	      0.22015800	      0.00000000	      0.00000000	      0.00000000	      0.00000000
      2.15300000	     35.39177535	    239.20647123	     17.50123180	     -0.26479000	      0.00000000	      0.04926795	      0.00000000	      0.00000000	      0.00000000	      0.00000000	      0.00000000	      0.00000000	      0.00000000	      0.19539521	      0.00000000	      0.00000000	      0.00000000	      0.00000000
      2.15400000	     35.54010105	    240.00722344	     17.44625387	     -0.26476993	      0.00000000	      0.04932398	      0.00000000	      0.00000000	      0.00000000	      0.00000000	      0.00000000	      0.00000000	      0.00000000	      0.16946086	      0.00000000	      0.00000000	      0.00000000	      0.00000000
      2.15500000	     35.68180055	    240.79870658	     17.37785126	     -0.26474974	      0.00000000	      0.04938660	      0.00000000	      0.00000000	      0.00000000	      0.00000000	      0.00000000	      0.00000000	      0.00000000	      0.14239802	      0.00000000	      0.00000000	      0.00000000	      0.00000000
      2.15600000	     35.81694330	    241.58077299	     17.29643610	     -0.26472938	      0.00000000	      0.04945556	      0.00000000	      0.00000000	      0.00000000	      0.00000000	      0.00000000	      0.00000000	      0.00000000	      0.11425379	      0.00000000	      0.00000000	      0.00000000	      0.00000000
      2.15700000	     35.94562203	    242.35315383	     17.20245075	     -0.26470872	      0.00000000	      0.04953063	      0.00000000	      0.00000000	      0.00000000	      0.00000000	      0.00000000	      0.00000000	      0.00000000	      0.08507764	      0.00000000	      0.00000000	      0.00000000	      0.00000000
      2.15800000	     36.06793106	    243.11546890	     17.09636800	     -0.26468760	      0.00000000	      0.04961162	      0.00000000	      0.00000000	      0.00000000	      0.00000000	      0.00000000	      0.00000000	      0.00000000	      0.05491965	      0.00000000	      0.00000000	      0.00000000	      0.00000000
      2.15900000	     36.18393019	    243.86726473	     16.97869157	     -0.26466591	      0.00000000	      0.04969837	      0.00000000	      0.00000000	      0.00000000	      0.00000000	      0.00000000	      0.00000000	      0.00000000	      0.02383206	      0.00000000	      0.00000000	      0.00000000	      0.00000000
      2.16000000	     36.29363258	    244.60809345	     16.84995733	     -0.26464360	      0.00000000	      0.04979073	      0.00000000	      0.00000000	      0.00000000	      0.00000000	      0.00000000	      0.00000000	      0.00000000	     -0.00812517	      0.00000000	      0.00000000	      0.00000000	      0.00000000
      2.16100000	     36.39703134	    245.33759040	     16.71072939	     -0.26462072	      0.00000000	      0.04988853	      0.00000000	      0.00000000	      0.00000000	      0.00000000	      0.00000000	      0.00000000	      0.00000000	     -0.04088214	      0.00000000	      0.00000000	      0.00000000	      0.00000000
      2.16200000	     36.49412368	    246.05545653	     16.56158813	     -0.26459735	      0.00000000	      0.04999159	      0.00000000	      0.00000000	      0.00000000	      0.00000000	      0.00000000	      0.00000000	      0.00000000	     -0.07436395	      0.00000000	      0.00000000	      0.00000000	      0.00000000
      2.16300000	     36.58490822	    246.76134411	     16.40312009	     -0.26457347	      0.00000000	      0.05009968	      0.00000000	      0.00000000	      0.00000000	      0.00000000	      0.00000000	      0.00000000	      0.00000000	     -0.10849622	      0.00000000	      0.00000000	      0.00000000	      0.00000000
      2.16400000	     36.66937848	    247.45476000	     16.23591800	     -0.26454897	      0.00000000	      0.05021258	      0.00000000	      0.00000000	      0.00000000	      0.00000000	      0.00000000	      0.00000000	      0.00000000	     -0.14320520	      0.00000000	      0.00000000	      0.00000000	      0.00000000
      2.16500000	     36.74752653	    248.13505129	     16.06058437	     -0.26452369	      0.00000000	      0.05033008	      0.00000000	      0.00000000	      0.00000000	      0.00000000	      0.00000000	      0.00000000	      0.00000000	     -0.17841543	      0.00000000	      0.00000000	      0.00000000	      0.00000000
      2.16600000	     36.81934922	    248.80144344	     15.87773373	     -0.26449746	      0.00000000	      0.05045197	      0.00000000	      0.00000000	      0.00000000	      0.00000000	      0.00000000	      0.00000000	      0.00000000	     -0.21405127	      0.00000000	      0.00000000	      0.00000000	      0.00000000
      2.16700000	     36.88485294	    249.45309703	     15.68799019	     -0.26447014	      0.00000000	      0.05057810	      0.00000000	      0.00000000	      0.00000000	      0.00000000	      0.00000000	      0.00000000	      0.00000000	     -0.25004088	      0.00000000	      0.00000000	      0.00000000	      0.00000000
      2.16800000	     36.94406948	    250.08915489	     15.49197249	     -0.26444159	      0.00000000	      0.05070833	      0.00000000	      0.00000000	      0.00000000	      0.00000000	      0.00000000	      0.00000000	      0.00000000	     -0.28631651	      0.00000000	      0.00000000	      0.00000000	      0.00000000
      2.16900000	     36.99707536	    250.70874721	     15.29027105	     -0.26441174	      0.00000000	      0.05084262	      0.00000000	      0.00000000	      0.00000000	      0.00000000	      0.00000000	      0.00000000	      0.00000000	     -0.32280970	      0.00000000	      0.00000000	      0.00000000	      0.00000000
      2.17000000	     37.04397467	    251.31097318	     15.08342439	     -0.26438051	      0.00000000	      0.05098092	      0.00000000	      0.00000000	      0.00000000	      0.00000000	      0.00000000	      0.00000000	      0.00000000	     -0.35944767	      0.00000000	      0.00000000	      0.00000000	      0.00000000
      2.17100000	     37.08486524	    251.89488055	     14.87190382	     -0.26434794	      0.00000000	      0.05112316	      0.00000000	      0.00000000	      0.00000000	      0.00000000	      0.00000000	      0.00000000	      0.00000000	     -0.39615569	      0.00000000	      0.00000000	      0.00000000	      0.00000000
      2.17200000	     37.11984388	    252.45942587	     14.65612320	     -0.26431404	      0.00000000	      0.05126919	      0.00000000	      0.00000000	      0.00000000	      0.00000000	      0.00000000	      0.00000000	      0.00000000	     -0.43286168	      0.00000000	      0.00000000	      0.00000000	      0.00000000
      2.17300000	     37.14902415	    253.00344572	     14.43646616	     -0.26427888	      0.00000000	      0.05141881	      0.00000000	      0.00000000	      0.00000000	      0.00000000	      0.00000000	      0.00000000	      0.00000000	     -0.46949654	      0.00000000	      0.00000000	      0.00000000	      0.00000000
      2.17400000	     37.17252608	    253.52567590	     14.21330651	     -0.26424251	      0.00000000	      0.05157179	      0.00000000	      0.00000000	      0.00000000	      0.00000000	      0.00000000	      0.00000000	      0.00000000	     -0.50599170	      0.00000000	      0.00000000	      0.00000000	      0.00000000
      2.17500000	     37.19046072	    254.02477546	     13.98702021	     -0.26420507	      0.00000000	      0.05172790	      0.00000000	      0.00000000	      0.00000000	      0.00000000	      0.00000000	      0.00000000	      0.00000000	     -0.54227843	      0.00000000	      0.00000000	      0.00000000	      0.00000000
      2.17600000	     37.20292773	    254.49930407	     13.75799834	     -0.26416667	      0.00000000	      0.05188694	      0.00000000	      0.00000000	      0.00000000	      0.00000000	      0.00000000	      0.00000000	      0.00000000	     -0.57828753	      0.00000000	      0.00000000	      0.00000000	      0.00000000
      2.17700000	     37.21002358	    254.94766846	     13.52665776	     -0.26412743	      0.00000000	      0.05204875	      0.00000000	      0.00000000	      0.00000000	      0.00000000	      0.00000000	      0.00000000	      0.00000000	     -0.61394877	      0.00000000	      0.00000000	      0.00000000	      0.00000000
      2.17800000	     37.21185362	    255.36811531	     13.29344467	     -0.26408739	      0.00000000	      0.05221325	      0.00000000	      0.00000000	      0.00000000	      0.00000000	      0.00000000	      0.00000000	      0.00000000	     -0.64919340	      0.00000000	      0.00000000	      0.00000000	      0.00000000
      2.17900000	     37.20853554	    255.75881206	     13.05882935	     -0.26404654	      0.00000000	      0.05238036	      0.00000000	      0.00000000	      0.00000000	      0.00000000	      0.00000000	      0.00000000	      0.00000000	     -0.68395871	      0.00000000	      0.00000000	      0.00000000	      0.00000000
      2.18000000	     37.20019627	    256.11792064	     12.82329175	     -0.26400488	      0.00000000	      0.05255000	      0.00000000	      0.00000000	      0.00000000	      0.00000000	      0.00000000	      0.00000000	      0.00000000	     -0.71818880	      0.00000000	      0.00000000	      0.00000000	      0.00000000
      2.18100000	     37.18696636	    256.44358886	     12.58730776	     -0.26396252	      0.00000000	      0.05272203	      0.00000000	      0.00000000	      0.00000000	      0.00000000	      0.00000000	      0.00000000	      0.00000000	     -0.75183054	      0.00000000	      0.00000000	      0.00000000	      0.00000000
      2.18200000	     37.16897375	    256.73393995	     12.35134120	     -0.26391969	      0.00000000	      0.05289627	      0.00000000	      0.00000000	      0.00000000	      0.00000000	      0.00000000	      0.00000000	      0.00000000	     -0.78483083	      0.00000000	      0.00000000	      0.00000000	      0.00000000
      2.18300000	     37.14634699	    256.98709885	     12.11583390	     -0.26387667	      0.00000000	      0.05307252	      0.00000000	      0.00000000	      0.00000000	      0.00000000	      0.00000000	      0.00000000	      0.00000000	     -0.81713778	      0.00000000	      0.00000000	      0.00000000	      0.00000000
      2.18400000	     37.11923364	    257.20118908	     11.88118940	     -0.26383374	      0.00000000	      0.05325052	      0.00000000	      0.00000000	      0.00000000	      0.00000000	      0.00000000	      0.00000000	      0.00000000	     -0.84870231	      0.00000000	      0.00000000	      0.00000000	      0.00000000
      2.18500000	     37.08780906	    257.37430107	     11.64775641	     -0.26379113	      0.00000000	      0.05343002	      0.00000000	      0.00000000	      0.00000000	      0.00000000	      0.00000000	      0.00000000	      0.00000000	     -0.87947841	      0.00000000	      0.00000000	      0.00000000	      0.00000000
      2.18600000	     37.05222413	    257.50450376	     11.41583520	     -0.26374900	      0.00000000	      0.05361077	      0.00000000	      0.00000000	      0.00000000	      0.00000000	      0.00000000	      0.00000000	      0.00000000	     -0.90942153	      0.00000000	      0.00000000	      0.00000000	      0.00000000
      2.18700000	     37.01251401	    257.58991858	     11.18571695	     -0.26370746	      0.00000000	      0.05379248	      0.00000000	      0.00000000	      0.00000000	      0.00000000	      0.00000000	      0.00000000	      0.00000000	     -0.93848499	      0.00000000	      0.00000000	      0.00000000	      0.00000000
      2.18800000	     36.96855682	    257.62880745	     10.95772838	     -0.26366656	      0.00000000	      0.05397486	      0.00000000	      0.00000000	      0.00000000	      0.00000000	      0.00000000	      0.00000000	      0.00000000	     -0.96661986	      0.00000000	      0.00000000	      0.00000000	      0.00000000
      2.18900000	     36.92008987	    257.61962042	     10.73225783	     -0.26362640	      0.00000000	      0.05415759	      0.00000000	      0.00000000	      0.00000000	      0.00000000	      0.00000000	      0.00000000	      0.00000000	     -0.99377977	      0.00000000	      0.00000000	      0.00000000	      0.00000000
      2.19000000	     36.86673920	    257.56100104	     10.50976530	     -0.26358708	      0.00000000	      0.05434036	      0.00000000	      0.00000000	      0.00000000	      0.00000000	      0.00000000	      0.00000000	      0.00000000	     -1.01992332	      0.00000000	      0.00000000	      0.00000000	      0.00000000
      2.19100000	     36.80805559	    257.45178184	     10.29078327	     -0.26354866	      0.00000000	      0.05452284	    -23.64710224	     40.84744026	    -13.68997107	      0.24569853	      0.00000000	      0.03380427	      0.00000000	     -1.04501031	      0.00000000	      0.00000000	     -0.02464488	      0.00000000
      2.19200000	     36.74355961	    257.29094079	     10.07590607	     -0.26351116	      0.00000000	      0.05470472	    -24.98365603	     43.30096262	    -14.54561236	      0.24749546	      0.00000000	      0.03495595	      0.00000000	     -1.06899889	      0.00000000	      0.00000000	     -0.01908147	      0.00000000
      2.19300000	     36.67278460	    257.07750299	      9.86576229	     -0.26347469	      0.00000000	      0.05488576	    -26.34026559	     45.87521941	    -15.41099575	      0.24911197	      0.00000000	      0.03603487	      0.00000000	     -1.09184956	      0.00000000	      0.00000000	     -0.01306699	      0.00000000
      2.19400000	     36.59530362	    256.81046454	      9.66097659	     -0.26343937	      0.00000000	      0.05506580	    -27.70573671	     48.57150271	    -16.27894126	      0.25054672	      0.00000000	      0.03704047	      0.00000000	     -1.11353119	      0.00000000	      0.00000000	     -0.00658381	      0.00000000
      2.19500000	     36.51074014	    256.48875004	      9.46214417	     -0.26340533	      0.00000000	      0.05524479	    -29.06674268	     51.38943065	    -17.14156594	      0.25179753	      0.00000000	      0.03797062	      0.00000000	     -1.13402186	      0.00000000	      0.00000000	      0.00037787	      0.00000000
      2.19600000	     36.41876732	    256.11117100	      9.26982742	     -0.26337269	      0.00000000	      0.05542270	    -30.40781410	     54.32716558	    -17.99027394	      0.25286237	      0.00000000	      0.03882319	      0.00000000	     -1.15330420	      0.00000000	      0.00000000	      0.00781882	      0.00000000
      2.19700000	     36.31909429	    255.67644754	      9.08455822	     -0.26334145	      0.00000000	      0.05559956	    -31.71141837	     57.38163649	    -18.81580199	      0.25374009	      0.00000000	      0.03959689	      0.00000000	     -1.17136006	      0.00000000	      0.00000000	      0.01572732	      0.00000000
      2.19800000	     36.21144319	    255.18329398	      8.90683046	     -0.26331157	      0.00000000	      0.05577541	    -32.95815063	     60.54870981	    -19.60833016	      0.25443097	      0.00000000	      0.04029167	      0.00000000	     -1.18816717	      0.00000000	      0.00000000	      0.02408554	      0.00000000
      2.19900000	     36.09552749	    254.63046115	      8.73707599	     -0.26328294	      0.00000000	      0.05595026	    -34.12699886	     63.82331069	    -20.35759607	      0.25493684	      0.00000000	      0.04090885	      0.00000000	     -1.20369649	      0.00000000	      0.00000000	      0.03287310	      0.00000000
      2.20000000	     35.97104809	    254.01671217	      8.57564108	     -0.26325539	      0.00000000	      0.05612413	    -35.19561915	     67.19954799	    -21.05298980	      0.25526098	      0.00000000	      0.04145125	      0.00000000	     -1.21791264	      0.00000000	      0.00000000	      0.04206110	      0.00000000
      2.20100000	     35.83770004	    253.34078351	      8.42279334	     -0.26322871	      0.00000000	      0.05629701	    -36.14062510	     70.67078902	    -21.68372170	      0.25540796	      0.00000000	      0.04192303	      0.00000000	     -1.23077887	      0.00000000	      0.00000000	      0.05159690	      0.00000000
      2.20200000	     35.69516497	    252.60134398	      8.27874392	     -0.26320274	      0.00000000	      0.05646886	    -36.93792927	     74.22946550	    -22.23910712	      0.25538354	      0.00000000	      0.04232904	      0.00000000	     -1.24226245	      0.00000000	      0.00000000	      0.06138127	      0.00000000
      2.20300000	     35.54310876	    251.79694952	      8.14365141	     -0.26317736	      0.00000000	      0.05663958	    -37.56316902	     77.86659690	    -22.70887530	      0.25519443	      0.00000000	      0.04267386	      0.00000000	     -1.25233672	      0.00000000	      0.00000000	      0.07124947	      0.00000000
      2.20400000	     35.38119335	    250.92602459	      8.01760035	     -0.26315247	      0.00000000	      0.05680912	    -37.99226841	     81.57129386	    -23.08340726	      0.25484806	      0.00000000	      0.04296120	      0.00000000	     -1.26098026	      0.00000000	      0.00000000	      0.08096598	      0.00000000
      2.20500000	     35.20907488	    249.98687851	      7.90057204	     -0.26312799	      0.00000000	      0.05697746	    -38.20224803	     85.33052620	    -23.35386973	      0.25435241	      0.00000000	      0.04319361	      0.00000000	     -1.26817684	      0.00000000	      0.00000000	      0.09023253	      0.00000000
      2.20600000	     35.02640446	    248.97771870	      7.79244325	     -0.26310384	      0.00000000	      0.05714469	    -38.17238929	     89.12942606	    -23.51238390	      0.25371624	      0.00000000	      0.04337282	      0.00000000	     -1.27391916	      0.00000000	      0.00000000	      0.09871292	      0.00000000
      2.20700000	     34.83284237	    247.89666497	      7.69301311	     -0.26307996	      0.00000000	      0.05731104	    -37.88570791	     92.95217066	    -23.55254706	      0.25294970	      0.00000000	      0.04350070	      0.00000000	     -1.27821411	      0.00000000	      0.00000000	      0.10607365	      0.00000000
      2.20800000	     34.62807121	    246.74178819	      7.60201711	     -0.26305629	      0.00000000	      0.05747687	    -37.33058549	     96.78306011	    -23.47035359	      0.25206502	      0.00000000	      0.04357993	      0.00000000	     -1.28108761	      0.00000000	      0.00000000	      0.11202082	      0.00000000
      2.20900000	     34.41180792	    245.51112974	      7.51911448	     -0.26303279	      0.00000000	      0.05764264	    -36.50243365	    100.60737338	    -23.26512392	      0.25107677	      0.00000000	      0.04361423	      0.00000000	     -1.28258564	      0.00000000	      0.00000000	      0.11631649	      0.00000000
      2.21000000	     34.18380352	    244.20266978	      7.44386515	     -0.26300944	      0.00000000	      0.05780890	    -35.40538031	    104.41208964	    -22.94018647	      0.25000189	      0.00000000	      0.04360842	      0.00000000	     -1.28276652	      0.00000000	      0.00000000	      0.11878317	      0.00000000
      2.21100000	     33.94383142	    242.81431899	      7.37570378	     -0.26298628	      0.00000000	      0.05797629	    -34.05411626	    108.18684965	    -22.50356092	      0.24885953	      0.00000000	      0.04356862	      0.00000000	     -1.28169347	      0.00000000	      0.00000000	      0.11930660	      0.00000000
      2.21200000	     33.69165438	    241.34400562	      7.31392005	     -0.26296338	      0.00000000	      0.05814549	    -32.47555758	    111.92494784	    -21.96880207	      0.24767085	      0.00000000	      0.04350189	      0.00000000	     -1.27943630	      0.00000000	      0.00000000	      0.11784041	      0.00000000
      2.21300000	     33.42694901	    239.78984696	      7.25766665	     -0.26294092	      0.00000000	      0.05831726	    -30.70898703	    115.62367170	    -21.35537241	      0.24645837	      0.00000000	      0.04341537	      0.00000000	     -1.27607523	      0.00000000	      0.00000000	      0.11442577	      0.00000000
      2.21400000	     33.14923374	    238.15040348	      7.20598663	     -0.26291913	      0.00000000	      0.05849235	    -28.80378176	    119.28392155	    -20.68770492	      0.24524498	      0.00000000	      0.04331557	      0.00000000	     -1.27170043	      0.00000000	      0.00000000	      0.10921695	      0.00000000
      2.21500000	     32.85781987	    236.42496129	      7.15784658	     -0.26289828	      0.00000000	      0.05867138	    -26.81563832	    122.90963790	    -19.99306706	      0.24405283	      0.00000000	      0.04320849	      0.00000000	     -1.26640630	      0.00000000	      0.00000000	      0.10249212	      0.00000000
      2.21600000	     32.55172424	    234.61368614	      7.11220020	     -0.26287862	      0.00000000	      0.05885479	    -24.80279870	    126.50724837	    -19.29916576	      0.24290246	      0.00000000	      0.04309979	      0.00000000	     -1.26028213	      0.00000000	      0.00000000	      0.09465619	      0.00000000
      2.21700000	     32.22956180	    232.71757897	      7.06809187	     -0.26286038	      0.00000000	      0.05904286	    -22.82298489	    130.08498821	    -18.63225550	      0.24181209	      0.00000000	      0.04299477	      0.00000000	     -1.25340609	      0.00000000	      0.00000000	      0.08623511	      0.00000000
      2.21800000	     31.88951985	    230.73831378	      7.02477290	     -0.26284378	      0.00000000	      0.05923578	    -20.93112217	    133.65205826	    -18.01593250	      0.24079723	      0.00000000	      0.04289828	      0.00000000	     -1.24584560	      0.00000000	      0.00000000	      0.07783916	      0.00000000
      2.21900000	     31.52945228	    228.67807889	      6.98178257	     -0.26282890	      0.00000000	      0.05943374	    -19.17770480	    137.21772623	    -17.47043358	      0.23987061	      0.00000000	      0.04281450	      0.00000000	     -1.23765803	      0.00000000	      0.00000000	      0.07009853	      0.00000000
      2.22000000	     31.14706299	    226.53946242	      6.93895879	     -0.26281570	      0.00000000	      0.05963686	    -17.60760534	    140.79051848	    -17.01220909	      0.23904231	      0.00000000	      0.04274681	      0.00000000	     -1.22888721	      0.00000000	      0.00000000	      0.06360307	      0.00000000
      2.22100000	     30.74011523	    224.32531192	      6.89638665	     -0.26280410	      0.00000000	      0.05984528	    -16.25920185	    144.37763804	    -16.65372055	      0.23831995	      0.00000000	      0.04269769	      0.00000000	     -1.21955880	      0.00000000	      0.00000000	      0.05886785	      0.00000000
      2.22200000	     30.30659926	    222.03854541	      6.85430861	     -0.26279398	      0.00000000	      0.06005912	    -15.16374211	    147.98456158	    -16.40351508	      0.23770875	      0.00000000	      0.04266870	      0.00000000	     -1.20968088	      0.00000000	      0.00000000	      0.05632193	      0.00000000
      2.22300000	     29.84485338	    219.68201735	      6.81302270	     -0.26278524	      0.00000000	      0.06027854	    -14.34487711	    151.61470592	    -16.26650774	      0.23721136	      0.00000000	      0.04266030	      0.00000000	     -1.19925062	      0.00000000	      0.00000000	      0.05630903	      0.00000000
      2.22400000	     29.35366193	    217.25847210	      6.77280119	     -0.26277777	      0.00000000	      0.06050368	    -13.81835427	    155.26926327	    -16.24434353	      0.23682789	      0.00000000	      0.04267185	      0.00000000	     -1.18826240	      0.00000000	      0.00000000	      0.05909257	      0.00000000
      2.22500000	     28.83232027	    214.77047684	      6.73384166	     -0.26277145	      0.00000000	      0.06073467	    -13.59190356	    158.94734123	    -16.33580652	      0.23655613	      0.00000000	      0.04270180	      0.00000000	     -1.17671297	      0.00000000	      0.00000000	      0.06485875	      0.00000000
      2.22600000	     28.28065763	    212.22029322	      6.69623990	     -0.26276612	      0.00000000	      0.06097157	    -13.66534382	    162.64637065	    -16.53727030	      0.23639191	      0.00000000	      0.04274809	      0.00000000	     -1.16460431	      0.00000000	      0.00000000	      0.07371030	      0.00000000
      2.22700000	     27.69902525	    209.60978221	      6.65998219	     -0.26276166	      0.00000000	      0.06121441	    -14.03095758	    166.36263807	    -16.84315900	      0.23632941	      0.00000000	      0.04280857	      0.00000000	     -1.15194653	      0.00000000	      0.00000000	      0.08565394	      0.00000000
      2.22800000	     27.08826790	    206.94045332	      6.62495738	     -0.26275797	      0.00000000	      0.06146316	    -14.67420082	    170.09178768	    -17.24642792	      0.23636135	      0.00000000	      0.04288129	      0.00000000	     -1.13876021	      0.00000000	      0.00000000	      0.10059541	      0.00000000
      2.22900000	     26.44967444	    204.21366148	      6.59096209	     -0.26275491	      0.00000000	      0.06171774	    -15.57475661	    173.82930372	    -17.73905140	      0.23647934	      0.00000000	      0.04296466	      0.00000000	     -1.12507381	      0.00000000	      0.00000000	      0.11834666	      0.00000000
      2.23000000	     25.78483791	    201.43085769	      6.55767939	     -0.26275238	      0.00000000	      0.06197803	    -16.70784119	    177.57112581	    -18.31240340	      0.23667427	      0.00000000	      0.04305763	      0.00000000	     -1.11091536	      0.00000000	      0.00000000	      0.13863461	      0.00000000
      2.23100000	     25.09541216	    198.59384153	      6.52467886	     -0.26275032	      0.00000000	      0.06224394	    -18.04555540	    181.31418106	    -18.95746775	      0.23693663	      0.00000000	      0.04315978	      0.00000000	     -1.09630364	      0.00000000	      0.00000000	      0.16110970	      0.00000000
      2.23200000	     24.38289220	    195.70493651	      6.49148934	     -0.26274889	      0.00000000	      0.06251533	    -19.55803463	    185.05630695	    -19.66498603	      0.23725677	      0.00000000	      0.04327093	      0.00000000	     -1.08124367	      0.00000000	      0.00000000	      0.18537190	      0.00000000
      2.23300000	     23.64853819	    192.76699437	      6.45770666	     -0.26274831	      0.00000000	      0.06279203	    -21.21432748	    188.79566608	    -20.42557750	      0.23762484	      0.00000000	      0.04339059	      0.00000000	     -1.06572639	      0.00000000	      0.00000000	      0.21101397	      0.00000000
      2.23400000	     22.89344687	    189.78326715	      6.42307011	     -0.26274877	      0.00000000	      0.06307379	    -22.98314701	    192.53033301	    -21.22970274	      0.23803079	      0.00000000	      0.04351755	      0.00000000	     -1.04973294	      0.00000000	      0.00000000	      0.23765053	      0.00000000
      2.23500000	     22.11869715	    186.75718892	      6.38749732	     -0.26275036	      0.00000000	      0.06336033	    -24.83357747	    196.25825835	    -22.06748087	      0.23846452	      0.00000000	      0.04365005	      0.00000000	     -1.03324411	      0.00000000	      0.00000000	      0.26491911	      0.00000000
      2.23600000	     21.32549657	    183.69212237	      6.35110547	     -0.26275307	      0.00000000	      0.06365141	    -26.73567062	    199.97733238	    -22.92853491	      0.23891617	      0.00000000	      0.04378592	      0.00000000	     -1.01624776	      0.00000000	      0.00000000	      0.29247324	      0.00000000
      2.23700000	     20.51529391	    180.59124350	      6.31421283	     -0.26275683	      0.00000000	      0.06394687	    -28.66091498	    203.68539639	    -23.80195079	      0.23937640	      0.00000000	      0.04392290	      0.00000000	     -0.99873603	      0.00000000	      0.00000000	      0.31998376	      0.00000000
      2.23800000	     19.68984799	    177.45760750	      6.27729324	     -0.26276160	      0.00000000	      0.06424660	    -30.58263157	    207.38020557	    -24.67635324	      0.23983663	      0.00000000	      0.04405885	      0.00000000	     -0.98069871	      0.00000000	      0.00000000	      0.34714421	      0.00000000
      2.23900000	     18.85127713	    174.29424696	      6.24091653	     -0.26276737	      0.00000000	      0.06455046	    -32.47630553	    211.05943174	    -25.54013150	      0.24028930	      0.00000000	      0.04419196	      0.00000000	     -0.96212576	      0.00000000	      0.00000000	      0.37367603	      0.00000000
      2.24000000	     18.00212073	    171.10423741	      6.20570398	     -0.26277411	      0.00000000	      0.06485827	    -34.31985433	    214.72073985	    -26.38182309	      0.24072791	      0.00000000	      0.04432084	      0.00000000	     -0.94301892	      0.00000000	      0.00000000	      0.39933164	      0.00000000
      2.24100000	     17.14537245	    167.89073594	      6.17228133	     -0.26278168	      0.00000000	      0.06516981	    -36.09386895	    218.36178056	    -27.19059413	      0.24114691	      0.00000000	      0.04444449	      0.00000000	     -0.92339865	      0.00000000	      0.00000000	      0.42388993	      0.00000000
      2.24200000	     16.28441855	    164.65694451	      6.14124190	     -0.26278991	      0.00000000	      0.06548475	    -37.78182785	    221.98003138	    -27.95674677	      0.24154157	      0.00000000	      0.04456210	      0.00000000	     -0.90330026	      0.00000000	      0.00000000	      0.44715315	      0.00000000
      2.24300000	     15.42289030	    161.40602296	      6.11314120	     -0.26279860	      0.00000000	      0.06580273	    -39.37023875	    225.57263213	    -28.67219032	      0.24190801	      0.00000000	      0.04467292	      0.00000000	     -0.88276730	      0.00000000	      0.00000000	      0.46895710	      0.00000000
      2.24400000	     14.56450001	    158.14107590	      6.08851653	     -0.26280755	      0.00000000	      0.06612329	    -40.84870738	    229.13631505	    -29.33080956	      0.24224334	      0.00000000	      0.04477606	      0.00000000	     -0.86185088	      0.00000000	      0.00000000	      0.48918255	      0.00000000
      2.24500000	     13.71290610	    154.86525645	      6.06791298	     -0.26281646	      0.00000000	      0.06644596	    -42.20996397	    232.66745892	    -29.92868487	      0.24254561	      0.00000000	      0.04487061	      0.00000000	     -0.84061349	      0.00000000	      0.00000000	      0.50775386	      0.00000000
      2.24600000	     12.87160823	    151.58190396	      6.05189040	     -0.26282508	      0.00000000	      0.06677022	    -43.44983394	    236.16230493	    -30.46410395	      0.24281366	      0.00000000	      0.04495570	      0.00000000	     -0.81912965	      0.00000000	      0.00000000	      0.52462733	      0.00000000
      2.24700000	     12.04387065	    148.29462232	      6.04100409	     -0.26283318	      0.00000000	      0.06709553	    -44.56710039	    239.61723725	    -30.93731613	      0.24304712	      0.00000000	      0.04503076	      0.00000000	     -0.79747981	      0.00000000	      0.00000000	      0.53977878	      0.00000000
      2.24800000	     11.23265966	    145.00725029	      6.03576438	     -0.26284059	      0.00000000	      0.06742130	    -45.56322255	    243.02897722	    -31.35009161	      0.24324631	      0.00000000	      0.04509560	      0.00000000	     -0.77574510	      0.00000000	      0.00000000	      0.55319774	      0.00000000
      2.24900000	     10.44057413	    141.72375163	      6.03657996	     -0.26284718	      0.00000000	      0.06774688	    -46.44195205	    246.39469329	    -31.70523498	      0.24341226	      0.00000000	      0.04515046	      0.00000000	     -0.75400755	      0.00000000	      0.00000000	      0.56488336	      0.00000000
      2.25000000	      9.66979006	    138.44814430	      6.04371390	     -0.26285290	      0.00000000	      0.06807162	    -47.20894040	    249.71208001	    -32.00614414	      0.24354666	      0.00000000	      0.04519598	      0.00000000	     -0.73234964	      0.00000000	      0.00000000	      0.57483208	      0.00000000
      2.25100000	      8.92203761	    135.18450519	      6.05726955	     -0.26285780	      0.00000000	      0.06839487	    -47.87133856	    252.97937473	    -32.25641144	      0.24365178	      0.00000000	      0.04523318	      0.00000000	     -0.71085246	      0.00000000	      0.00000000	      0.58302737	      0.00000000
      2.25200000	      8.19859934	    131.93690567	      6.07717956	     -0.26286206	      0.00000000	      0.06871605	    -48.43730244	    256.19513352	    -32.45953420	      0.24373037	      0.00000000	      0.04526329	      0.00000000	     -0.68959617	      0.00000000	      0.00000000	      0.58944994	      0.00000000
      2.25300000	      7.50033254	    128.70923926	      6.10319335	     -0.26286589	      0.00000000	      0.06903459	    -48.91543693	    259.35770128	    -32.61881642	      0.24378548	      0.00000000	      0.04528745	      0.00000000	     -0.66865838	      0.00000000	      0.00000000	      0.59410281	      0.00000000
      2.25400000	      6.82771844	    125.50506229	      6.13488227	     -0.26286948	      0.00000000	      0.06934993	    -49.31433841	    262.46473431	    -32.73735340	      0.24382028	      0.00000000	      0.04530640	      0.00000000	     -0.64810974	      0.00000000	      0.00000000	      0.59702839	      0.00000000
      2.25500000	      6.18091720	    122.32743288	      6.17166760	     -0.26287281	      0.00000000	      0.06966153	    -49.64229627	    265.51311304	    -32.81796495	      0.24383785	      0.00000000	      0.04532053	      0.00000000	     -0.62801240	      0.00000000	      0.00000000	      0.59830794	      0.00000000
      2.25600000	      5.55980494	    119.17874643	      6.21287505	     -0.26287551	      0.00000000	      0.06996884	    -49.90709008	    268.49913207	    -32.86310642	      0.24384113	      0.00000000	      0.04533006	      0.00000000	     -0.60841942	      0.00000000	      0.00000000	      0.59805083	      0.00000000
      2.25700000	      4.96398039	    116.06072164	      6.25778594	     -0.26287678	      0.00000000	      0.07027132	    -50.11582583	    271.41869282	    -32.87481354	      0.24383282	      0.00000000	      0.04533513	      0.00000000	     -0.58937200	      0.00000000	      0.00000000	      0.59638228	      0.00000000
      2.25800000	      4.39274957	    112.97457003	      6.30565385	     -0.26287541	      0.00000000	      0.07056840	    -50.27479092	    274.26745017	    -32.85466106	      0.24381528	      0.00000000	      0.04533588	      0.00000000	     -0.57089640	      0.00000000	      0.00000000	      0.59343509	      0.00000000
      2.25900000	      3.84510750	    109.92122512	      6.35571067	     -0.26286989	      0.00000000	      0.07085946	    -50.38934351	    277.04101142	    -32.80372027	      0.24379055	      0.00000000	      0.04533258	      0.00000000	     -0.55300255	      0.00000000	      0.00000000	      0.58934639	      0.00000000
      2.26000000	      3.31971504	    106.90152368	      6.40718611	     -0.26285843	      0.00000000	      0.07114376	    -50.46387232	    279.73518410	    -32.72253914	      0.24376047	      0.00000000	      0.04532563	      0.00000000	     -0.53568407	      0.00000000	      0.00000000	      0.58424947	      0.00000000
      2.26100000	      2.81487097	    103.91628631	      6.45933810	     -0.26283904	      0.00000000	      0.07142042	    -50.50181608	    282.34617025	    -32.61117425	      0.24372681	      0.00000000	      0.04531558	      0.00000000	     -0.51892027	      0.00000000	      0.00000000	      0.57826478	      0.00000000
      2.26200000	      2.32849735	    100.96631296	      6.51148438	     -0.26280951	      0.00000000	      0.07168840	    -50.50570148	    284.87054491	    -32.46930839	      0.24369129	      0.00000000	      0.04530309	      0.00000000	     -0.50267953	      0.00000000	      0.00000000	      0.57150500	      0.00000000
      2.26300000	      1.85815087	     98.05235315	      6.56302622	     -0.26276750	      0.00000000	      0.07194662	    -50.47722064	    287.30501192	    -32.29643205	      0.24365548	      0.00000000	      0.04528866	      0.00000000	     -0.48692216	      0.00000000	      0.00000000	      0.56408621	      0.00000000
      2.26400000	      1.40105819	     95.17506823	      6.61347050	     -0.26271037	      0.00000000	      0.07219404	    -50.41738491	    289.64620639	    -32.09199981	      0.24362067	      0.00000000	      0.04527253	      0.00000000	     -0.47160126	      0.00000000	      0.00000000	      0.55613506	      0.00000000
      2.26500000	      0.95416349	     92.33500336	      6.66244904	     -0.26263512	      0.00000000	      0.07242972	    -50.32673038	    291.89075020	    -31.85554807	      0.24358782	      0.00000000	      0.04525464	      0.00000000	     -0.45666032	      0.00000000	      0.00000000	      0.54779372	      0.00000000
      2.26600000	      0.51419493	     89.53264067	      6.70971860	     -0.26253846	      0.00000000	      0.07265282	    -50.20552395	    294.03554472	    -31.58681142	      0.24355762	      0.00000000	      0.04523481	      0.00000000	     -0.44203136	      0.00000000	      0.00000000	      0.53921873	      0.00000000
      2.26700000	      0.07777167	     86.76852137	      6.75514155	     -0.26241696	      0.00000000	      0.07286245	    -50.05393697	    296.07811626	    -31.28579600	      0.24353075	      0.00000000	      0.04521290	      0.00000000	     -0.42763885	      0.00000000	      0.00000000	      0.53057345	      0.00000000
      2.26800000	     -0.35846555	     84.04331944	      6.79866306	     -0.26226725	      0.00000000	      0.07305748	    -49.87218553	    298.01678762	    -30.95276615	      0.24350793	      0.00000000	      0.04518888	      0.00000000	     -0.41340658	      0.00000000	      0.00000000	      0.52201612	      0.00000000
      2.26900000	     -0.79773284	     81.35783813	      6.84028982	     -0.26208616	      0.00000000	      0.07323661	    -49.66064595	    299.85071342	    -30.58818801	      0.24348990	      0.00000000	      0.04516287	      0.00000000	     -0.39926034	      0.00000000	      0.00000000	      0.51368432	      0.00000000
      2.27000000	     -1.24298499	     78.71299768	      6.88006560	     -0.26187067	      0.00000000	      0.07339839	    -49.41995946	    301.57999093	    -30.19267203	      0.24347740	      0.00000000	      0.04513518	      0.00000000	     -0.38512696	      0.00000000	      0.00000000	      0.50567854	      0.00000000
      2.27100000	     -1.69678314	     76.10983357	      6.91804515	     -0.26161769	      0.00000000	      0.07354113	    -49.15109464	    303.20576539	    -29.76693132	      0.24347112	      0.00000000	      0.04510650	      0.00000000	     -0.37093558	      0.00000000	      0.00000000	      0.49804989	      0.00000000
      2.27200000	     -2.16114648	     73.54945187	      6.95427072	     -0.26132396	      0.00000000	      0.07366280	    -48.85527377	    304.72999603	    -29.31182466	      0.24347166	      0.00000000	      0.04507771	      0.00000000	     -0.35662364	      0.00000000	      0.00000000	      0.49080793	      0.00000000
      2.27300000	     -2.63739708	     71.03289945	      6.98874802	     -0.26098599	      0.00000000	      0.07376098	    -48.53377620	    306.15489706	    -28.82849270	      0.24347944	      0.00000000	      0.04504964	      0.00000000	     -0.34214473	      0.00000000	      0.00000000	      0.48394807	      0.00000000
      2.27400000	     -3.12602691	     68.56100217	      7.02141242	     -0.26060035	      0.00000000	      0.07383292	    -48.18779965	    307.48254254	    -28.31844959	      0.24349475	      0.00000000	      0.04502274	      0.00000000	     -0.32747333	      0.00000000	      0.00000000	      0.47746966	      0.00000000
      2.27500000	     -3.62662021	     66.13426801	      7.05209037	     -0.26016393	      0.00000000	      0.07387571	    -47.81848627	    308.71488015	    -27.78355586	      0.24351778	      0.00000000	      0.04499716	      0.00000000	     -0.31260359	      0.00000000	      0.00000000	      0.47137756	      0.00000000
      2.27600000	     -4.13782180	     63.75283818	      7.08046843	     -0.25967403	      0.00000000	      0.07388649	    -47.42702047	    309.85388858	    -27.22594831	      0.24354863	      0.00000000	      0.04497278	      0.00000000	     -0.29754380	      0.00000000	      0.00000000	      0.46568351	      0.00000000
      2.27700000	     -4.65732659	     61.41643343	      7.10606179	     -0.25912838	      0.00000000	      0.07386245	    -47.01469460	    310.90170005	    -26.64798793	      0.24358726	      0.00000000	      0.04494935	      0.00000000	     -0.28231229	      0.00000000	      0.00000000	      0.46040784	      0.00000000
      2.27800000	     -5.18190223	     59.12435845	      7.12817099	     -0.25852518	      0.00000000	      0.07380113	    -46.58294631	    311.86078587	    -26.05222595	      0.24363357	      0.00000000	      0.04492664	      0.00000000	     -0.26693841	      0.00000000	      0.00000000	      0.45557412	      0.00000000
      2.27900000	     -5.70745103	     56.87562456	      7.14583843	     -0.25786321	      0.00000000	      0.07370059	    -46.13341147	    312.73417348	    -25.44135867	      0.24368738	      0.00000000	      0.04490463	      0.00000000	     -0.25146523	      0.00000000	      0.00000000	      0.45119769	      0.00000000
      2.28000000	     -6.22909327	     54.66913252	      7.15781731	     -0.25714181	      0.00000000	      0.07355942	    -45.66800111	    313.52551570	    -24.81816215	      0.24374849	      0.00000000	      0.04488359	      0.00000000	     -0.23594878	      0.00000000	      0.00000000	      0.44727241	      0.00000000
      2.28100000	     -6.74127877	     52.50378108	      7.16255332	     -0.25636094	      0.00000000	      0.07337668	    -45.18893392	    314.23897748	    -24.18546424	      0.24381671	      0.00000000	      0.04486399	      0.00000000	     -0.22045241	      0.00000000	      0.00000000	      0.44376716	      0.00000000
      2.28200000	     -7.23794816	     50.37846448	      7.15818606	     -0.25552117	      0.00000000	      0.07315197	    -44.69865400	    314.87898315	    -23.54616911	      0.24389186	      0.00000000	      0.04484635	      0.00000000	     -0.20504152	      0.00000000	      0.00000000	      0.44063757	      0.00000000
      2.28300000	     -7.71272784	     48.29206888	      7.14257861	     -0.25462362	      0.00000000	      0.07288549	    -44.19966477	    315.44987918	    -22.90327155	      0.24397372	      0.00000000	      0.04483106	      0.00000000	     -0.18978520	      0.00000000	      0.00000000	      0.43783971	      0.00000000
      2.28400000	     -8.15913070	     46.24349405	      7.11336728	     -0.25366983	      0.00000000	      0.07257797	    -43.69436471	    315.95563576	    -22.25984248	      0.24406192	      0.00000000	      0.04481827	      0.00000000	     -0.17476130	      0.00000000	      0.00000000	      0.43533561	      0.00000000
      2.28500000	     -8.57075814	     44.23168887	      7.06802919	     -0.25266181	      0.00000000	      0.07223079	    -43.18494649	    316.39967150	    -21.61900124	      0.24415595	      0.00000000	      0.04480782	      0.00000000	     -0.16005587	      0.00000000	      0.00000000	      0.43309636	      0.00000000
      2.28600000	     -8.94148030	     42.25576443	      7.00398126	     -0.25160220	      0.00000000	      0.07184609	    -42.67337829	    316.78487447	    -20.98383717	      0.24425516	      0.00000000	      0.04479926	      0.00000000	     -0.14575821	      0.00000000	      0.00000000	      0.43110678	      0.00000000
      2.28700000	     -9.26557298	     40.31513407	      6.91871371	     -0.25049415	      0.00000000	      0.07142685	    -42.16143072	    317.11381721	    -20.35726251	      0.24435882	      0.00000000	      0.04479203	      0.00000000	     -0.13195779	      0.00000000	      0.00000000	      0.42936374	      0.00000000
      2.28800000	      0.00000000	      0.00000000	      0.00000000	      0.00000000	      0.00000000	      0.00000000	    -41.65069585	    317.38900751	    -19.74186937	      0.24446626	      0.00000000	      0.04478560	      0.00000000	      0.00000000	      0.00000000	      0.00000000	      0.42786363	      0.00000000
      2.28900000	      0.00000000	      0.00000000	      0.00000000	      0.00000000	      0.00000000	      0.00000000	    -41.14259906	    317.61311630	    -19.13984693	      0.24457686	      0.00000000	      0.04477962	      0.00000000	      0.00000000	      0.00000000	      0.00000000	      0.42658831	      0.00000000
      2.29000000	      0.00000000	      0.00000000	      0.00000000	      0.00000000	      0.00000000	      0.00000000	    -40.63844084	    317.78924716	    -18.55294676	      0.24469019	      0.00000000	      0.04477398	      0.00000000	      0.00000000	      0.00000000	      0.00000000	      0.42549860	      0.00000000
      2.29100000	      0.00000000	      0.00000000	      0.00000000	      0.00000000	      0.00000000	      0.00000000	    -40.13944597	    317.92114117	    -17.98248569	      0.24480609	      0.00000000	      0.04476900	      0.00000000	      0.00000000	      0.00000000	      0.00000000	      0.42453424	      0.00000000
      2.29200000	      0.00000000	      0.00000000	      0.00000000	      0.00000000	      0.00000000	      0.00000000	    -39.64671200	    318.01294526	    -17.42941294	      0.24492462	      0.00000000	      0.04476534	      0.00000000	      0.00000000	      0.00000000	      0.00000000	      0.42362645	      0.00000000
      2.29300000	      0.00000000	      0.00000000	      0.00000000	      0.00000000	      0.00000000	      0.00000000	    -39.16104569	    318.06849980	    -16.89445004	      0.24504590	      0.00000000	      0.04476361	      0.00000000	      0.00000000	      0.00000000	      0.00000000	      0.42272514	      0.00000000
      2.29400000	      0.00000000	      0.00000000	      0.00000000	      0.00000000	      0.00000000	      0.00000000	    -38.68285114	    318.09078853	    -16.37821859	      0.24517002	      0.00000000	      0.04476417	      0.00000000	      0.00000000	      0.00000000	      0.00000000	      0.42181785	      0.00000000
      2.29500000	      0.00000000	      0.00000000	      0.00000000	      0.00000000	      0.00000000	      0.00000000	    -38.21215959	    318.08192435	    -15.88127267	      0.24529694	      0.00000000	      0.04476701	      0.00000000	      0.00000000	      0.00000000	      0.00000000	      0.42092089	      0.00000000
      2.29600000	      0.00000000	      0.00000000	      0.00000000	      0.00000000	      0.00000000	      0.00000000	    -37.74873142	    318.04334477	    -15.40407922	      0.24542663	      0.00000000	      0.04477184	      0.00000000	      0.00000000	      0.00000000	      0.00000000	      0.42005653	      0.00000000
      2.29700000	      0.00000000	      0.00000000	      0.00000000	      0.00000000	      0.00000000	      0.00000000	    -37.29215997	    317.97600582	    -14.94700111	      0.24555901	      0.00000000	      0.04477825	      0.00000000	      0.00000000	      0.00000000	      0.00000000	      0.41924049	      0.00000000
      2.29800000	      0.00000000	      0.00000000	      0.00000000	      0.00000000	      0.00000000	      0.00000000	    -36.84195277	    317.88066058	    -14.51025427	      0.24569399	      0.00000000	      0.04478581	      0.00000000	      0.00000000	      0.00000000	      0.00000000	      0.41848513	      0.00000000
      2.29900000	      0.00000000	      0.00000000	      0.00000000	      0.00000000	      0.00000000	      0.00000000	    -36.39758893	    317.75816113	    -14.09384801	      0.24583154	      0.00000000	      0.04479432	      0.00000000	      0.00000000	      0.00000000	      0.00000000	      0.41780508	      0.00000000
      2.30000000	      0.00000000	      0.00000000	      0.00000000	      0.00000000	      0.00000000	      0.00000000	    -35.95855698	    317.60961838	    -13.69755804	      0.24597174	      0.00000000	      0.04480384	      0.00000000	      0.00000000	      0.00000000	      0.00000000	      0.41721203	      0.00000000
      2.30100000	      0.00000000	      0.00000000	      0.00000000	      0.00000000	      0.00000000	      0.00000000	    -35.52437225	    317.43639507	    -13.32094470	      0.24611475	      0.00000000	      0.04481471	      0.00000000	      0.00000000	      0.00000000	      0.00000000	      0.41670543	      0.00000000
      2.30200000	      0.00000000	      0.00000000	      0.00000000	      0.00000000	      0.00000000	      0.00000000	    -35.09456782	    317.23992797	    -12.96342491	      0.24626070	      0.00000000	      0.04482740	      0.00000000	      0.00000000	      0.00000000	      0.00000000	      0.41627545	      0.00000000
      2.30300000	      0.00000000	      0.00000000	      0.00000000	      0.00000000	      0.00000000	      0.00000000	    -34.66865630	    317.02139096	    -12.62435736	      0.24640957	      0.00000000	      0.04484227	      0.00000000	      0.00000000	      0.00000000	      0.00000000	      0.41591438	      0.00000000
      2.30400000	      0.00000000	      0.00000000	      0.00000000	      0.00000000	      0.00000000	      0.00000000	    -34.24607187	    316.78140559	    -12.30308023	      0.24656120	      0.00000000	      0.04485941	      0.00000000	      0.00000000	      0.00000000	      0.00000000	      0.41562499	      0.00000000
      2.30500000	      0.00000000	      0.00000000	      0.00000000	      0.00000000	      0.00000000	      0.00000000	    -33.82612854	    316.52001493	    -11.99891425	      0.24671534	      0.00000000	      0.04487867	      0.00000000	      0.00000000	      0.00000000	      0.00000000	      0.41543000	      0.00000000
      2.30600000	      0.00000000	      0.00000000	      0.00000000	      0.00000000	      0.00000000	      0.00000000	    -33.40805044	    316.23692613	    -11.71113309	      0.24687171	      0.00000000	      0.04489981	      0.00000000	      0.00000000	      0.00000000	      0.00000000	      0.41537844	      0.00000000
      2.30700000	      0.00000000	      0.00000000	      0.00000000	      0.00000000	      0.00000000	      0.00000000	    -32.99106043	    315.93183192	    -11.43892008	      0.24703011	      0.00000000	      0.04492269	      0.00000000	      0.00000000	      0.00000000	      0.00000000	      0.41553588	      0.00000000
      2.30800000	      0.00000000	      0.00000000	      0.00000000	      0.00000000	      0.00000000	      0.00000000	    -32.57444738	    315.60455013	    -11.18137563	      0.24719037	      0.00000000	      0.04494733	      0.00000000	      0.00000000	      0.00000000	      0.00000000	      0.41596700	      0.00000000
      2.30900000	      0.00000000	      0.00000000	      0.00000000	      0.00000000	      0.00000000	      0.00000000	    -32.15759582	    315.25497501	    -10.93754645	      0.24735229	      0.00000000	      0.04497388	      0.00000000	      0.00000000	      0.00000000	      0.00000000	      0.41672191	      0.00000000
      2.31000000	      0.00000000	      0.00000000	      0.00000000	      0.00000000	      0.00000000	      0.00000000	    -31.74000602	    314.88312310	    -10.70641319	      0.24751573	      0.00000000	      0.04500258	      0.00000000	      0.00000000	      0.00000000	      0.00000000	      0.41782337	      0.00000000
      2.31100000	      0.00000000	      0.00000000	      0.00000000	      0.00000000	      0.00000000	      0.00000000	    -31.32128199	    314.48929804	    -10.48686828	      0.24768061	      0.00000000	      0.04503386	      0.00000000	      0.00000000	      0.00000000	      0.00000000	      0.41925962	      0.00000000
      2.31200000	      0.00000000	      0.00000000	      0.00000000	      0.00000000	      0.00000000	      0.00000000	    -30.90104470	    314.07397766	    -10.27778428	      0.24784693	      0.00000000	      0.04506824	      0.00000000	      0.00000000	      0.00000000	      0.00000000	      0.42099724	      0.00000000
      2.31300000	      0.00000000	      0.00000000	      0.00000000	      0.00000000	      0.00000000	      0.00000000	    -30.47881400	    313.63730877	    -10.07818158	      0.24801456	      0.00000000	      0.04510606	      0.00000000	      0.00000000	      0.00000000	      0.00000000	      0.42300841	      0.00000000
      2.31400000	      0.00000000	      0.00000000	      0.00000000	      0.00000000	      0.00000000	      0.00000000	    -30.05396493	    313.17871426	     -9.88733049	      0.24818324	      0.00000000	      0.04514725	      0.00000000	      0.00000000	      0.00000000	      0.00000000	      0.42528429	      0.00000000
      2.31500000	      0.00000000	      0.00000000	      0.00000000	      0.00000000	      0.00000000	      0.00000000	    -29.62576950	    312.69695218	     -9.70469907	      0.24835266	      0.00000000	      0.04519135	      0.00000000	      0.00000000	      0.00000000	      0.00000000	      0.42782244	      0.00000000
      2.31600000	      0.00000000	      0.00000000	      0.00000000	      0.00000000	      0.00000000	      0.00000000	    -29.19345560	    312.19035041	     -9.52986588	      0.24852245	      0.00000000	      0.04523767	      0.00000000	      0.00000000	      0.00000000	      0.00000000	      0.43060936	      0.00000000
      2.31700000	      0.00000000	      0.00000000	      0.00000000	      0.00000000	      0.00000000	      0.00000000	    -28.75626509	    311.65697456	     -9.36248561	      0.24869213	      0.00000000	      0.04528533	      0.00000000	      0.00000000	      0.00000000	      0.00000000	      0.43361973	      0.00000000
      2.31800000	      0.00000000	      0.00000000	      0.00000000	      0.00000000	      0.00000000	      0.00000000	    -28.31352073	    311.09485643	     -9.20225328	      0.24886117	      0.00000000	      0.04533343	      0.00000000	      0.00000000	      0.00000000	      0.00000000	      0.43682593	      0.00000000
      2.31900000	      0.00000000	      0.00000000	      0.00000000	      0.00000000	      0.00000000	      0.00000000	    -27.86467303	    310.50236202	     -9.04883721	      0.24902905	      0.00000000	      0.04538132	      0.00000000	      0.00000000	      0.00000000	      0.00000000	      0.44020279	      0.00000000
      2.32000000	      0.00000000	      0.00000000	      0.00000000	      0.00000000	      0.00000000	      0.00000000	    -27.40930100	    309.87853746	     -8.90183695	      0.24919547	      0.00000000	      0.04542874	      0.00000000	      0.00000000	      0.00000000	      0.00000000	      0.44372434	      0.00000000
      2.32100000	      0.00000000	      0.00000000	      0.00000000	      0.00000000	      0.00000000	      0.00000000	    -26.94708235	    309.22318185	     -8.76079017	      0.24936036	      0.00000000	      0.04547584	      0.00000000	      0.00000000	      0.00000000	      0.00000000	      0.44735817	      0.00000000
      2.32200000	      0.00000000	      0.00000000	      0.00000000	      0.00000000	      0.00000000	      0.00000000	    -26.47774770	    308.53654260	     -8.62521803	      0.24952377	      0.00000000	      0.04552301	      0.00000000	      0.00000000	      0.00000000	      0.00000000	      0.45106873	      0.00000000
      2.32300000	      0.00000000	      0.00000000	      0.00000000	      0.00000000	      0.00000000	      0.00000000	    -26.00102837	    307.81885276	     -8.49470431	      0.24968577	      0.00000000	      0.04557064	      0.00000000	      0.00000000	      0.00000000	      0.00000000	      0.45482911	      0.00000000
      2.32400000	      0.00000000	      0.00000000	      0.00000000	      0.00000000	      0.00000000	      0.00000000	    -25.51662542	    307.06999239	     -8.36897434	      0.24984626	      0.00000000	      0.04561892	      0.00000000	      0.00000000	      0.00000000	      0.00000000	      0.45862721	      0.00000000
      2.32500000	      0.00000000	      0.00000000	      0.00000000	      0.00000000	      0.00000000	      0.00000000	    -25.02421846	    306.28935501	     -8.24793009	      0.25000496	      0.00000000	      0.04566773	      0.00000000	      0.00000000	      0.00000000	      0.00000000	      0.46246469	      0.00000000
      2.32600000	      0.00000000	      0.00000000	      0.00000000	      0.00000000	      0.00000000	      0.00000000	    -24.52350705	    305.47596139	     -8.13161524	      0.25016139	      0.00000000	      0.04571665	      0.00000000	      0.00000000	      0.00000000	      0.00000000	      0.46635189	      0.00000000
      2.32700000	      0.00000000	      0.00000000	      0.00000000	      0.00000000	      0.00000000	      0.00000000	    -24.01426304	    304.62878810	     -8.02012894	      0.25031505	      0.00000000	      0.04576510	      0.00000000	      0.00000000	      0.00000000	      0.00000000	      0.47029911	      0.00000000
      2.32800000	      0.00000000	      0.00000000	      0.00000000	      0.00000000	      0.00000000	      0.00000000	    -23.49637691	    303.74708332	     -7.91355385	      0.25046548	      0.00000000	      0.04581250	      0.00000000	      0.00000000	      0.00000000	      0.00000000	      0.47430754	      0.00000000
      2.32900000	      0.00000000	      0.00000000	      0.00000000	      0.00000000	      0.00000000	      0.00000000	    -22.96989959	    302.83057695	     -7.81190639	      0.25061235	      0.00000000	      0.04585841	      0.00000000	      0.00000000	      0.00000000	      0.00000000	      0.47836056	      0.00000000
      2.33000000	      0.00000000	      0.00000000	      0.00000000	      0.00000000	      0.00000000	      0.00000000	    -22.43508481	    301.87972677	     -7.71506083	      0.25075547	      0.00000000	      0.04590267	      0.00000000	      0.00000000	      0.00000000	      0.00000000	      0.48241795	      0.00000000
      2.33100000	      0.00000000	      0.00000000	      0.00000000	      0.00000000	      0.00000000	      0.00000000	    -21.89240614	    300.89589844	     -7.62267806	      0.25089479	      0.00000000	      0.04594558	      0.00000000	      0.00000000	      0.00000000	      0.00000000	      0.48641867	      0.00000000
      2.33200000	      0.00000000	      0.00000000	      0.00000000	      0.00000000	      0.00000000	      0.00000000	    -21.34249631	    299.88111255	     -7.53425151	      0.25103035	      0.00000000	      0.04598772	      0.00000000	      0.00000000	      0.00000000	      0.00000000	      0.49029103	      0.00000000
      2.33300000	      0.00000000	      0.00000000	      0.00000000	      0.00000000	      0.00000000	      0.00000000	    -20.78602048	    298.83742394	     -7.44928577	      0.25116214	      0.00000000	      0.04602965	      0.00000000	      0.00000000	      0.00000000	      0.00000000	      0.49396714	      0.00000000
      2.33400000	      0.00000000	      0.00000000	      0.00000000	      0.00000000	      0.00000000	      0.00000000	    -20.22359536	    297.76647024	     -7.36744945	      0.25129010	      0.00000000	      0.04607160	      0.00000000	      0.00000000	      0.00000000	      0.00000000	      0.49739268	      0.00000000
      2.33500000	      0.00000000	      0.00000000	      0.00000000	      0.00000000	      0.00000000	      0.00000000	    -19.65579994	    296.66943469	     -7.28857791	      0.25141411	      0.00000000	      0.04611354	      0.00000000	      0.00000000	      0.00000000	      0.00000000	      0.50052870	      0.00000000
      2.33600000	      0.00000000	      0.00000000	      0.00000000	      0.00000000	      0.00000000	      0.00000000	    -19.08318526	    295.54721171	     -7.21259155	      0.25153400	      0.00000000	      0.04615523	      0.00000000	      0.00000000	      0.00000000	      0.00000000	      0.50335761	      0.00000000
      2.33700000	      0.00000000	      0.00000000	      0.00000000	      0.00000000	      0.00000000	      0.00000000	    -18.50625490	    294.40057033	     -7.13942786	      0.25164953	      0.00000000	      0.04619632	      0.00000000	      0.00000000	      0.00000000	      0.00000000	      0.50588923	      0.00000000
      2.33800000	      0.00000000	      0.00000000	      0.00000000	      0.00000000	      0.00000000	      0.00000000	    -17.92549868	    293.23027002	     -7.06898873	      0.25176042	      0.00000000	      0.04623642	      0.00000000	      0.00000000	      0.00000000	      0.00000000	      0.50814938	      0.00000000
      2.33900000	      0.00000000	      0.00000000	      0.00000000	      0.00000000	      0.00000000	      0.00000000	    -17.34146774	    292.03714070	     -7.00109063	      0.25186637	      0.00000000	      0.04627519	      0.00000000	      0.00000000	      0.00000000	      0.00000000	      0.51016366	      0.00000000
      2.34000000	      0.00000000	      0.00000000	      0.00000000	      0.00000000	      0.00000000	      0.00000000	    -16.75480929	    290.82217724	     -6.93544114	      0.25196706	      0.00000000	      0.04631249	      0.00000000	      0.00000000	      0.00000000	      0.00000000	      0.51195308	      0.00000000
      2.34100000	      0.00000000	      0.00000000	      0.00000000	      0.00000000	      0.00000000	      0.00000000	    -16.16624796	    289.58658459	     -6.87165127	      0.25206226	      0.00000000	      0.04634842	      0.00000000	      0.00000000	      0.00000000	      0.00000000	      0.51353368	      0.00000000
      2.34200000	      0.00000000	      0.00000000	      0.00000000	      0.00000000	      0.00000000	      0.00000000	    -15.57651930	    288.33161949	     -6.80927148	      0.25215193	      0.00000000	      0.04638328	      0.00000000	      0.00000000	      0.00000000	      0.00000000	      0.51491849	      0.00000000
      2.34300000	      0.00000000	      0.00000000	      0.00000000	      0.00000000	      0.00000000	      0.00000000	    -14.98628438	    287.05830621	     -6.74784848	      0.25223618	      0.00000000	      0.04641728	      0.00000000	      0.00000000	      0.00000000	      0.00000000	      0.51612444	      0.00000000
      2.34400000	      0.00000000	      0.00000000	      0.00000000	      0.00000000	      0.00000000	      0.00000000	    -14.39609120	    285.76722725	     -6.68699052	      0.25231516	      0.00000000	      0.04645042	      0.00000000	      0.00000000	      0.00000000	      0.00000000	      0.51717393	      0.00000000
      2.34500000	      0.00000000	      0.00000000	      0.00000000	      0.00000000	      0.00000000	      0.00000000	    -13.80639489	    284.45845184	     -6.62641182	      0.25238898	      0.00000000	      0.04648235	      0.00000000	      0.00000000	      0.00000000	      0.00000000	      0.51809177	      0.00000000
      2.34600000	      0.00000000	      0.00000000	      0.00000000	      0.00000000	      0.00000000	      0.00000000	    -13.21759046	    283.13162305	     -6.56593463	      0.25245765	      0.00000000	      0.04651253	      0.00000000	      0.00000000	      0.00000000	      0.00000000	      0.51890646	      0.00000000
      2.34700000	      0.00000000	      0.00000000	      0.00000000	      0.00000000	      0.00000000	      0.00000000	    -12.63002683	    281.78618174	     -6.50544736	      0.25252118	      0.00000000	      0.04654038	      0.00000000	      0.00000000	      0.00000000	      0.00000000	      0.51965363	      0.00000000
      2.34800000	      0.00000000	      0.00000000	      0.00000000	      0.00000000	      0.00000000	      0.00000000	    -12.04402317	    280.42156850	     -6.44485344	      0.25257963	      0.00000000	      0.04656539	      0.00000000	      0.00000000	      0.00000000	      0.00000000	      0.52037506	      0.00000000
      2.34900000	      0.00000000	      0.00000000	      0.00000000	      0.00000000	      0.00000000	      0.00000000	    -11.45991953	    279.03735264	     -6.38403569	      0.25263313	      0.00000000	      0.04658724	      0.00000000	      0.00000000	      0.00000000	      0.00000000	      0.52110803	      0.00000000
      2.35000000	      0.00000000	      0.00000000	      0.00000000	      0.00000000	      0.00000000	      0.00000000	    -10.87813578	    277.63344769	     -6.32281282	      0.25268191	      0.00000000	      0.04660588	      0.00000000	      0.00000000	      0.00000000	      0.00000000	      0.52186579	      0.00000000
      2.35100000	      0.00000000	      0.00000000	      0.00000000	      0.00000000	      0.00000000	      0.00000000	    -10.29918036	    276.21034448	     -6.26088499	      0.25272639	      0.00000000	      0.04662159	      0.00000000	      0.00000000	      0.00000000	      0.00000000	      0.52262224	      0.00000000
      2.35200000	      0.00000000	      0.00000000	      0.00000000	      0.00000000	      0.00000000	      0.00000000	     -9.72358411	    274.76898722	     -6.19784524	      0.25276713	      0.00000000	      0.04663496	      0.00000000	      0.00000000	      0.00000000	      0.00000000	      0.52331674	      0.00000000
      2.35300000	      0.00000000	      0.00000000	      0.00000000	      0.00000000	      0.00000000	      0.00000000	     -9.15178644	    273.31027099	     -6.13330083	      0.25280464	      0.00000000	      0.04664663	      0.00000000	      0.00000000	      0.00000000	      0.00000000	      0.52388083	      0.00000000
      2.35400000	      0.00000000	      0.00000000	      0.00000000	      0.00000000	      0.00000000	      0.00000000	     -8.58405028	    271.83466107	     -6.06699369	      0.25283936	      0.00000000	      0.04665713	      0.00000000	      0.00000000	      0.00000000	      0.00000000	      0.52426539	      0.00000000
      2.35500000	      0.00000000	      0.00000000	      0.00000000	      0.00000000	      0.00000000	      0.00000000	     -8.02044992	    270.34221572	     -5.99881887	      0.25287171	      0.00000000	      0.04666674	      0.00000000	      0.00000000	      0.00000000	      0.00000000	      0.52444852	      0.00000000
      2.35600000	      0.00000000	      0.00000000	      0.00000000	      0.00000000	      0.00000000	      0.00000000	     -7.46090862	    268.83281459	     -5.92878144	      0.25290207	      0.00000000	      0.04667553	      0.00000000	      0.00000000	      0.00000000	      0.00000000	      0.52443061	      0.00000000
      2.35700000	      0.00000000	      0.00000000	      0.00000000	      0.00000000	      0.00000000	      0.00000000	     -6.90527665	    267.30637376	     -5.85695469	      0.25293086	      0.00000000	      0.04668348	      0.00000000	      0.00000000	      0.00000000	      0.00000000	      0.52422575	      0.00000000
      2.35800000	      0.00000000	      0.00000000	      0.00000000	      0.00000000	      0.00000000	      0.00000000	     -6.35342863	    265.76298456	     -5.78344402	      0.25295847	      0.00000000	      0.04669057	      0.00000000	      0.00000000	      0.00000000	      0.00000000	      0.52385178	      0.00000000
      2.35900000	      0.00000000	      0.00000000	      0.00000000	      0.00000000	      0.00000000	      0.00000000	     -5.80531692	    264.20299666	     -5.70833152	      0.25298538	      0.00000000	      0.04669691	      0.00000000	      0.00000000	      0.00000000	      0.00000000	      0.52332016	      0.00000000
      2.36000000	      0.00000000	      0.00000000	      0.00000000	      0.00000000	      0.00000000	      0.00000000	     -5.26096888	    262.62706311	     -5.63161683	      0.25301217	      0.00000000	      0.04670285	      0.00000000	      0.00000000	      0.00000000	      0.00000000	      0.52262713	      0.00000000
      2.36100000	      0.00000000	      0.00000000	      0.00000000	      0.00000000	      0.00000000	      0.00000000	     -4.72047568	    261.03607193	     -5.55321359	      0.25303945	      0.00000000	      0.04670885	      0.00000000	      0.00000000	      0.00000000	      0.00000000	      0.52175119	      0.00000000
      2.36200000	      0.00000000	      0.00000000	      0.00000000	      0.00000000	      0.00000000	      0.00000000	     -4.18399885	    259.43093729	     -5.47302505	      0.25306773	      0.00000000	      0.04671535	      0.00000000	      0.00000000	      0.00000000	      0.00000000	      0.52065924	      0.00000000
      2.36300000	      0.00000000	      0.00000000	      0.00000000	      0.00000000	      0.00000000	      0.00000000	     -3.65177909	    257.81236104	     -5.39105365	      0.25309724	      0.00000000	      0.04672262	      0.00000000	      0.00000000	      0.00000000	      0.00000000	      0.51931915	      0.00000000
      2.36400000	      0.00000000	      0.00000000	      0.00000000	      0.00000000	      0.00000000	      0.00000000	     -3.12413059	    256.18068113	     -5.30745689	      0.25312793	      0.00000000	      0.04673067	      0.00000000	      0.00000000	      0.00000000	      0.00000000	      0.51771257	      0.00000000
      2.36500000	      0.00000000	      0.00000000	      0.00000000	      0.00000000	      0.00000000	      0.00000000	     -2.60141577	    254.53589928	     -5.22251373	      0.25315952	      0.00000000	      0.04673928	      0.00000000	      0.00000000	      0.00000000	      0.00000000	      0.51584036	      0.00000000
      2.36600000	      0.00000000	      0.00000000	      0.00000000	      0.00000000	      0.00000000	      0.00000000	     -2.08402166	    252.87786696	     -5.13655277	      0.25319156	      0.00000000	      0.04674814	      0.00000000	      0.00000000	      0.00000000	      0.00000000	      0.51371776	      0.00000000
      2.36700000	      0.00000000	      0.00000000	      0.00000000	      0.00000000	      0.00000000	      0.00000000	     -1.57238375	    251.20646122	     -5.04989382	      0.25322348	      0.00000000	      0.04675693	      0.00000000	      0.00000000	      0.00000000	      0.00000000	      0.51136095	      0.00000000
      2.36800000	      0.00000000	      0.00000000	      0.00000000	      0.00000000	      0.00000000	      0.00000000	     -1.06704948	    249.52170828	     -4.96282136	      0.25325455	      0.00000000	      0.04676534	      0.00000000	      0.00000000	      0.00000000	      0.00000000	      0.50877191	      0.00000000
      2.36900000	      0.00000000	      0.00000000	      0.00000000	      0.00000000	      0.00000000	      0.00000000	     -0.56873834	    247.82393634	     -4.87557730	      0.25328390	      0.00000000	      0.04677312	      0.00000000	      0.00000000	      0.00000000	      0.00000000	      0.50593089	      0.00000000
      2.37000000	      0.00000000	      0.00000000	      0.00000000	      0.00000000	      0.00000000	      0.00000000	     -0.07840894	    246.11399675	     -4.78832292	      0.25331059	      0.00000000	      0.04678024	      0.00000000	      0.00000000	      0.00000000	      0.00000000	      0.50278937	      0.00000000
      2.37100000	      0.00000000	      0.00000000	      0.00000000	      0.00000000	      0.00000000	      0.00000000	      0.40269209	    244.39346308	     -4.70107735	      0.25333377	      0.00000000	      0.04678706	      0.00000000	      0.00000000	      0.00000000	      0.00000000	      0.49925915	      0.00000000
      2.37200000	      0.00000000	      0.00000000	      0.00000000	      0.00000000	      0.00000000	      0.00000000	      0.87310720	    242.66448891	     -4.61374628	      0.25335268	      0.00000000	      0.04679428	      0.00000000	      0.00000000	      0.00000000	      0.00000000	      0.49521757	      0.00000000
      2.37300000	      0.00000000	      0.00000000	      0.00000000	      0.00000000	      0.00000000	      0.00000000	      1.33135365	    240.92926911	     -4.52627088	      0.25336658	      0.00000000	      0.04680254	      0.00000000	      0.00000000	      0.00000000	      0.00000000	      0.49053695	      0.00000000
      2.37400000	      0.00000000	      0.00000000	      0.00000000	      0.00000000	      0.00000000	      0.00000000	      1.77605585	    239.18959372	     -4.43874885	      0.25337466	      0.00000000	      0.04681210	      0.00000000	      0.00000000	      0.00000000	      0.00000000	      0.48511328	      0.00000000
      2.37500000	      0.00000000	      0.00000000	      0.00000000	      0.00000000	      0.00000000	      0.00000000	      2.20597606	    237.44680527	     -4.35142940	      0.25337599	      0.00000000	      0.04682291	      0.00000000	      0.00000000	      0.00000000	      0.00000000	      0.47887640	      0.00000000
      2.37600000	      0.00000000	      0.00000000	      0.00000000	      0.00000000	      0.00000000	      0.00000000	      2.62001345	    235.70199326	     -4.26463485	      0.25336953	      0.00000000	      0.04683475	      0.00000000	      0.00000000	      0.00000000	      0.00000000	      0.47178697	      0.00000000
      2.37700000	      0.00000000	      0.00000000	      0.00000000	      0.00000000	      0.00000000	      0.00000000	      3.01717520	    233.95621429	     -4.17867876	      0.25335418	      0.00000000	      0.04684733	      0.00000000	      0.00000000	      0.00000000	      0.00000000	      0.46382235	      0.00000000
      2.37800000	      0.00000000	      0.00000000	      0.00000000	      0.00000000	      0.00000000	      0.00000000	      3.39649262	    232.21067146	     -4.09381955	      0.25332874	      0.00000000	      0.04686048	      0.00000000	      0.00000000	      0.00000000	      0.00000000	      0.45495240	      0.00000000
      2.37900000	      0.00000000	      0.00000000	      0.00000000	      0.00000000	      0.00000000	      0.00000000	      3.75695353	    230.46686462	     -4.01025111	      0.25329193	      0.00000000	      0.04687427	      0.00000000	      0.00000000	      0.00000000	      0.00000000	      0.44512366	      0.00000000
      2.38000000	      0.00000000	      0.00000000	      0.00000000	      0.00000000	      0.00000000	      0.00000000	      4.09751459	    228.72671644	     -3.92809619	      0.25324244	      0.00000000	      0.04688915	      0.00000000	      0.00000000	      0.00000000	      0.00000000	      0.43426390	      0.00000000
      2.38100000	      0.00000000	      0.00000000	      0.00000000	      0.00000000	      0.00000000	      0.00000000	      4.41715612	    226.99254673	     -3.84740545	      0.25317897	      0.00000000	      0.04690601	      0.00000000	      0.00000000	      0.00000000	      0.00000000	      0.42229359	      0.00000000
      2.38200000	      0.00000000	      0.00000000	      0.00000000	      0.00000000	      0.00000000	      0.00000000	      4.71496587	    225.26677992	     -3.76818349	      0.25310033	      0.00000000	      0.04692592	      0.00000000	      0.00000000	      0.00000000	      0.00000000	      0.40913621	      0.00000000
      2.38300000	      0.00000000	      0.00000000	      0.00000000	      0.00000000	      0.00000000	      0.00000000	      4.99025659	    223.55154387	     -3.69042641	      0.25300554	      0.00000000	      0.04694980	      0.00000000	      0.00000000	      0.00000000	      0.00000000	      0.39473417	      0.00000000
      2.38400000	      0.00000000	      0.00000000	      0.00000000	      0.00000000	      0.00000000	      0.00000000	      5.24267979	    221.84835092	     -3.61416787	      0.25289391	      0.00000000	      0.04697825	      0.00000000	      0.00000000	      0.00000000	      0.00000000	      0.37906998	      0.00000000
      2.38500000	      0.00000000	      0.00000000	      0.00000000	      0.00000000	      0.00000000	      0.00000000	      5.47232553	    220.15791393	     -3.53952581	      0.25276504	      0.00000000	      0.04701137	      0.00000000	      0.00000000	      0.00000000	      0.00000000	      0.36217968	      0.00000000
      2.38600000	      0.00000000	      0.00000000	      0.00000000	      0.00000000	      0.00000000	      0.00000000	      5.67980851	    218.48015644	     -3.46669814	      0.25261891	      0.00000000	      0.04704878	      0.00000000	      0.00000000	      0.00000000	      0.00000000	      0.34415275	      0.00000000
      2.38700000	      0.00000000	      0.00000000	      0.00000000	      0.00000000	      0.00000000	      0.00000000	      5.86631379	    216.81434465	     -3.39590618	      0.25245606	      0.00000000	      0.04708976	      0.00000000	      0.00000000	      0.00000000	      0.00000000	      0.32512844	      0.00000000
      2.38800000	      0.00000000	      0.00000000	      0.00000000	      0.00000000	      0.00000000	      0.00000000	      6.03362339	    215.15916719	     -3.32731994	      0.25227790	      0.00000000	      0.04713349	      0.00000000	      0.00000000	      0.00000000	      0.00000000	      0.30529608	      0.00000000
      2.38900000	      0.00000000	      0.00000000	      0.00000000	      0.00000000	      0.00000000	      0.00000000	      6.18417558	    213.51278069	     -3.26094789	      0.25208683	      0.00000000	      0.04717914	      0.00000000	      0.00000000	      0.00000000	      0.00000000	      0.28489477	      0.00000000
      2.39000000	      0.00000000	      0.00000000	      0.00000000	      0.00000000	      0.00000000	      0.00000000	      6.32114490	    211.87292084	     -3.19650658	      0.25188638	      0.00000000	      0.04722614	      0.00000000	      0.00000000	      0.00000000	      0.00000000	      0.26420696	      0.00000000
      2.39100000	      0.00000000	      0.00000000	      0.00000000	      0.00000000	      0.00000000	      0.00000000	      6.44854608	    210.23693613	     -3.13335296	      0.25168138	      0.00000000	      0.04727419	      0.00000000	      0.00000000	      0.00000000	      0.00000000	      0.24355421	      0.00000000
      2.39200000	      0.00000000	      0.00000000	      0.00000000	      0.00000000	      0.00000000	      0.00000000	      6.57145361	    208.60143024	     -3.07052632	      0.25147803	      0.00000000	      0.04732307	      0.00000000	      0.00000000	      0.00000000	      0.00000000	      0.22331693	      0.00000000
      2.39300000	      0.00000000	      0.00000000	      0.00000000	      0.00000000	      0.00000000	      0.00000000	      6.69632953	    206.96158079	     -3.00684747	      0.25128394	      0.00000000	      0.04737213	      0.00000000	      0.00000000	      0.00000000	      0.00000000	      0.20398178	      0.00000000
      2.39400000	      0.00000000	      0.00000000	      0.00000000	      0.00000000	      0.00000000	      0.00000000	      6.83125339	    205.31066545	     -2.94098508	      0.25110829	      0.00000000	      0.04741990	      0.00000000	      0.00000000	      0.00000000	      0.00000000	      0.18618004	      0.00000000
      2.39500000	      0.00000000	      0.00000000	      0.00000000	      0.00000000	      0.00000000	      0.00000000	      6.98559648	    203.64024542	     -2.87149953	      0.25096183	      0.00000000	      0.04746405	      0.00000000	      0.00000000	      0.00000000	      0.00000000	      0.17067165	      0.00000000
      2.39600000	      0.00000000	      0.00000000	      0.00000000	      0.00000000	      0.00000000	      0.00000000	      7.16847434	    201.94139014	     -2.79696690	      0.25085578	      0.00000000	      0.04750173	      0.00000000	      0.00000000	      0.00000000	      0.00000000	      0.15824809	      0.00000000
      2.39700000	      0.00000000	      0.00000000	      0.00000000	      0.00000000	      0.00000000	      0.00000000	      7.38626785	    200.20692688	     -2.71626769	      0.25079948	      0.00000000	      0.04753013	      0.00000000	      0.00000000	      0.00000000	      0.00000000	      0.14956235	      0.00000000
      2.39800000	      0.00000000	      0.00000000	      0.00000000	      0.00000000	      0.00000000	      0.00000000	      7.64093169	    198.43338426	     -2.62898705	      0.25079829	      0.00000000	      0.04754715	      0.00000000	      0.00000000	      0.00000000	      0.00000000	      0.14494729	      0.00000000
      2.39900000	      0.00000000	      0.00000000	      0.00000000	      0.00000000	      0.00000000	      0.00000000	      7.93005109	    196.62130261	     -2.53564415	      0.25085339	      0.00000000	      0.04755172	      0.00000000	      0.00000000	      0.00000000	      0.00000000	      0.14430926	      0.00000000
      2.40000000	      0.00000000	      0.00000000	      0.00000000	      0.00000000	      0.00000000	      0.00000000	      8.24793384	    194.77461322	     -2.43745223	      0.25096241	      0.00000000	      0.04754387	      0.00000000	      0.00000000	      0.00000000	      0.00000000	      0.14717297	      0.00000000
      2.40100000	      0.00000000	      0.00000000	      0.00000000	      0.00000000	      0.00000000	      0.00000000	      8.58703890	    192.90018894	     -2.33576595	      0.25111991	      0.00000000	      0.04752474	      0.00000000	      0.00000000	      0.00000000	      0.00000000	      0.15286996	      0.00000000
      2.40200000	      0.00000000	      0.00000000	      0.00000000	      0.00000000	      0.00000000	      0.00000000	      8.93935901	    191.00706074	     -2.23178072	      0.25131816	      0.00000000	      0.04749633	      0.00000000	      0.00000000	      0.00000000	      0.00000000	      0.16072601	      0.00000000
      2.40300000	      0.00000000	      0.00000000	      0.00000000	      0.00000000	      0.00000000	      0.00000000	      9.29729616	    189.10491325	     -2.12666521	      0.25154844	      0.00000000	      0.04746091	      0.00000000	      0.00000000	      0.00000000	      0.00000000	      0.17012970	      0.00000000
      2.40400000	      0.00000000	      0.00000000	      0.00000000	      0.00000000	      0.00000000	      0.00000000	      9.65409112	    187.20271734	     -2.02169502	      0.25180214	      0.00000000	      0.04742043	      0.00000000	      0.00000000	      0.00000000	      0.00000000	      0.18053436	      0.00000000
      2.40500000	      0.00000000	      0.00000000	      0.00000000	      0.00000000	      0.00000000	      0.00000000	     10.00408483	    185.30810597	     -1.91811928	      0.25207115	      0.00000000	      0.04737630	      0.00000000	      0.00000000	      0.00000000	      0.00000000	      0.19146867	      0.00000000
      2.40600000	      0.00000000	      0.00000000	      0.00000000	      0.00000000	      0.00000000	      0.00000000	     10.34275011	    183.42730550	     -1.81696050	      0.25234808	      0.00000000	      0.04732943	      0.00000000	      0.00000000	      0.00000000	      0.00000000	      0.20253981	      0.00000000
      2.40700000	      0.00000000	      0.00000000	      0.00000000	      0.00000000	      0.00000000	      0.00000000	     10.66653481	    181.56527274	     -1.71894599	      0.25262651	      0.00000000	      0.04728047	      0.00000000	      0.00000000	      0.00000000	      0.00000000	      0.21341555	      0.00000000
      2.40800000	      0.00000000	      0.00000000	      0.00000000	      0.00000000	      0.00000000	      0.00000000	     10.97274722	    179.72587161	     -1.62455028	      0.25290106	      0.00000000	      0.04722982	      0.00000000	      0.00000000	      0.00000000	      0.00000000	      0.22381560	      0.00000000
      2.40900000	      0.00000000	      0.00000000	      0.00000000	      0.00000000	      0.00000000	      0.00000000	     11.25949328	    177.91215841	     -1.53405935	      0.25316738	      0.00000000	      0.04717779	      0.00000000	      0.00000000	      0.00000000	      0.00000000	      0.23351765	      0.00000000
      2.41000000	      0.00000000	      0.00000000	      0.00000000	      0.00000000	      0.00000000	      0.00000000	     11.52553055	    176.12682809	     -1.44758308	      0.25342213	      0.00000000	      0.04712486	      0.00000000	      0.00000000	      0.00000000	      0.00000000	      0.24235422	      0.00000000
      2.41100000	      0.00000000	      0.00000000	      0.00000000	      0.00000000	      0.00000000	      0.00000000	     11.77006755	    174.37259088	     -1.36500905	      0.25366299	      0.00000000	      0.04707200	      0.00000000	      0.00000000	      0.00000000	      0.00000000	      0.25019387	      0.00000000
      2.41200000	      0.00000000	      0.00000000	      0.00000000	      0.00000000	      0.00000000	      0.00000000	     11.99268156	    172.65209016	     -1.28603003	      0.25388865	      0.00000000	      0.04702055	      0.00000000	      0.00000000	      0.00000000	      0.00000000	      0.25693214	      0.00000000
      2.41300000	      0.00000000	      0.00000000	      0.00000000	      0.00000000	      0.00000000	      0.00000000	     12.19339055	    170.96735680	     -1.21031857	      0.25409849	      0.00000000	      0.04697160	      0.00000000	      0.00000000	      0.00000000	      0.00000000	      0.26251255	      0.00000000
      2.41400000	      0.00000000	      0.00000000	      0.00000000	      0.00000000	      0.00000000	      0.00000000	     12.37271037	    169.31938732	     -1.13767945	      0.25429229	      0.00000000	      0.04692550	      0.00000000	      0.00000000	      0.00000000	      0.00000000	      0.26695246	      0.00000000
      2.41500000	      0.00000000	      0.00000000	      0.00000000	      0.00000000	      0.00000000	      0.00000000	     12.53160528	    167.70825041	     -1.06803326	      0.25447013	      0.00000000	      0.04688179	      0.00000000	      0.00000000	      0.00000000	      0.00000000	      0.27034382	      0.00000000
      2.41600000	      0.00000000	      0.00000000	      0.00000000	      0.00000000	      0.00000000	      0.00000000	     12.67138369	    166.13345991	     -1.00129681	      0.25463251	      0.00000000	      0.04683965	      0.00000000	      0.00000000	      0.00000000	      0.00000000	      0.27283459	      0.00000000
      2.41700000	      0.00000000	      0.00000000	      0.00000000	      0.00000000	      0.00000000	      0.00000000	     12.79356656	    164.59428641	     -0.93728510	      0.25478042	      0.00000000	      0.04679820	      0.00000000	      0.00000000	      0.00000000	      0.00000000	      0.27460240	      0.00000000
      2.41800000	      0.00000000	      0.00000000	      0.00000000	      0.00000000	      0.00000000	      0.00000000	     12.89973525	    163.08998987	     -0.87568943	      0.25491524	      0.00000000	      0.04675670	      0.00000000	      0.00000000	      0.00000000	      0.00000000	      0.27582255	      0.00000000
      2.41900000	      0.00000000	      0.00000000	      0.00000000	      0.00000000	      0.00000000	      0.00000000	     12.99138218	    161.61998845	     -0.81608810	      0.25503850	      0.00000000	      0.04671479	      0.00000000	      0.00000000	      0.00000000	      0.00000000	      0.27663669	      0.00000000
      2.42000000	      0.00000000	      0.00000000	      0.00000000	      0.00000000	      0.00000000	      0.00000000	     13.06978636	    160.18389770	     -0.75793243	      0.25515180	      0.00000000	      0.04667252	      0.00000000	      0.00000000	      0.00000000	      0.00000000	      0.27713290	      0.00000000
      2.42100000	      0.00000000	      0.00000000	      0.00000000	      0.00000000	      0.00000000	      0.00000000	     13.13597143	    158.78144062	     -0.70054418	      0.25525662	      0.00000000	      0.04663020	      0.00000000	      0.00000000	      0.00000000	      0.00000000	      0.27734551	      0.00000000
      2.42200000	      0.00000000	      0.00000000	      0.00000000	      0.00000000	      0.00000000	      0.00000000	     13.19078254	    157.41232186	     -0.64320888	      0.25535424	      0.00000000	      0.04658823	      0.00000000	      0.00000000	      0.00000000	      0.00000000	      0.27727834	      0.00000000
      2.42300000	      0.00000000	      0.00000000	      0.00000000	      0.00000000	      0.00000000	      0.00000000	     13.23498783	    156.07612638	     -0.58534704	      0.25544573	      0.00000000	      0.04654679	      0.00000000	      0.00000000	      0.00000000	      0.00000000	      0.27694028	      0.00000000
      2.42400000	      0.00000000	      0.00000000	      0.00000000	      0.00000000	      0.00000000	      0.00000000	     13.26932508	    154.77225227	     -0.52661336	      0.25553212	      0.00000000	      0.04650565	      0.00000000	      0.00000000	      0.00000000	      0.00000000	      0.27636990	      0.00000000
      2.42500000	      0.00000000	      0.00000000	      0.00000000	      0.00000000	      0.00000000	      0.00000000	     13.29453634	    153.49991386	     -0.46686349	      0.25561434	      0.00000000	      0.04646424	      0.00000000	      0.00000000	      0.00000000	      0.00000000	      0.27564134	      0.00000000
      2.42600000	      0.00000000	      0.00000000	      0.00000000	      0.00000000	      0.00000000	      0.00000000	     13.31137601	    152.25822454	     -0.40609905	      0.25569312	      0.00000000	      0.04642181	      0.00000000	      0.00000000	      0.00000000	      0.00000000	      0.27485595	      0.00000000
      2.42700000	      0.00000000	      0.00000000	      0.00000000	      0.00000000	      0.00000000	      0.00000000	     13.32055257	    151.04629930	     -0.34445081	      0.25576892	      0.00000000	      0.04637753	      0.00000000	      0.00000000	      0.00000000	      0.00000000	      0.27412536	      0.00000000
      2.42800000	      0.00000000	      0.00000000	      0.00000000	      0.00000000	      0.00000000	      0.00000000	     13.32267407	    149.86335961	     -0.28214697	      0.25584193	      0.00000000	      0.04633072	      0.00000000	      0.00000000	      0.00000000	      0.00000000	      0.27355353	      0.00000000
      2.42900000	      0.00000000	      0.00000000	      0.00000000	      0.00000000	      0.00000000	      0.00000000	     13.31823845	    148.70890997	     -0.21943980	      0.25591222	      0.00000000	      0.04628094	      0.00000000	      0.00000000	      0.00000000	      0.00000000	      0.27321910	      0.00000000
      2.43000000	      0.00000000	      0.00000000	      0.00000000	      0.00000000	      0.00000000	      0.00000000	     13.30761731	    147.58300784	     -0.15650632	      0.25597999	      0.00000000	      0.04622840	      0.00000000	      0.00000000	      0.00000000	      0.00000000	      0.27315758	      0.00000000
      2.43100000	      0.00000000	      0.00000000	      0.00000000	      0.00000000	      0.00000000	      0.00000000	     13.29102180	    146.48642603	     -0.09336636	      0.25604567	      0.00000000	      0.04617411	      0.00000000	      0.00000000	      0.00000000	      0.00000000	      0.27335129	      0.00000000
      2.43200000	      0.00000000	      0.00000000	      0.00000000	      0.00000000	      0.00000000	      0.00000000	     13.26852727	    145.42038001	     -0.02990835	      0.25610984	      0.00000000	      0.04611960	      0.00000000	      0.00000000	      0.00000000	      0.00000000	      0.27374167	      0.00000000
      2.43300000	      0.00000000	      0.00000000	      0.00000000	      0.00000000	      0.00000000	      0.00000000	     13.24020437	    144.38591280	      0.03397257	      0.25617304	      0.00000000	      0.04606624	      0.00000000	      0.00000000	      0.00000000	      0.00000000	      0.27426327	      0.00000000
      2.43400000	      0.00000000	      0.00000000	      0.00000000	      0.00000000	      0.00000000	      0.00000000	     13.20626045	    143.38349876	      0.09827189	      0.25623566	      0.00000000	      0.04601480	      0.00000000	      0.00000000	      0.00000000	      0.00000000	      0.27487310	      0.00000000
      2.43500000	      0.00000000	      0.00000000	      0.00000000	      0.00000000	      0.00000000	      0.00000000	     13.16706483	    142.41307877	      0.16287389	      0.25629806	      0.00000000	      0.04596548	      0.00000000	      0.00000000	      0.00000000	      0.00000000	      0.27556073	      0.00000000
      2.43600000	      0.00000000	      0.00000000	      0.00000000	      0.00000000	      0.00000000	      0.00000000	     13.12308046	    141.47425900	      0.22756346	      0.25636054	      0.00000000	      0.04591806	      0.00000000	      0.00000000	      0.00000000	      0.00000000	      0.27634695	      0.00000000
      2.43700000	      0.00000000	      0.00000000	      0.00000000	      0.00000000	      0.00000000	      0.00000000	     13.07480030	    140.56651743	      0.29203661	      0.25642326	      0.00000000	      0.04587200	      0.00000000	      0.00000000	      0.00000000	      0.00000000	      0.27727392	      0.00000000
      2.43800000	      0.00000000	      0.00000000	      0.00000000	      0.00000000	      0.00000000	      0.00000000	     13.02270347	    139.68945726	      0.35595455	      0.25648623	      0.00000000	      0.04582683	      0.00000000	      0.00000000	      0.00000000	      0.00000000	      0.27838830	      0.00000000
      2.43900000	      0.00000000	      0.00000000	      0.00000000	      0.00000000	      0.00000000	      0.00000000	     12.96721858	    138.84308967	      0.41901375	      0.25654952	      0.00000000	      0.04578241	      0.00000000	      0.00000000	      0.00000000	      0.00000000	      0.27972585	      0.00000000
      2.44000000	      0.00000000	      0.00000000	      0.00000000	      0.00000000	      0.00000000	      0.00000000	     12.90870916	    138.02797465	      0.48099283	      0.25661355	      0.00000000	      0.04573925	      0.00000000	      0.00000000	      0.00000000	      0.00000000	      0.28129880	      0.00000000
      2.44100000	      0.00000000	      0.00000000	      0.00000000	      0.00000000	      0.00000000	      0.00000000	     12.84746763	    137.24506368	      0.54176736	      0.25667893	      0.00000000	      0.04569841	      0.00000000	      0.00000000	      0.00000000	      0.00000000	      0.28308546	      0.00000000
      2.44200000	      0.00000000	      0.00000000	      0.00000000	      0.00000000	      0.00000000	      0.00000000	     12.78371712	    136.49533082	      0.60127671	      0.25674625	      0.00000000	      0.04566106	      0.00000000	      0.00000000	      0.00000000	      0.00000000	      0.28503509	      0.00000000
      2.44300000	      0.00000000	      0.00000000	      0.00000000	      0.00000000	      0.00000000	      0.00000000	     12.71764360	    135.77945012	      0.65945563	      0.25681581	      0.00000000	      0.04562804	      0.00000000	      0.00000000	      0.00000000	      0.00000000	      0.28709270	      0.00000000
      2.44400000	      0.00000000	      0.00000000	      0.00000000	      0.00000000	      0.00000000	      0.00000000	     12.64944945	    135.09765419	      0.71618697	      0.25688764	      0.00000000	      0.04559965	      0.00000000	      0.00000000	      0.00000000	      0.00000000	      0.28921927	      0.00000000
      2.44500000	      0.00000000	      0.00000000	      0.00000000	      0.00000000	      0.00000000	      0.00000000	     12.57939396	    134.44972546	      0.77129899	      0.25696150	      0.00000000	      0.04557552	      0.00000000	      0.00000000	      0.00000000	      0.00000000	      0.29139008	      0.00000000
      2.44600000	      0.00000000	      0.00000000	      0.00000000	      0.00000000	      0.00000000	      0.00000000	     12.50778777	    133.83511407	      0.82458825	      0.25703697	      0.00000000	      0.04555478	      0.00000000	      0.00000000	      0.00000000	      0.00000000	      0.29358236	      0.00000000
      2.44700000	      0.00000000	      0.00000000	      0.00000000	      0.00000000	      0.00000000	      0.00000000	     12.43495410	    133.25318559	      0.87586221	      0.25711346	      0.00000000	      0.04553634	      0.00000000	      0.00000000	      0.00000000	      0.00000000	      0.29576736	      0.00000000
      2.44800000	      0.00000000	      0.00000000	      0.00000000	      0.00000000	      0.00000000	      0.00000000	     12.36119659	    132.70344843	      0.92500157	      0.25719024	      0.00000000	      0.04551929	      0.00000000	      0.00000000	      0.00000000	      0.00000000	      0.29791103	      0.00000000
      2.44900000	      0.00000000	      0.00000000	      0.00000000	      0.00000000	      0.00000000	      0.00000000	     12.28677700	    132.18566817	      0.97203326	      0.25726674	      0.00000000	      0.04550301	      0.00000000	      0.00000000	      0.00000000	      0.00000000	      0.29997773	      0.00000000
      2.45000000	      0.00000000	      0.00000000	      0.00000000	      0.00000000	      0.00000000	      0.00000000	     12.21186571	    131.70002211	      1.01719080	      0.25734268	      0.00000000	      0.04548741	      0.00000000	      0.00000000	      0.00000000	      0.00000000	      0.30192657	      0.00000000
      2.45100000	      0.00000000	      0.00000000	      0.00000000	      0.00000000	      0.00000000	      0.00000000	     12.13646999	    131.24728535	      1.06093538	      0.25741818	      0.00000000	      0.04547311	      0.00000000	      0.00000000	      0.00000000	      0.00000000	      0.30369912	      0.00000000
      2.45200000	      0.00000000	      0.00000000	      0.00000000	      0.00000000	      0.00000000	      0.00000000	     12.06044728	    130.82865491	      1.10389380	      0.25749367	      0.00000000	      0.04546128	      0.00000000	      0.00000000	      0.00000000	      0.00000000	      0.30522114	      0.00000000
      2.45300000	      0.00000000	      0.00000000	      0.00000000	      0.00000000	      0.00000000	      0.00000000	     11.98366493	    130.44518725	      1.14670065	      0.25756967	      0.00000000	      0.04545296	      0.00000000	      0.00000000	      0.00000000	      0.00000000	      0.30643295	      0.00000000
      2.45400000	      0.00000000	      0.00000000	      0.00000000	      0.00000000	      0.00000000	      0.00000000	     11.90618011	    130.09741914	      1.18986744	      0.25764656	      0.00000000	      0.04544856	      0.00000000	      0.00000000	      0.00000000	      0.00000000	      0.30732011	      0.00000000
      2.45500000	      0.00000000	      0.00000000	      0.00000000	      0.00000000	      0.00000000	      0.00000000	     11.82828192	    129.78539080	      1.23377975	      0.25772453	      0.00000000	      0.04544782	      0.00000000	      0.00000000	      0.00000000	      0.00000000	      0.30791481	      0.00000000
      2.45600000	      0.00000000	      0.00000000	      0.00000000	      0.00000000	      0.00000000	      0.00000000	     11.75040451	    129.50876748	      1.27876588	      0.25780352	      0.00000000	      0.04544996	      0.00000000	      0.00000000	      0.00000000	      0.00000000	      0.30827380	      0.00000000
      2.45700000	      0.00000000	      0.00000000	      0.00000000	      0.00000000	      0.00000000	      0.00000000	     11.67303437	    129.26694839	      1.32516528	      0.25788323	      0.00000000	      0.04545377	      0.00000000	      0.00000000	      0.00000000	      0.00000000	      0.30845633	      0.00000000
      2.45800000	      0.00000000	      0.00000000	      0.00000000	      0.00000000	      0.00000000	      0.00000000	     11.59665744	    129.05925335	      1.37336319	      0.25796317	      0.00000000	      0.04545787	      0.00000000	      0.00000000	      0.00000000	      0.00000000	      0.30851405	      0.00000000
      2.45900000	      0.00000000	      0.00000000	      0.00000000	      0.00000000	      0.00000000	      0.00000000	     11.52170597	    128.88513055	      1.42378541	      0.25804269	      0.00000000	      0.04546103	      0.00000000	      0.00000000	      0.00000000	      0.00000000	      0.30848864	      0.00000000
      2.46000000	      0.00000000	      0.00000000	      0.00000000	      0.00000000	      0.00000000	      0.00000000	     11.44851699	    128.74427737	      1.47690127	      0.25812109	      0.00000000	      0.04546234	      0.00000000	      0.00000000	      0.00000000	      0.00000000	      0.30841062	      0.00000000
      2.46100000	      0.00000000	      0.00000000	      0.00000000	      0.00000000	      0.00000000	      0.00000000	     11.37733610	    128.63665356	      1.53323651	      0.25819786	      0.00000000	      0.04546133	      0.00000000	      0.00000000	      0.00000000	      0.00000000	      0.30829552	      0.00000000
      2.46200000	      0.00000000	      0.00000000	      0.00000000	      0.00000000	      0.00000000	      0.00000000	     11.30835270	    128.56235687	      1.59330032	      0.25827262	      0.00000000	      0.04545779	      0.00000000	      0.00000000	      0.00000000	      0.00000000	      0.30814518	      0.00000000
      2.46300000	      0.00000000	      0.00000000	      0.00000000	      0.00000000	      0.00000000	      0.00000000	     11.24175973	    128.52134320	      1.65743401	      0.25834492	      0.00000000	      0.04545138	      0.00000000	      0.00000000	      0.00000000	      0.00000000	      0.30796478	      0.00000000
      2.46400000	      0.00000000	      0.00000000	      0.00000000	      0.00000000	      0.00000000	      0.00000000	     11.17781964	    128.51320173	      1.72573231	      0.25841424	      0.00000000	      0.04544149	      0.00000000	      0.00000000	      0.00000000	      0.00000000	      0.30778111	      0.00000000
      2.46500000	      0.00000000	      0.00000000	      0.00000000	      0.00000000	      0.00000000	      0.00000000	     11.11688597	    128.53720724	      1.79808226	      0.25848010	      0.00000000	      0.04542727	      0.00000000	      0.00000000	      0.00000000	      0.00000000	      0.30764211	      0.00000000
      2.46600000	      0.00000000	      0.00000000	      0.00000000	      0.00000000	      0.00000000	      0.00000000	     11.05937446	    128.59252334	      1.87424181	      0.25854225	      0.00000000	      0.04540799	      0.00000000	      0.00000000	      0.00000000	      0.00000000	      0.30760451	      0.00000000
      2.46700000	      0.00000000	      0.00000000	      0.00000000	      0.00000000	      0.00000000	      0.00000000	     11.00572155	    128.67836201	      1.95392047	      0.25860067	      0.00000000	      0.04538307	      0.00000000	      0.00000000	      0.00000000	      0.00000000	      0.30772419	      0.00000000
      2.46800000	      0.00000000	      0.00000000	      0.00000000	      0.00000000	      0.00000000	      0.00000000	     10.95634060	    128.79411512	      2.03683438	      0.25865560	      0.00000000	      0.04535227	      0.00000000	      0.00000000	      0.00000000	      0.00000000	      0.30804907	      0.00000000
      2.46900000	      0.00000000	      0.00000000	      0.00000000	      0.00000000	      0.00000000	      0.00000000	     10.91156217	    128.93951849	      2.12272169	      0.25870752	      0.00000000	      0.04531591	      0.00000000	      0.00000000	      0.00000000	      0.00000000	      0.30860960	      0.00000000
      2.47000000	      0.00000000	      0.00000000	      0.00000000	      0.00000000	      0.00000000	      0.00000000	     10.87155468	    129.11485765	      2.21139670	      0.25875711	      0.00000000	      0.04527509	      0.00000000	      0.00000000	      0.00000000	      0.00000000	      0.30940422	      0.00000000
      2.47100000	      0.00000000	      0.00000000	      0.00000000	      0.00000000	      0.00000000	      0.00000000	     10.83625299	    129.32109517	      2.30284735	      0.25880523	      0.00000000	      0.04523186	      0.00000000	      0.00000000	      0.00000000	      0.00000000	      0.31038308	      0.00000000
      2.47200000	      0.00000000	      0.00000000	      0.00000000	      0.00000000	      0.00000000	      0.00000000	     10.80538524	    129.55957726	      2.39720649	      0.25885268	      0.00000000	      0.04518885	      0.00000000	      0.00000000	      0.00000000	      0.00000000	      0.31145801	      0.00000000
      2.47300000	      0.00000000	      0.00000000	      0.00000000	      0.00000000	      0.00000000	      0.00000000	     10.77863536	    129.83131582	      2.49456514	      0.25890000	      0.00000000	      0.04514828	      0.00000000	      0.00000000	      0.00000000	      0.00000000	      0.31254885	      0.00000000
      2.47400000	      0.00000000	      0.00000000	      0.00000000	      0.00000000	      0.00000000	      0.00000000	     10.75580327	    130.13646424	      2.59485118	      0.25894743	      0.00000000	      0.04511127	      0.00000000	      0.00000000	      0.00000000	      0.00000000	      0.31361781	      0.00000000
      2.47500000	      0.00000000	      0.00000000	      0.00000000	      0.00000000	      0.00000000	      0.00000000	     10.73683829	    130.47434983	      2.69786694	      0.25899494	      0.00000000	      0.04507782	      0.00000000	      0.00000000	      0.00000000	      0.00000000	      0.31466310	      0.00000000
      2.47600000	      0.00000000	      0.00000000	      0.00000000	      0.00000000	      0.00000000	      0.00000000	     10.72179305	    130.84384658	      2.80335003	      0.25904239	      0.00000000	      0.04504733	      0.00000000	      0.00000000	      0.00000000	      0.00000000	      0.31570099	      0.00000000
      2.47700000	      0.00000000	      0.00000000	      0.00000000	      0.00000000	      0.00000000	      0.00000000	     10.71079159	    131.24377913	      2.91098718	      0.25908964	      0.00000000	      0.04501900	      0.00000000	      0.00000000	      0.00000000	      0.00000000	      0.31676132	      0.00000000
      2.47800000	      0.00000000	      0.00000000	      0.00000000	      0.00000000	      0.00000000	      0.00000000	     10.70401345	    131.67317538	      3.02043293	      0.25913661	      0.00000000	      0.04499216	      0.00000000	      0.00000000	      0.00000000	      0.00000000	      0.31788807	      0.00000000
      2.47900000	      0.00000000	      0.00000000	      0.00000000	      0.00000000	      0.00000000	      0.00000000	     10.70163081	    132.13141047	      3.13136596	      0.25918337	      0.00000000	      0.04496648	      0.00000000	      0.00000000	      0.00000000	      0.00000000	      0.31912703	      0.00000000
      2.48000000	      0.00000000	      0.00000000	      0.00000000	      0.00000000	      0.00000000	      0.00000000	     10.70372049	    132.61836581	      3.24355694	      0.25923014	      0.00000000	      0.04494213	      0.00000000	      0.00000000	      0.00000000	      0.00000000	      0.32050355	      0.00000000
      2.48100000	      0.00000000	      0.00000000	      0.00000000	      0.00000000	      0.00000000	      0.00000000	     10.71024083	    133.13448004	      3.35689634	      0.25927712	      0.00000000	      0.04491981	      0.00000000	      0.00000000	      0.00000000	      0.00000000	      0.32201365	      0.00000000
      2.48200000	      0.00000000	      0.00000000	      0.00000000	      0.00000000	      0.00000000	      0.00000000	     10.72108866	    133.68049441	      3.47134505	      0.25932459	      0.00000000	      0.04490049	      0.00000000	      0.00000000	      0.00000000	      0.00000000	      0.32363685	      0.00000000
      2.48300000	      0.00000000	      0.00000000	      0.00000000	      0.00000000	      0.00000000	      0.00000000	     10.73618725	    134.25704214	      3.58683144	      0.25937286	      0.00000000	      0.04488494	      0.00000000	      0.00000000	      0.00000000	      0.00000000	      0.32535727	      0.00000000
      2.48400000	      0.00000000	      0.00000000	      0.00000000	      0.00000000	      0.00000000	      0.00000000	     10.75554550	    134.86439361	      3.70317735	      0.25942218	      0.00000000	      0.04487340	      0.00000000	      0.00000000	      0.00000000	      0.00000000	      0.32717536	      0.00000000
      2.48500000	      0.00000000	      0.00000000	      0.00000000	      0.00000000	      0.00000000	      0.00000000	     10.77927007	    135.50237247	      3.82008273	      0.25947256	      0.00000000	      0.04486559	      0.00000000	      0.00000000	      0.00000000	      0.00000000	      0.32910843	      0.00000000
      2.48600000	      0.00000000	      0.00000000	      0.00000000	      0.00000000	      0.00000000	      0.00000000	     10.80755947	    136.17029824	      3.93712842	      0.25952374	      0.00000000	      0.04486065	      0.00000000	      0.00000000	      0.00000000	      0.00000000	      0.33119112	      0.00000000
      2.48700000	      0.00000000	      0.00000000	      0.00000000	      0.00000000	      0.00000000	      0.00000000	     10.84067215	    136.86698835	      4.05380519	      0.25957499	      0.00000000	      0.04485729	      0.00000000	      0.00000000	      0.00000000	      0.00000000	      0.33347392	      0.00000000
      2.48800000	      0.00000000	      0.00000000	      0.00000000	      0.00000000	      0.00000000	      0.00000000	     10.87886879	    137.59092802	      4.16959739	      0.25962525	      0.00000000	      0.04485389	      0.00000000	      0.00000000	      0.00000000	      0.00000000	      0.33601080	      0.00000000
      2.48900000	      0.00000000	      0.00000000	      0.00000000	      0.00000000	      0.00000000	      0.00000000	     10.92236583	    138.34059680	      4.28408411	      0.25967329	      0.00000000	      0.04484883	      0.00000000	      0.00000000	      0.00000000	      0.00000000	      0.33883781	      0.00000000
      2.49000000	      0.00000000	      0.00000000	      0.00000000	      0.00000000	      0.00000000	      0.00000000	     10.97127234	    139.11490512	      4.39700338	      0.25971800	      0.00000000	      0.04484102	      0.00000000	      0.00000000	      0.00000000	      0.00000000	      0.34194735	      0.00000000
      2.49100000	      0.00000000	      0.00000000	      0.00000000	      0.00000000	      0.00000000	      0.00000000	     11.02552504	    139.91357032	      4.50825923	      0.25975865	      0.00000000	      0.04483047	      0.00000000	      0.00000000	      0.00000000	      0.00000000	      0.34527090	      0.00000000
      2.49200000	      0.00000000	      0.00000000	      0.00000000	      0.00000000	      0.00000000	      0.00000000	     11.08495988	    140.73702078	      4.61786725	      0.25979483	      0.00000000	      0.04481820	      0.00000000	      0.00000000	      0.00000000	      0.00000000	      0.34869527	      0.00000000
      2.49300000	      0.00000000	      0.00000000	      0.00000000	      0.00000000	      0.00000000	      0.00000000	     11.14950322	    141.58579512	      4.72585424	      0.25982634	      0.00000000	      0.04480557	      0.00000000	      0.00000000	      0.00000000	      0.00000000	      0.35210739	      0.00000000
      2.49400000	      0.00000000	      0.00000000	      0.00000000	      0.00000000	      0.00000000	      0.00000000	     11.21927373	    142.46003100	      4.83217453	      0.25985316	      0.00000000	      0.04479357	      0.00000000	      0.00000000	      0.00000000	      0.00000000	      0.35542662	      0.00000000
      2.49500000	      0.00000000	      0.00000000	      0.00000000	      0.00000000	      0.00000000	      0.00000000	     11.29454305	    143.35940128	      4.93668484	      0.25987548	      0.00000000	      0.04478269	      0.00000000	      0.00000000	      0.00000000	      0.00000000	      0.35860930	      0.00000000
      2.49600000	      0.00000000	      0.00000000	      0.00000000	      0.00000000	      0.00000000	      0.00000000	     11.37570100	    144.28328715	      5.03916556	      0.25989369	      0.00000000	      0.04477310	      0.00000000	      0.00000000	      0.00000000	      0.00000000	      0.36164561	      0.00000000
      2.49700000	      0.00000000	      0.00000000	      0.00000000	      0.00000000	      0.00000000	      0.00000000	     11.46327252	    145.23093021	      5.13939008	      0.25990825	      0.00000000	      0.04476480	      0.00000000	      0.00000000	      0.00000000	      0.00000000	      0.36455638	      0.00000000
      2.49800000	      0.00000000	      0.00000000	      0.00000000	      0.00000000	      0.00000000	      0.00000000	     11.55787097	    146.20153055	      5.23721735	      0.25991962	      0.00000000	      0.04475776	      0.00000000	      0.00000000	      0.00000000	      0.00000000	      0.36737911	      0.00000000
      2.49900000	      0.00000000	      0.00000000	      0.00000000	      0.00000000	      0.00000000	      0.00000000	     11.66005861	    147.19436336	      5.33264046	      0.25992843	      0.00000000	      0.04475204	      0.00000000	      0.00000000	      0.00000000	      0.00000000	      0.37014496	      0.00000000
      2.50000000	      0.00000000	      0.00000000	      0.00000000	      0.00000000	      0.00000000	      0.00000000	     11.77023960	    148.20892670	      5.42577425	      0.25993561	      0.00000000	      0.04474792	      0.00000000	      0.00000000	      0.00000000	      0.00000000	      0.37286246	      0.00000000
      2.50100000	      0.00000000	      0.00000000	      0.00000000	      0.00000000	      0.00000000	      0.00000000	     11.88865620	    149.24501260	      5.51679771	      0.25994226	      0.00000000	      0.04474599	      0.00000000	      0.00000000	      0.00000000	      0.00000000	      0.37551350	      0.00000000
      2.50200000	      0.00000000	      0.00000000	      0.00000000	      0.00000000	      0.00000000	      0.00000000	     12.01544634	    150.30253340	      5.60586959	      0.25994933	      0.00000000	      0.04474685	      0.00000000	      0.00000000	      0.00000000	      0.00000000	      0.37805935	      0.00000000
      2.50300000	      0.00000000	      0.00000000	      0.00000000	      0.00000000	      0.00000000	      0.00000000	     12.15072541	    151.38116696	      5.69304510	      0.25995742	      0.00000000	      0.04475076	      0.00000000	      0.00000000	      0.00000000	      0.00000000	      0.38046292	      0.00000000
      2.50400000	      0.00000000	      0.00000000	      0.00000000	      0.00000000	      0.00000000	      0.00000000	     12.29465955	    152.48014541	      5.77822022	      0.25996689	      0.00000000	      0.04475752	      0.00000000	      0.00000000	      0.00000000	      0.00000000	      0.38271823	      0.00000000
      2.50500000	      0.00000000	      0.00000000	      0.00000000	      0.00000000	      0.00000000	      0.00000000	     12.44747848	    153.59833415	      5.86113502	      0.25997791	      0.00000000	      0.04476655	      0.00000000	      0.00000000	      0.00000000	      0.00000000	      0.38486143	      0.00000000
      2.50600000	      0.00000000	      0.00000000	      0.00000000	      0.00000000	      0.00000000	      0.00000000	     12.60943083	    154.73443926	      5.94143333	      0.25999073	      0.00000000	      0.04477705	      0.00000000	      0.00000000	      0.00000000	      0.00000000	      0.38695558	      0.00000000
      2.50700000	      0.00000000	      0.00000000	      0.00000000	      0.00000000	      0.00000000	      0.00000000	     12.78073892	    155.88718550	      6.01873335	      0.26000556	      0.00000000	      0.04478812	      0.00000000	      0.00000000	      0.00000000	      0.00000000	      0.38906271	      0.00000000
      2.50800000	      0.00000000	      0.00000000	      0.00000000	      0.00000000	      0.00000000	      0.00000000	     12.96158032	    157.05546263	      6.09269203	      0.26002255	      0.00000000	      0.04479893	      0.00000000	      0.00000000	      0.00000000	      0.00000000	      0.39122214	      0.00000000
      2.50900000	      0.00000000	      0.00000000	      0.00000000	      0.00000000	      0.00000000	      0.00000000	     13.15206811	    158.23845873	      6.16308493	      0.26004156	      0.00000000	      0.04480891	      0.00000000	      0.00000000	      0.00000000	      0.00000000	      0.39344008	      0.00000000
      2.51000000	      0.00000000	      0.00000000	      0.00000000	      0.00000000	      0.00000000	      0.00000000	     13.35218836	    159.43584713	      6.22989291	      0.26006229	      0.00000000	      0.04481801	      0.00000000	      0.00000000	      0.00000000	      0.00000000	      0.39567837	      0.00000000
      2.51100000	      0.00000000	      0.00000000	      0.00000000	      0.00000000	      0.00000000	      0.00000000	     13.56172561	    160.64801534	      6.29331577	      0.26008442	      0.00000000	      0.04482702	      0.00000000	      0.00000000	      0.00000000	      0.00000000	      0.39784818	      0.00000000
      2.51200000	      0.00000000	      0.00000000	      0.00000000	      0.00000000	      0.00000000	      0.00000000	     13.78028570	    161.87594247	      6.35363985	      0.26010782	      0.00000000	      0.04483742	      0.00000000	      0.00000000	      0.00000000	      0.00000000	      0.39983429	      0.00000000
      2.51300000	      0.00000000	      0.00000000	      0.00000000	      0.00000000	      0.00000000	      0.00000000	     14.00744379	    163.12054470	      6.41104052	      0.26013241	      0.00000000	      0.04485073	      0.00000000	      0.00000000	      0.00000000	      0.00000000	      0.40153937	      0.00000000
      2.51400000	      0.00000000	      0.00000000	      0.00000000	      0.00000000	      0.00000000	      0.00000000	     14.24288707	    164.38204376	      6.46549941	      0.26015790	      0.00000000	      0.04486772	      0.00000000	      0.00000000	      0.00000000	      0.00000000	      0.40290738	      0.00000000
      2.51500000	      0.00000000	      0.00000000	      0.00000000	      0.00000000	      0.00000000	      0.00000000	     14.48644443	    165.65984515	      6.51685754	      0.26018361	      0.00000000	      0.04488833	      0.00000000	      0.00000000	      0.00000000	      0.00000000	      0.40391916	      0.00000000
      2.51600000	      0.00000000	      0.00000000	      0.00000000	      0.00000000	      0.00000000	      0.00000000	     14.73803731	    166.95278216	      6.56489051	      0.26020868	      0.00000000	      0.04491191	      0.00000000	      0.00000000	      0.00000000	      0.00000000	      0.40458215	      0.00000000
      2.51700000	      0.00000000	      0.00000000	      0.00000000	      0.00000000	      0.00000000	      0.00000000	     14.99762395	    168.25943133	      6.60934800	      0.26023236	      0.00000000	      0.04493761	      0.00000000	      0.00000000	      0.00000000	      0.00000000	      0.40492023	      0.00000000
      2.51800000	      0.00000000	      0.00000000	      0.00000000	      0.00000000	      0.00000000	      0.00000000	     15.26515743	    169.57841531	      6.64996286	      0.26025417	      0.00000000	      0.04496459	      0.00000000	      0.00000000	      0.00000000	      0.00000000	      0.40495899	      0.00000000
      2.51900000	      0.00000000	      0.00000000	      0.00000000	      0.00000000	      0.00000000	      0.00000000	     15.54054354	    170.90869742	      6.68646854	      0.26027387	      0.00000000	      0.04499224	      0.00000000	      0.00000000	      0.00000000	      0.00000000	      0.40471138	      0.00000000
      2.52000000	      0.00000000	      0.00000000	      0.00000000	      0.00000000	      0.00000000	      0.00000000	     15.82360614	    172.24982391	      6.71865285	      0.26029155	      0.00000000	      0.04502043	      0.00000000	      0.00000000	      0.00000000	      0.00000000	      0.40417025	      0.00000000
      2.52100000	      0.00000000	      0.00000000	      0.00000000	      0.00000000	      0.00000000	      0.00000000	     16.11408463	    173.60199117	      6.74640338	      0.26030755	      0.00000000	      0.04504967	      0.00000000	      0.00000000	      0.00000000	      0.00000000	      0.40330834	      0.00000000
      2.52200000	      0.00000000	      0.00000000	      0.00000000	      0.00000000	      0.00000000	      0.00000000	     16.41166986	    174.96582681	      6.76969472	      0.26032242	      0.00000000	      0.04508098	      0.00000000	      0.00000000	      0.00000000	      0.00000000	      0.40208735	      0.00000000
      2.52300000	      0.00000000	      0.00000000	      0.00000000	      0.00000000	      0.00000000	      0.00000000	     16.71606483	    176.34197724	      6.78853011	      0.26033675	      0.00000000	      0.04511541	      0.00000000	      0.00000000	      0.00000000	      0.00000000	      0.40047348	      0.00000000
      2.52400000	      0.00000000	      0.00000000	      0.00000000	      0.00000000	      0.00000000	      0.00000000	     17.02703792	    177.73069092	      6.80287819	      0.26035103	      0.00000000	      0.04515365	      0.00000000	      0.00000000	      0.00000000	      0.00000000	      0.39844782	      0.00000000
      2.52500000	      0.00000000	      0.00000000	      0.00000000	      0.00000000	      0.00000000	      0.00000000	     17.34443799	    179.13155374	      6.81264220	      0.26036553	      0.00000000	      0.04519573	      0.00000000	      0.00000000	      0.00000000	      0.00000000	      0.39600854	      0.00000000
      2.52600000	      0.00000000	      0.00000000	      0.00000000	      0.00000000	      0.00000000	      0.00000000	     17.66818223	    180.54356574	      6.81767696	      0.26038041	      0.00000000	      0.04524125	      0.00000000	      0.00000000	      0.00000000	      0.00000000	      0.39317028	      0.00000000
      2.52700000	      0.00000000	      0.00000000	      0.00000000	      0.00000000	      0.00000000	      0.00000000	     17.99824489	    181.96550169	      6.81784141	      0.26039579	      0.00000000	      0.04528967	      0.00000000	      0.00000000	      0.00000000	      0.00000000	      0.38995911	      0.00000000
      2.52800000	      0.00000000	      0.00000000	      0.00000000	      0.00000000	      0.00000000	      0.00000000	     18.33463450	    183.39623167	      6.81304944	      0.26041185	      0.00000000	      0.04534063	      0.00000000	      0.00000000	      0.00000000	      0.00000000	      0.38640017	      0.00000000
      2.52900000	      0.00000000	      0.00000000	      0.00000000	      0.00000000	      0.00000000	      0.00000000	     18.67734414	    184.83489149	      6.80327236	      0.26042885	      0.00000000	      0.04539400	      0.00000000	      0.00000000	      0.00000000	      0.00000000	      0.38250448	      0.00000000
      2.53000000	      0.00000000	      0.00000000	      0.00000000	      0.00000000	      0.00000000	      0.00000000	     19.02628711	    186.28103565	      6.78851767	      0.26044714	      0.00000000	      0.04545002	      0.00000000	      0.00000000	      0.00000000	      0.00000000	      0.37826008	      0.00000000
      2.53100000	      0.00000000	      0.00000000	      0.00000000	      0.00000000	      0.00000000	      0.00000000	     19.38123680	    187.73474016	      6.76884335	      0.26046704	      0.00000000	      0.04550923	      0.00000000	      0.00000000	      0.00000000	      0.00000000	      0.37362728	      0.00000000
      2.53200000	      0.00000000	      0.00000000	      0.00000000	      0.00000000	      0.00000000	      0.00000000	     19.74183823	    189.19637053	      6.74434548	      0.26048875	      0.00000000	      0.04557235	      0.00000000	      0.00000000	      0.00000000	      0.00000000	      0.36854890	      0.00000000
      2.53300000	      0.00000000	      0.00000000	      0.00000000	      0.00000000	      0.00000000	      0.00000000	     20.10773871	    190.66604812	      6.71506180	      0.26051233	      0.00000000	      0.04563983	      0.00000000	      0.00000000	      0.00000000	      0.00000000	      0.36298232	      0.00000000
      2.53400000	      0.00000000	      0.00000000	      0.00000000	      0.00000000	      0.00000000	      0.00000000	     20.47873028	    192.14330688	      6.68090318	      0.26053778	      0.00000000	      0.04571164	      0.00000000	      0.00000000	      0.00000000	      0.00000000	      0.35692789	      0.00000000
      2.53500000	      0.00000000	      0.00000000	      0.00000000	      0.00000000	      0.00000000	      0.00000000	     20.85478456	    193.62713254	      6.64169419	      0.26056510	      0.00000000	      0.04578733	      0.00000000	      0.00000000	      0.00000000	      0.00000000	      0.35043113	      0.00000000
      2.53600000	      0.00000000	      0.00000000	      0.00000000	      0.00000000	      0.00000000	      0.00000000	     21.23600759	    195.11617736	      6.59725880	      0.26059430	      0.00000000	      0.04586619	      0.00000000	      0.00000000	      0.00000000	      0.00000000	      0.34356696	      0.00000000
      2.53700000	      0.00000000	      0.00000000	      0.00000000	      0.00000000	      0.00000000	      0.00000000	     21.62256852	    196.60899818	      6.54749524	      0.26062535	      0.00000000	      0.04594740	      0.00000000	      0.00000000	      0.00000000	      0.00000000	      0.33641612	      0.00000000
      2.53800000	      0.00000000	      0.00000000	      0.00000000	      0.00000000	      0.00000000	      0.00000000	     22.01461597	    198.10424060	      6.49243517	      0.26065803	      0.00000000	      0.04603029	      0.00000000	      0.00000000	      0.00000000	      0.00000000	      0.32904109	      0.00000000
      2.53900000	      0.00000000	      0.00000000	      0.00000000	      0.00000000	      0.00000000	      0.00000000	     22.41222501	    199.60075465	      6.43227646	      0.26069192	      0.00000000	      0.04611443	      0.00000000	      0.00000000	      0.00000000	      0.00000000	      0.32147274	      0.00000000
      2.54000000	      0.00000000	      0.00000000	      0.00000000	      0.00000000	      0.00000000	      0.00000000	     22.81538683	    201.09769365	      6.36738779	      0.26072645	      0.00000000	      0.04619966	      0.00000000	      0.00000000	      0.00000000	      0.00000000	      0.31370896	      0.00000000
      2.54100000	      0.00000000	      0.00000000	      0.00000000	      0.00000000	      0.00000000	      0.00000000	     23.22401673	    202.59456424	      6.29828977	      0.26076112	      0.00000000	      0.04628610	      0.00000000	      0.00000000	      0.00000000	      0.00000000	      0.30572059	      0.00000000
      2.54200000	      0.00000000	      0.00000000	      0.00000000	      0.00000000	      0.00000000	      0.00000000	     23.63800660	    204.09107771	      6.22558257	      0.26079549	      0.00000000	      0.04637402	      0.00000000	      0.00000000	      0.00000000	      0.00000000	      0.29746867	      0.00000000
      2.54300000	      0.00000000	      0.00000000	      0.00000000	      0.00000000	      0.00000000	      0.00000000	     24.05732176	    205.58682716	      6.14982938	      0.26082915	      0.00000000	      0.04646352	      0.00000000	      0.00000000	      0.00000000	      0.00000000	      0.28893297	      0.00000000
      2.54400000	      0.00000000	      0.00000000	      0.00000000	      0.00000000	      0.00000000	      0.00000000	     24.48207746	    207.08106433	      6.07146544	      0.26086177	      0.00000000	      0.04655439	      0.00000000	      0.00000000	      0.00000000	      0.00000000	      0.28013585	      0.00000000
      2.54500000	      0.00000000	      0.00000000	      0.00000000	      0.00000000	      0.00000000	      0.00000000	     24.91254126	    208.57272347	      5.99076382	      0.26089310	      0.00000000	      0.04664620	      0.00000000	      0.00000000	      0.00000000	      0.00000000	      0.27114271	      0.00000000
      2.54600000	      0.00000000	      0.00000000	      0.00000000	      0.00000000	      0.00000000	      0.00000000	     25.34906903	    210.06061434	      5.90785458	      0.26092290	      0.00000000	      0.04673853	      0.00000000	      0.00000000	      0.00000000	      0.00000000	      0.26203816	      0.00000000
      2.54700000	      0.00000000	      0.00000000	      0.00000000	      0.00000000	      0.00000000	      0.00000000	     25.79204988	    211.54362860	      5.82278284	      0.26095091	      0.00000000	      0.04683109	      0.00000000	      0.00000000	      0.00000000	      0.00000000	      0.25289904	      0.00000000
      2.54800000	      0.00000000	      0.00000000	      0.00000000	      0.00000000	      0.00000000	      0.00000000	     26.24188902	    213.02084936	      5.73556027	      0.26097689	      0.00000000	      0.04692383	      0.00000000	      0.00000000	      0.00000000	      0.00000000	      0.24378111	      0.00000000
      2.54900000	      0.00000000	      0.00000000	      0.00000000	      0.00000000	      0.00000000	      0.00000000	     26.69898360	    214.49161239	      5.64618334	      0.26100061	      0.00000000	      0.04701694	      0.00000000	      0.00000000	      0.00000000	      0.00000000	      0.23471591	      0.00000000
      2.55000000	      0.00000000	      0.00000000	      0.00000000	      0.00000000	      0.00000000	      0.00000000	     27.16366829	    215.95562177	      5.55467628	      0.26102199	      0.00000000	      0.04711088	      0.00000000	      0.00000000	      0.00000000	      0.00000000	      0.22570282	      0.00000000
      2.55100000	      0.00000000	      0.00000000	      0.00000000	      0.00000000	      0.00000000	      0.00000000	     27.63615191	    217.41306036	      5.46118836	      0.26104111	      0.00000000	      0.04720642	      0.00000000	      0.00000000	      0.00000000	      0.00000000	      0.21669553	      0.00000000
      2.55200000	      0.00000000	      0.00000000	      0.00000000	      0.00000000	      0.00000000	      0.00000000	     28.11650298	    218.86439183	      5.36601299	      0.26105818	      0.00000000	      0.04730441	      0.00000000	      0.00000000	      0.00000000	      0.00000000	      0.20761067	      0.00000000
      2.55300000	      0.00000000	      0.00000000	      0.00000000	      0.00000000	      0.00000000	      0.00000000	     28.60471640	    220.30976746	      5.26946117	      0.26107333	      0.00000000	      0.04740534	      0.00000000	      0.00000000	      0.00000000	      0.00000000	      0.19836746	      0.00000000
      2.55400000	      0.00000000	      0.00000000	      0.00000000	      0.00000000	      0.00000000	      0.00000000	     29.10080667	    221.74853011	      5.17174228	      0.26108652	      0.00000000	      0.04750904	      0.00000000	      0.00000000	      0.00000000	      0.00000000	      0.18892174	      0.00000000
      2.55500000	      0.00000000	      0.00000000	      0.00000000	      0.00000000	      0.00000000	      0.00000000	     29.60485035	    223.17919062	      5.07295191	      0.26109762	      0.00000000	      0.04761468	      0.00000000	      0.00000000	      0.00000000	      0.00000000	      0.17927063	      0.00000000
      2.55600000	      0.00000000	      0.00000000	      0.00000000	      0.00000000	      0.00000000	      0.00000000	     30.11697442	    224.59969092	      4.97309640	      0.26110652	      0.00000000	      0.04772108	      0.00000000	      0.00000000	      0.00000000	      0.00000000	      0.16944155	      0.00000000
      2.55700000	      0.00000000	      0.00000000	      0.00000000	      0.00000000	      0.00000000	      0.00000000	     30.63733206	    226.00770811	      4.87210416	      0.26111320	      0.00000000	      0.04782694	      0.00000000	      0.00000000	      0.00000000	      0.00000000	      0.15947749	      0.00000000
      2.55800000	      0.00000000	      0.00000000	      0.00000000	      0.00000000	      0.00000000	      0.00000000	     31.16607051	    227.40097654	      4.76986583	      0.26111779	      0.00000000	      0.04793097	      0.00000000	      0.00000000	      0.00000000	      0.00000000	      0.14941777	      0.00000000
      2.55900000	      0.00000000	      0.00000000	      0.00000000	      0.00000000	      0.00000000	      0.00000000	     31.70328305	    228.77761451	      4.66630297	      0.26112060	      0.00000000	      0.04803218	      0.00000000	      0.00000000	      0.00000000	      0.00000000	      0.13928154	      0.00000000
      2.56000000	      0.00000000	      0.00000000	      0.00000000	      0.00000000	      0.00000000	      0.00000000	     32.24896199	    230.13631011	      4.56140157	      0.26112215	      0.00000000	      0.04813004	      0.00000000	      0.00000000	      0.00000000	      0.00000000	      0.12906126	      0.00000000
      2.56100000	      0.00000000	      0.00000000	      0.00000000	      0.00000000	      0.00000000	      0.00000000	     32.80298069	    231.47628544	      4.45521199	      0.26112314	      0.00000000	      0.04822445	      0.00000000	      0.00000000	      0.00000000	      0.00000000	      0.11872156	      0.00000000
      2.56200000	      0.00000000	      0.00000000	      0.00000000	      0.00000000	      0.00000000	      0.00000000	     33.36512754	    232.79709111	      4.34783723	      0.26112428	      0.00000000	      0.04831553	      0.00000000	      0.00000000	      0.00000000	      0.00000000	      0.10820843	      0.00000000
      2.56300000	      0.00000000	      0.00000000	      0.00000000	      0.00000000	      0.00000000	      0.00000000	     33.93517291	    234.09829798	      4.23939241	      0.26112623	      0.00000000	      0.04840338	      0.00000000	      0.00000000	      0.00000000	      0.00000000	      0.09747418	      0.00000000
      2.56400000	      0.00000000	      0.00000000	      0.00000000	      0.00000000	      0.00000000	      0.00000000	     34.51290784	    235.37926394	      4.12996017	      0.26112948	      0.00000000	      0.04848794	      0.00000000	      0.00000000	      0.00000000	      0.00000000	      0.08650158	      0.00000000
      2.56500000	      0.00000000	      0.00000000	      0.00000000	      0.00000000	      0.00000000	      0.00000000	     35.09812596	    236.63914714	      4.01958259	      0.26113427	      0.00000000	      0.04856903	      0.00000000	      0.00000000	      0.00000000	      0.00000000	      0.07531287	      0.00000000
      2.56600000	      0.00000000	      0.00000000	      0.00000000	      0.00000000	      0.00000000	      0.00000000	     35.69058393	    237.87706367	      3.90829898	      0.26114071	      0.00000000	      0.04864654	      0.00000000	      0.00000000	      0.00000000	      0.00000000	      0.06396438	      0.00000000
      2.56700000	      0.00000000	      0.00000000	      0.00000000	      0.00000000	      0.00000000	      0.00000000	     36.28995920	    239.09218582	      3.79621733	      0.26114879	      0.00000000	      0.04872045	      0.00000000	      0.00000000	      0.00000000	      0.00000000	      0.05253111	      0.00000000
      2.56800000	      0.00000000	      0.00000000	      0.00000000	      0.00000000	      0.00000000	      0.00000000	     36.89578782	    240.28377535	      3.68357073	      0.26115843	      0.00000000	      0.04879086	      0.00000000	      0.00000000	      0.00000000	      0.00000000	      0.04108872	      0.00000000
      2.56900000	      0.00000000	      0.00000000	      0.00000000	      0.00000000	      0.00000000	      0.00000000	     37.50739801	    241.45128150	      3.57072442	      0.26116947	      0.00000000	      0.04885796	      0.00000000	      0.00000000	      0.00000000	      0.00000000	      0.02970102	      0.00000000
      2.57000000	      0.00000000	      0.00000000	      0.00000000	      0.00000000	      0.00000000	      0.00000000	     38.12385364	    242.59456743	      3.45816268	      0.26118174	      0.00000000	      0.04892208	      0.00000000	      0.00000000	      0.00000000	      0.00000000	      0.01841228	      0.00000000
      2.57100000	      0.00000000	      0.00000000	      0.00000000	      0.00000000	      0.00000000	      0.00000000	     38.74391743	    243.71412451	      3.34647731	      0.26119508	      0.00000000	      0.04898384	      0.00000000	      0.00000000	      0.00000000	      0.00000000	      0.00724206	      0.00000000
      2.57200000	      0.00000000	      0.00000000	      0.00000000	      0.00000000	      0.00000000	      0.00000000	     39.36611597	    244.81094087	      3.23629516	      0.26120940	      0.00000000	      0.04904402	      0.00000000	      0.00000000	      0.00000000	      0.00000000	     -0.00380107	      0.00000000
      2.57300000	      0.00000000	      0.00000000	      0.00000000	      0.00000000	      0.00000000	      0.00000000	     39.98893016	    245.88603286	      3.12811480	      0.26122454	      0.00000000	      0.04910333	      0.00000000	      0.00000000	      0.00000000	      0.00000000	     -0.01468390	      0.00000000
      2.57400000	      0.00000000	      0.00000000	      0.00000000	      0.00000000	      0.00000000	      0.00000000	     40.61094294	    246.94012856	      3.02217216	      0.26124027	      0.00000000	      0.04916217	      0.00000000	      0.00000000	      0.00000000	      0.00000000	     -0.02532925	      0.00000000
      2.57500000	      0.00000000	      0.00000000	      0.00000000	      0.00000000	      0.00000000	      0.00000000	     41.23084370	    247.97365295	      2.91845631	      0.26125626	      0.00000000	      0.04922067	      0.00000000	      0.00000000	      0.00000000	      0.00000000	     -0.03562966	      0.00000000
      2.57600000	      0.00000000	      0.00000000	      0.00000000	      0.00000000	      0.00000000	      0.00000000	     41.84740999	    248.98677101	      2.81683283	      0.26127212	      0.00000000	      0.04927881	      0.00000000	      0.00000000	      0.00000000	      0.00000000	     -0.04546332	      0.00000000
      2.57700000	      0.00000000	      0.00000000	      0.00000000	      0.00000000	      0.00000000	      0.00000000	     42.45951668	    249.97945218	      2.71713930	      0.26128746	      0.00000000	      0.04933644	      0.00000000	      0.00000000	      0.00000000	      0.00000000	     -0.05470002	      0.00000000
      2.57800000	      0.00000000	      0.00000000	      0.00000000	      0.00000000	      0.00000000	      0.00000000	     43.06608713	    250.95162836	      2.61921401	      0.26130198	      0.00000000	      0.04939340	      0.00000000	      0.00000000	      0.00000000	      0.00000000	     -0.06321403	      0.00000000
      2.57900000	      0.00000000	      0.00000000	      0.00000000	      0.00000000	      0.00000000	      0.00000000	     43.66600865	    251.90342725	      2.52292664	      0.26131549	      0.00000000	      0.04944957	      0.00000000	      0.00000000	      0.00000000	      0.00000000	     -0.07090387	      0.00000000
      2.58000000	      0.00000000	      0.00000000	      0.00000000	      0.00000000	      0.00000000	      0.00000000	     44.25810369	    252.83539416	      2.42823745	      0.26132796	      0.00000000	      0.04950497	      0.00000000	      0.00000000	      0.00000000	      0.00000000	     -0.07770941	      0.00000000
      2.58100000	      0.00000000	      0.00000000	      0.00000000	      0.00000000	      0.00000000	      0.00000000	     44.84114668	    253.74854020	      2.33523532	      0.26133956	      0.00000000	      0.04955983	      0.00000000	      0.00000000	      0.00000000	      0.00000000	     -0.08362567	      0.00000000
      2.58200000	      0.00000000	      0.00000000	      0.00000000	      0.00000000	      0.00000000	      0.00000000	     45.41390705	    254.64408700	      2.24410755	      0.26135051	      0.00000000	      0.04961444	      0.00000000	      0.00000000	      0.00000000	      0.00000000	     -0.08869815	      0.00000000
      2.58300000	      0.00000000	      0.00000000	      0.00000000	      0.00000000	      0.00000000	      0.00000000	     45.97524954	    255.52303076	      2.15506317	      0.26136110	      0.00000000	      0.04966888	      0.00000000	      0.00000000	      0.00000000	      0.00000000	     -0.09298686	      0.00000000
      2.58400000	      0.00000000	      0.00000000	      0.00000000	      0.00000000	      0.00000000	      0.00000000	     46.52424221	    256.38587335	      2.06825178	      0.26137161	      0.00000000	      0.04972292	      0.00000000	      0.00000000	      0.00000000	      0.00000000	     -0.09652770	      0.00000000
      2.58500000	      0.00000000	      0.00000000	      0.00000000	      0.00000000	      0.00000000	      0.00000000	     47.06018668	    257.23268198	      1.98369524	      0.26138234	      0.00000000	      0.04977609	      0.00000000	      0.00000000	      0.00000000	      0.00000000	     -0.09931829	      0.00000000
      2.58600000	      0.00000000	      0.00000000	      0.00000000	      0.00000000	      0.00000000	      0.00000000	     47.58258248	    258.06333301	      1.90126953	      0.26139365	      0.00000000	      0.04982786	      0.00000000	      0.00000000	      0.00000000	      0.00000000	     -0.10132402	      0.00000000
      2.58700000	      0.00000000	      0.00000000	      0.00000000	      0.00000000	      0.00000000	      0.00000000	     48.09108841	    258.87774440	      1.82075552	      0.26140604	      0.00000000	      0.04987775	      0.00000000	      0.00000000	      0.00000000	      0.00000000	     -0.10249377	      0.00000000
      2.58800000	      0.00000000	      0.00000000	      0.00000000	      0.00000000	      0.00000000	      0.00000000	     48.58549838	    259.67600690	      1.74192597	      0.26142001	      0.00000000	      0.04992548	      0.00000000	      0.00000000	      0.00000000	      0.00000000	     -0.10277912	      0.00000000
      2.58900000	      0.00000000	      0.00000000	      0.00000000	      0.00000000	      0.00000000	      0.00000000	     49.06570241	    260.45847679	      1.66465021	      0.26143606	      0.00000000	      0.04997100	      0.00000000	      0.00000000	      0.00000000	      0.00000000	     -0.10215591	      0.00000000
      2.59000000	      0.00000000	      0.00000000	      0.00000000	      0.00000000	      0.00000000	      0.00000000	     49.53162087	    261.22590831	      1.58901627	      0.26145468	      0.00000000	      0.05001458	      0.00000000	      0.00000000	      0.00000000	      0.00000000	     -0.10064780	      0.00000000
      2.59100000	      0.00000000	      0.00000000	      0.00000000	      0.00000000	      0.00000000	      0.00000000	     49.98313022	    261.97951165	      1.51540675	      0.26147626	      0.00000000	      0.05005682	      0.00000000	      0.00000000	      0.00000000	      0.00000000	     -0.09834291	      0.00000000
      2.59200000	      0.00000000	      0.00000000	      0.00000000	      0.00000000	      0.00000000	      0.00000000	     50.42005262	    262.72069274	      1.44440500	      0.26150096	      0.00000000	      0.05009849	      0.00000000	      0.00000000	      0.00000000	      0.00000000	     -0.09537739	      0.00000000
      2.59300000	      0.00000000	      0.00000000	      0.00000000	      0.00000000	      0.00000000	      0.00000000	     50.84226448	    263.45051004	      1.37657342	      0.26152871	      0.00000000	      0.05014021	      0.00000000	      0.00000000	      0.00000000	      0.00000000	     -0.09187685	      0.00000000
      2.59400000	      0.00000000	      0.00000000	      0.00000000	      0.00000000	      0.00000000	      0.00000000	     51.24983880	    264.16928300	      1.31232540	      0.26155924	      0.00000000	      0.05018218	      0.00000000	      0.00000000	      0.00000000	      0.00000000	     -0.08790501	      0.00000000
      2.59500000	      0.00000000	      0.00000000	      0.00000000	      0.00000000	      0.00000000	      0.00000000	     51.64311069	    264.87659520	      1.25193603	      0.26159224	      0.00000000	      0.05022418	      0.00000000	      0.00000000	      0.00000000	      0.00000000	     -0.08346464	      0.00000000
      2.59600000	      0.00000000	      0.00000000	      0.00000000	      0.00000000	      0.00000000	      0.00000000	     52.02264588	    265.57150862	      1.19557440	      0.26162738	      0.00000000	      0.05026573	      0.00000000	      0.00000000	      0.00000000	      0.00000000	     -0.07853356	      0.00000000
      2.59700000	      0.00000000	      0.00000000	      0.00000000	      0.00000000	      0.00000000	      0.00000000	     52.38914838	    266.25280023	      1.14334256	      0.26166436	      0.00000000	      0.05030622	      0.00000000	      0.00000000	      0.00000000	      0.00000000	     -0.07309520	      0.00000000
      2.59800000	      0.00000000	      0.00000000	      0.00000000	      0.00000000	      0.00000000	      0.00000000	     52.74337158	    266.91918517	      1.09533021	      0.26170296	      0.00000000	      0.05034505	      0.00000000	      0.00000000	      0.00000000	      0.00000000	     -0.06714503	      0.00000000
      2.59900000	      0.00000000	      0.00000000	      0.00000000	      0.00000000	      0.00000000	      0.00000000	     53.08607072	    267.56953608	      1.05164813	      0.26174306	      0.00000000	      0.05038179	      0.00000000	      0.00000000	      0.00000000	      0.00000000	     -0.06068587	      0.00000000
      2.60000000	      0.00000000	      0.00000000	      0.00000000	      0.00000000	      0.00000000	      0.00000000	     53.41799367	    268.20304242	      1.01245012	      0.26178466	      0.00000000	      0.05041624	      0.00000000	      0.00000000	      0.00000000	      0.00000000	     -0.05373189	      0.00000000
      2.60100000	      0.00000000	      0.00000000	      0.00000000	      0.00000000	      0.00000000	      0.00000000	     53.73990184	    268.81919924	      0.97796965	      0.26182782	      0.00000000	      0.05044847	      0.00000000	      0.00000000	      0.00000000	      0.00000000	     -0.04631872	      0.00000000
      2.60200000	      0.00000000	      0.00000000	      0.00000000	      0.00000000	      0.00000000	      0.00000000	     54.05261180	    269.41760782	      0.94852720	      0.26187261	      0.00000000	      0.05047864	      0.00000000	      0.00000000	      0.00000000	      0.00000000	     -0.03850201	      0.00000000
      2.60300000	      0.00000000	      0.00000000	      0.00000000	      0.00000000	      0.00000000	      0.00000000	     54.35702897	    269.99770584	      0.92445619	      0.26191909	      0.00000000	      0.05050689	      0.00000000	      0.00000000	      0.00000000	      0.00000000	     -0.03033803	      0.00000000
      2.60400000	      0.00000000	      0.00000000	      0.00000000	      0.00000000	      0.00000000	      0.00000000	     54.65416844	    270.55858645	      0.90601334	      0.26196733	      0.00000000	      0.05053324	      0.00000000	      0.00000000	      0.00000000	      0.00000000	     -0.02185972	      0.00000000
      2.60500000	      0.00000000	      0.00000000	      0.00000000	      0.00000000	      0.00000000	      0.00000000	     54.94518532	    271.09894570	      0.89337938	      0.26201732	      0.00000000	      0.05055751	      0.00000000	      0.00000000	      0.00000000	      0.00000000	     -0.01306702	      0.00000000
      2.60600000	      0.00000000	      0.00000000	      0.00000000	      0.00000000	      0.00000000	      0.00000000	     55.23135554	    271.61712556	      0.88670355	      0.26206896	      0.00000000	      0.05057932	      0.00000000	      0.00000000	      0.00000000	      0.00000000	     -0.00393334	      0.00000000
      2.60700000	      0.00000000	      0.00000000	      0.00000000	      0.00000000	      0.00000000	      0.00000000	     55.51394180	    272.11125080	      0.88607257	      0.26212199	      0.00000000	      0.05059814	      0.00000000	      0.00000000	      0.00000000	      0.00000000	      0.00558246	      0.00000000
      2.60800000	      0.00000000	      0.00000000	      0.00000000	      0.00000000	      0.00000000	      0.00000000	     55.79404855	    272.57939463	      0.89145724	      0.26217603	      0.00000000	      0.05061336	      0.00000000	      0.00000000	      0.00000000	      0.00000000	      0.01552520	      0.00000000
      2.60900000	      0.00000000	      0.00000000	      0.00000000	      0.00000000	      0.00000000	      0.00000000	     56.07257315	    273.01975010	      0.90277089	      0.26223063	      0.00000000	      0.05062442	      0.00000000	      0.00000000	      0.00000000	      0.00000000	      0.02592838	      0.00000000
      2.61000000	      0.00000000	      0.00000000	      0.00000000	      0.00000000	      0.00000000	      0.00000000	     56.35018823	    273.43090424	      0.92002411	      0.26228538	      0.00000000	      0.05063100	      0.00000000	      0.00000000	      0.00000000	      0.00000000	      0.03678794	      0.00000000
      2.61100000	      0.00000000	      0.00000000	      0.00000000	      0.00000000	      0.00000000	      0.00000000	     56.62731411	    273.81212603	      0.94341970	      0.26234002	      0.00000000	      0.05063317	      0.00000000	      0.00000000	      0.00000000	      0.00000000	      0.04803898	      0.00000000
      2.61200000	      0.00000000	      0.00000000	      0.00000000	      0.00000000	      0.00000000	      0.00000000	     56.90416858	    274.16329976	      0.97328012	      0.26239430	      0.00000000	      0.05063142	      0.00000000	      0.00000000	      0.00000000	      0.00000000	      0.05956290	      0.00000000
      2.61300000	      0.00000000	      0.00000000	      0.00000000	      0.00000000	      0.00000000	      0.00000000	     57.18090174	    274.48444059	      1.00989330	      0.26244803	      0.00000000	      0.05062635	      0.00000000	      0.00000000	      0.00000000	      0.00000000	      0.07122277	      0.00000000
      2.61400000	      0.00000000	      0.00000000	      0.00000000	      0.00000000	      0.00000000	      0.00000000	     57.45768466	    274.77528827	      1.05340257	      0.26250105	      0.00000000	      0.05061839	      0.00000000	      0.00000000	      0.00000000	      0.00000000	      0.08290014	      0.00000000
      2.61500000	      0.00000000	      0.00000000	      0.00000000	      0.00000000	      0.00000000	      0.00000000	     57.73469948	    275.03524961	      1.10377192	      0.26255326	      0.00000000	      0.05060776	      0.00000000	      0.00000000	      0.00000000	      0.00000000	      0.09451739	      0.00000000
      2.61600000	      0.00000000	      0.00000000	      0.00000000	      0.00000000	      0.00000000	      0.00000000	     58.01208792	    275.26346491	      1.16082983	      0.26260451	      0.00000000	      0.05059456	      0.00000000	      0.00000000	      0.00000000	      0.00000000	      0.10603987	      0.00000000
      2.61700000	      0.00000000	      0.00000000	      0.00000000	      0.00000000	      0.00000000	      0.00000000	     58.28987085	    275.45889328	      1.22433429	      0.26265457	      0.00000000	      0.05057885	      0.00000000	      0.00000000	      0.00000000	      0.00000000	      0.11745749	      0.00000000
      2.61800000	      0.00000000	      0.00000000	      0.00000000	      0.00000000	      0.00000000	      0.00000000	     58.56787578	    275.62047709	      1.29400098	      0.26270320	      0.00000000	      0.05056071	      0.00000000	      0.00000000	      0.00000000	      0.00000000	      0.12875928	      0.00000000
      2.61900000	      0.00000000	      0.00000000	      0.00000000	      0.00000000	      0.00000000	      0.00000000	     58.84576224	    275.74732637	      1.36953727	      0.26275018	      0.00000000	      0.05054030	      0.00000000	      0.00000000	      0.00000000	      0.00000000	      0.13991806	      0.00000000
      2.62000000	      0.00000000	      0.00000000	      0.00000000	      0.00000000	      0.00000000	      0.00000000	     59.12311928	    275.83884255	      1.45071291	      0.26279535	      0.00000000	      0.05051793	      0.00000000	      0.00000000	      0.00000000	      0.00000000	      0.15088440	      0.00000000
      2.62100000	      0.00000000	      0.00000000	      0.00000000	      0.00000000	      0.00000000	      0.00000000	     59.39952626	    275.89469834	      1.53742081	      0.26283858	      0.00000000	      0.05049406	      0.00000000	      0.00000000	      0.00000000	      0.00000000	      0.16158301	      0.00000000
      2.62200000	      0.00000000	      0.00000000	      0.00000000	      0.00000000	      0.00000000	      0.00000000	     59.67457098	    275.91460804	      1.62964357	      0.26287983	      0.00000000	      0.05046916	      0.00000000	      0.00000000	      0.00000000	      0.00000000	      0.17192339	      0.00000000
      2.62300000	      0.00000000	      0.00000000	      0.00000000	      0.00000000	      0.00000000	      0.00000000	     59.94788959	    275.89802951	      1.72731828	      0.26291914	      0.00000000	      0.05044367	      0.00000000	      0.00000000	      0.00000000	      0.00000000	      0.18183066	      0.00000000
      2.62400000	      0.00000000	      0.00000000	      0.00000000	      0.00000000	      0.00000000	      0.00000000	     60.21921954	    275.84396871	      1.83023228	      0.26295672	      0.00000000	      0.05041778	      0.00000000	      0.00000000	      0.00000000	      0.00000000	      0.19127489	      0.00000000
      2.62500000	      0.00000000	      0.00000000	      0.00000000	      0.00000000	      0.00000000	      0.00000000	     60.48840602	    275.75098058	      1.93803443	      0.26299290	      0.00000000	      0.05039139	      0.00000000	      0.00000000	      0.00000000	      0.00000000	      0.20027851	      0.00000000
      2.62600000	      0.00000000	      0.00000000	      0.00000000	      0.00000000	      0.00000000	      0.00000000	     60.75534191	    275.61741820	      2.05029320	      0.26302813	      0.00000000	      0.05036427	      0.00000000	      0.00000000	      0.00000000	      0.00000000	      0.20889975	      0.00000000
      2.62700000	      0.00000000	      0.00000000	      0.00000000	      0.00000000	      0.00000000	      0.00000000	     61.01988144	    275.44170916	      2.16653786	      0.26306297	      0.00000000	      0.05033614	      0.00000000	      0.00000000	      0.00000000	      0.00000000	      0.21720683	      0.00000000
      2.62800000	      0.00000000	      0.00000000	      0.00000000	      0.00000000	      0.00000000	      0.00000000	     61.28178599	    275.22245241	      2.28627808	      0.26309796	      0.00000000	      0.05030683	      0.00000000	      0.00000000	      0.00000000	      0.00000000	      0.22526327	      0.00000000
      2.62900000	      0.00000000	      0.00000000	      0.00000000	      0.00000000	      0.00000000	      0.00000000	     61.54071314	    274.95848048	      2.40901186	      0.26313356	      0.00000000	      0.05027628	      0.00000000	      0.00000000	      0.00000000	      0.00000000	      0.23312127	      0.00000000
      2.63000000	      0.00000000	      0.00000000	      0.00000000	      0.00000000	      0.00000000	      0.00000000	     61.79619207	    274.64904116	      2.53427644	      0.26317011	      0.00000000	      0.05024462	      0.00000000	      0.00000000	      0.00000000	      0.00000000	      0.24080464	      0.00000000
      2.63100000	      0.00000000	      0.00000000	      0.00000000	      0.00000000	      0.00000000	      0.00000000	     62.04756226	    274.29399162	      2.66173649	      0.26320780	      0.00000000	      0.05021236	      0.00000000	      0.00000000	      0.00000000	      0.00000000	      0.24828323	      0.00000000
      2.63200000	      0.00000000	      0.00000000	      0.00000000	      0.00000000	      0.00000000	      0.00000000	     62.29397576	    273.89363563	      2.79116142	      0.26324665	      0.00000000	      0.05018029	      0.00000000	      0.00000000	      0.00000000	      0.00000000	      0.25547453	      0.00000000
      2.63300000	      0.00000000	      0.00000000	      0.00000000	      0.00000000	      0.00000000	      0.00000000	     62.53451399	    273.44812553	      2.92226742	      0.26328640	      0.00000000	      0.05014915	      0.00000000	      0.00000000	      0.00000000	      0.00000000	      0.26228644	      0.00000000
      2.63400000	      0.00000000	      0.00000000	      0.00000000	      0.00000000	      0.00000000	      0.00000000	     62.76831052	    272.95697852	      3.05460025	      0.26332670	      0.00000000	      0.05011928	      0.00000000	      0.00000000	      0.00000000	      0.00000000	      0.26866148	      0.00000000
      2.63500000	      0.00000000	      0.00000000	      0.00000000	      0.00000000	      0.00000000	      0.00000000	     62.99460221	    272.41902320	      3.18754027	      0.26336716	      0.00000000	      0.05009053	      0.00000000	      0.00000000	      0.00000000	      0.00000000	      0.27459423	      0.00000000
      2.63600000	      0.00000000	      0.00000000	      0.00000000	      0.00000000	      0.00000000	      0.00000000	     63.21272442	    271.83256373	      3.32037056	      0.26340744	      0.00000000	      0.05006235	      0.00000000	      0.00000000	      0.00000000	      0.00000000	      0.28012677	      0.00000000
      2.63700000	      0.00000000	      0.00000000	      0.00000000	      0.00000000	      0.00000000	      0.00000000	     63.42206483	    271.19560286	      3.45234961	      0.26344730	      0.00000000	      0.05003399	      0.00000000	      0.00000000	      0.00000000	      0.00000000	      0.28532973	      0.00000000
      2.63800000	      0.00000000	      0.00000000	      0.00000000	      0.00000000	      0.00000000	      0.00000000	     63.62198501	    270.50608581	      3.58274971	      0.26348667	      0.00000000	      0.05000464	      0.00000000	      0.00000000	      0.00000000	      0.00000000	      0.29027701	      0.00000000
      2.63900000	      0.00000000	      0.00000000	      0.00000000	      0.00000000	      0.00000000	      0.00000000	     63.81175045	    269.76213589	      3.71087726	      0.26352564	      0.00000000	      0.04997369	      0.00000000	      0.00000000	      0.00000000	      0.00000000	      0.29502391	      0.00000000
      2.64000000	      0.00000000	      0.00000000	      0.00000000	      0.00000000	      0.00000000	      0.00000000	     63.99052495	    268.96224669	      3.83612187	      0.26356442	      0.00000000	      0.04994080	      0.00000000	      0.00000000	      0.00000000	      0.00000000	      0.29959635	      0.00000000
      2.64100000	      0.00000000	      0.00000000	      0.00000000	      0.00000000	      0.00000000	      0.00000000	     64.15742378	    268.10532387	      3.95801455	      0.26360336	      0.00000000	      0.04990598	      0.00000000	      0.00000000	      0.00000000	      0.00000000	      0.30399081	      0.00000000
      2.64200000	      0.00000000	      0.00000000	      0.00000000	      0.00000000	      0.00000000	      0.00000000	     64.31156891	    267.19046369	      4.07623785	      0.26364298	      0.00000000	      0.04986943	      0.00000000	      0.00000000	      0.00000000	      0.00000000	      0.30818094	      0.00000000
      2.64300000	      0.00000000	      0.00000000	      0.00000000	      0.00000000	      0.00000000	      0.00000000	     64.45213274	    266.21654997	      4.19057713	      0.26368384	      0.00000000	      0.04983134	      0.00000000	      0.00000000	      0.00000000	      0.00000000	      0.31213475	      0.00000000
      2.64400000	      0.00000000	      0.00000000	      0.00000000	      0.00000000	      0.00000000	      0.00000000	     64.57836958	    265.18196153	      4.30084105	      0.26372643	      0.00000000	      0.04979174	      0.00000000	      0.00000000	      0.00000000	      0.00000000	      0.31583727	      0.00000000
      2.64500000	      0.00000000	      0.00000000	      0.00000000	      0.00000000	      0.00000000	      0.00000000	     64.68960785	    264.08456782	      4.40679207	      0.26377110	      0.00000000	      0.04975042	      0.00000000	      0.00000000	      0.00000000	      0.00000000	      0.31930012	      0.00000000
      2.64600000	      0.00000000	      0.00000000	      0.00000000	      0.00000000	      0.00000000	      0.00000000	     64.78521707	    262.92190288	      4.50812317	      0.26381801	      0.00000000	      0.04970702	      0.00000000	      0.00000000	      0.00000000	      0.00000000	      0.32255684	      0.00000000
      2.64700000	      0.00000000	      0.00000000	      0.00000000	      0.00000000	      0.00000000	      0.00000000	     64.86457629	    261.69132950	      4.60449195	      0.26386725	      0.00000000	      0.04966113	      0.00000000	      0.00000000	      0.00000000	      0.00000000	      0.32565026	      0.00000000
      2.64800000	      0.00000000	      0.00000000	      0.00000000	      0.00000000	      0.00000000	      0.00000000	     64.92702738	    260.39014451	      4.69557946	      0.26391880	      0.00000000	      0.04961234	      0.00000000	      0.00000000	      0.00000000	      0.00000000	      0.32860943	      0.00000000
      2.64900000	      0.00000000	      0.00000000	      0.00000000	      0.00000000	      0.00000000	      0.00000000	     64.97181814	    259.01569547	      4.78111622	      0.26397262	      0.00000000	      0.04956042	      0.00000000	      0.00000000	      0.00000000	      0.00000000	      0.33142573	      0.00000000
      2.65000000	      0.00000000	      0.00000000	      0.00000000	      0.00000000	      0.00000000	      0.00000000	     64.99805409	    257.56561211	      4.86089236	      0.26402863	      0.00000000	      0.04950540	      0.00000000	      0.00000000	      0.00000000	      0.00000000	      0.33404082	      0.00000000
      2.65100000	      0.00000000	      0.00000000	      0.00000000	      0.00000000	      0.00000000	      0.00000000	     65.00465790	    256.03807595	      4.93479891	      0.26408672	      0.00000000	      0.04944776	      0.00000000	      0.00000000	      0.00000000	      0.00000000	      0.33634680	      0.00000000
      2.65200000	      0.00000000	      0.00000000	      0.00000000	      0.00000000	      0.00000000	      0.00000000	     64.99039369	    254.43173918	      5.00281975	      0.26414673	      0.00000000	      0.04938822	      0.00000000	      0.00000000	      0.00000000	      0.00000000	      0.33820832	      0.00000000
      2.65300000	      0.00000000	      0.00000000	      0.00000000	      0.00000000	      0.00000000	      0.00000000	     64.95400299	    252.74520732	      5.06489952	      0.26420848	      0.00000000	      0.04932740	      0.00000000	      0.00000000	      0.00000000	      0.00000000	      0.33951075	      0.00000000
      2.65400000	      0.00000000	      0.00000000	      0.00000000	      0.00000000	      0.00000000	      0.00000000	     64.89433657	    250.97660600	      5.12080885	      0.26427174	      0.00000000	      0.04926551	      0.00000000	      0.00000000	      0.00000000	      0.00000000	      0.34020091	      0.00000000
      2.65500000	      0.00000000	      0.00000000	      0.00000000	      0.00000000	      0.00000000	      0.00000000	     64.81034595	    249.12350031	      5.17014109	      0.26433623	      0.00000000	      0.04920232	      0.00000000	      0.00000000	      0.00000000	      0.00000000	      0.34029183	      0.00000000
      2.65600000	      0.00000000	      0.00000000	      0.00000000	      0.00000000	      0.00000000	      0.00000000	     64.70097183	    247.18295425	      5.21239541	      0.26440158	      0.00000000	      0.04913712	      0.00000000	      0.00000000	      0.00000000	      0.00000000	      0.33984699	      0.00000000
      2.65700000	      0.00000000	      0.00000000	      0.00000000	      0.00000000	      0.00000000	      0.00000000	     64.56502972	    245.15164187	      5.24704711	      0.26446724	      0.00000000	      0.04906887	      0.00000000	      0.00000000	      0.00000000	      0.00000000	      0.33896519	      0.00000000
      2.65800000	      0.00000000	      0.00000000	      0.00000000	      0.00000000	      0.00000000	      0.00000000	     64.40108752	    243.02609571	      5.27358176	      0.26453260	      0.00000000	      0.04899619	      0.00000000	      0.00000000	      0.00000000	      0.00000000	      0.33776458	      0.00000000
      2.65900000	      0.00000000	      0.00000000	      0.00000000	      0.00000000	      0.00000000	      0.00000000	     64.20731385	    240.80319063	      5.29151483	      0.26459719	      0.00000000	      0.04891771	      0.00000000	      0.00000000	      0.00000000	      0.00000000	      0.33635883	      0.00000000
      2.66000000	      0.00000000	      0.00000000	      0.00000000	      0.00000000	      0.00000000	      0.00000000	     63.98138916	    238.48084405	      5.30038458	      0.26466083	      0.00000000	      0.04883231	      0.00000000	      0.00000000	      0.00000000	      0.00000000	      0.33482889	      0.00000000
